-- phpMyAdmin SQL Dump
-- version 4.6.5.2
-- https://www.phpmyadmin.net/
--
-- Servidor: 127.0.0.1
-- Tiempo de generación: 03-05-2017 a las 17:15:06
-- Versión del servidor: 10.1.21-MariaDB
-- Versión de PHP: 7.1.1

SET SQL_MODE = "NO_AUTO_VALUE_ON_ZERO";
SET time_zone = "+00:00";


/*!40101 SET @OLD_CHARACTER_SET_CLIENT=@@CHARACTER_SET_CLIENT */;
/*!40101 SET @OLD_CHARACTER_SET_RESULTS=@@CHARACTER_SET_RESULTS */;
/*!40101 SET @OLD_COLLATION_CONNECTION=@@COLLATION_CONNECTION */;
/*!40101 SET NAMES utf8mb4 */;

--
-- Base de datos: `inventarios_use`
--

-- --------------------------------------------------------

--
-- Estructura de tabla para la tabla `admins`
--

CREATE TABLE `admins` (
  `id` int(10) UNSIGNED NOT NULL,
  `token` varchar(255) COLLATE utf8_unicode_ci NOT NULL,
  `user_id` int(10) UNSIGNED NOT NULL,
  `created_at` timestamp NULL DEFAULT NULL,
  `updated_at` timestamp NULL DEFAULT NULL
) ENGINE=InnoDB DEFAULT CHARSET=utf8 COLLATE=utf8_unicode_ci;

--
-- Volcado de datos para la tabla `admins`
--

INSERT INTO `admins` (`id`, `token`, `user_id`, `created_at`, `updated_at`) VALUES
(28, '$2y$10$Dua046elBumFEKE.h34lSu0c9pLDRbLTjGjYKjW.55h.Q.e0lxOPy', 11, '2017-04-21 18:42:34', '2017-04-21 18:42:34'),
(30, '$2y$10$tFpjgqVR3RA/bQImSX4UHu9QSArOnmOo.J8MPa6bJslnIxkhiuoQK', 9, '2017-04-21 19:13:55', '2017-04-21 19:13:55'),
(31, '$2y$10$S/8xtNTVBaMosIwFEVnfeewzLGcWEfGaE4fhCLOPyzdEuV2r1TLq.', 10, '2017-04-24 19:49:40', '2017-04-24 19:49:40');

-- --------------------------------------------------------

--
-- Estructura de tabla para la tabla `areas`
--

CREATE TABLE `areas` (
  `id` int(11) NOT NULL,
  `area` varchar(255) COLLATE utf8_unicode_ci NOT NULL,
  `created_at` timestamp NULL DEFAULT NULL,
  `updated_at` timestamp NULL DEFAULT NULL
) ENGINE=InnoDB DEFAULT CHARSET=utf8 COLLATE=utf8_unicode_ci;

--
-- Volcado de datos para la tabla `areas`
--

INSERT INTO `areas` (`id`, `area`, `created_at`, `updated_at`) VALUES
(1, 'ACLARACIONES', '2017-03-31 20:20:01', NULL),
(2, 'ADMINISTRATIVA', '2017-03-31 20:20:01', NULL),
(3, 'ARCHIVO', '2017-03-31 20:20:01', NULL),
(4, 'ARCHIVO REGISTRO CIIVL', '2017-03-31 20:20:01', NULL),
(5, 'BODEGA', '2017-03-31 20:20:01', NULL),
(6, 'CURP', '2017-03-31 20:20:01', NULL),
(7, 'DIF', '2017-03-31 20:20:01', NULL),
(8, 'DIRECCION', '2017-03-31 20:20:01', NULL),
(9, 'GOBIERNO', '2017-03-31 20:20:01', NULL),
(10, 'HOSPITAL DE LA MUJER', '2017-03-31 20:20:01', NULL),
(11, 'MATRIMONIOS', '2017-03-31 20:20:01', NULL),
(12, 'NACIMIENTOS', '2017-03-31 20:20:01', NULL),
(13, 'OFICINA', '2017-03-31 20:20:01', NULL),
(14, 'REGISTRO DE NACIMIENTOS', '2017-03-31 20:20:01', NULL),
(15, 'SISTEMAS', '2017-03-31 20:20:01', NULL),
(16, 'UNIDAD ADMINISTRATIVA', '2017-03-31 20:20:01', NULL),
(17, 'OFICIALIA', '2017-04-21 20:08:52', '2017-04-21 20:08:52'),
(18, 'CAJAS', '2017-04-28 15:32:28', '2017-04-28 15:32:28'),
(19, 'PREELABORADOS', '2017-04-28 15:42:03', '2017-04-28 15:42:03'),
(20, 'BODEGA USE', '2017-04-28 16:24:58', '2017-04-28 16:24:58');

-- --------------------------------------------------------

--
-- Estructura de tabla para la tabla `caracteristicas`
--

CREATE TABLE `caracteristicas` (
  `id` int(11) NOT NULL,
  `caracteristica` varchar(255) COLLATE utf8_unicode_ci NOT NULL,
  `created_at` timestamp NULL DEFAULT NULL,
  `updated_at` timestamp NULL DEFAULT NULL
) ENGINE=InnoDB DEFAULT CHARSET=utf8 COLLATE=utf8_unicode_ci;

--
-- Volcado de datos para la tabla `caracteristicas`
--

INSERT INTO `caracteristicas` (`id`, `caracteristica`, `created_at`, `updated_at`) VALUES
(1, 'SATA-300, 2 GB RAM DDR3, AMD Athlon II X2 B24 / 3 GHz', '2017-03-31 20:19:56', NULL),
(2, '4800 x 1200 dpi', '2017-03-31 20:19:56', NULL),
(3, 'SATA-600, 4 GB RAM DDR3, AMD A series A4-5000 / 1.5 GHz', '2017-03-31 20:19:56', NULL),
(4, '15\" CTR 1024 x 768 @ 60 Hz', '2017-03-31 20:19:56', NULL),
(5, '80GB HDD, 512MB RAM, Pentium 4 / 2.8GHz', '2017-03-31 20:19:56', NULL),
(6, 'SATA-300, 2 GB RAM DDR2, AMD Athlon 64 X2 4450B / 2.3 GHz', '2017-03-31 20:19:56', NULL),
(7, 'SATA-300, 1 GB RAM DDR2, Intel Pentium 4 640 / 3.2 GHz', '2017-03-31 20:19:56', NULL),
(8, 'ATA-100, 256 MB RAM, Intel Celeron D 320 / 2.4 GHz', '2017-03-31 20:19:56', NULL),
(9, 'ATA-100, 128 MB RAM, Intel Pentium 4 / 1.8 GHz', '2017-03-31 20:19:56', NULL),
(11, '17\" TFT LCD', '2017-03-31 20:19:56', NULL),
(12, 'x4 SATA, x16 RAM DIMM, 2 CPU / 2.0 GHz', '2017-03-31 20:19:56', NULL),
(13, 'ATA-66 20GB, 128MB SDRAM, Intel® Pentium® III / 1000MHz', '2017-03-31 20:19:56', NULL),
(14, 'ATA-100, PC-133 SDRAM, Pentium 4 / 2.4 GHz (Socket 478)', '2017-03-31 20:19:56', NULL),
(15, 'Toner, Laser, 8 ppm, 600 dpi', '2017-03-31 20:19:56', NULL),
(16, 'Toner, Laser, 15 ppm, 1200 dpi', '2017-03-31 20:19:56', NULL),
(17, 'Toner, Laser, 30 ppm, 1200 dpi', '2017-03-31 20:19:56', NULL),
(18, 'Toner, Laser, 28 ppm, 1200 dpi', '2017-03-31 20:19:56', NULL),
(19, 'Toner, Laser, 17 ppm, 1200 dpi', '2017-03-31 20:19:56', NULL),
(20, 'Toner, Laser, 33 ppm, 1200 dpi', '2017-03-31 20:19:56', NULL),
(21, 'Toner, Laser, 19 ppm, 1200 dpi', '2017-03-31 20:19:56', NULL),
(22, 'Toner, Laser, 25 ppm, 1200 dpi', '2017-03-31 20:19:56', NULL),
(23, 'SATA-300, 1 GB RAM DDR2, Intel Pentium 4 641 / 3.2 GHz', '2017-03-31 20:19:56', NULL),
(24, 'Toner, Laser, 26 ppm, 1200 dpi', '2017-03-31 20:19:56', NULL),
(25, '19.5\" LCD 1440 x 900 @ 60 Hz ', '2017-03-31 20:19:56', NULL),
(26, '18.5\" LCD 1366 x 768 @ 60 Hz', '2017-03-31 20:19:56', NULL),
(27, '18.5\" LCD Iluminación de fondo LED 1366 x 768 @ 60 Hz', '2017-03-31 20:19:56', NULL),
(28, 'Color blanco, conector PS/2, sistema mecanico rueda', '2017-03-31 20:19:56', NULL),
(29, 'Color negro con gris, conector PS/2, sistema mecanico rueda', '2017-03-31 20:19:56', NULL),
(30, 'Color gris, conector PS/2, sistema mecanico rueda', '2017-03-31 20:19:56', NULL),
(31, 'Protección 37 min, capacidad 2000 va, 6 contactos', '2017-03-31 20:19:56', NULL),
(32, 'Protección 25 min, capacidad 480 va, 4 contactos', '2017-03-31 20:19:56', NULL),
(33, '4 CONTACTOS 1000 VA', '2017-03-31 20:19:56', NULL),
(34, '4 CONTACTOS 2000 VA', '2017-03-31 20:19:56', NULL),
(35, '4 CONTACTOS 500 VA', '2017-03-31 20:19:56', NULL),
(36, 'VGA 600 dpi x 2400 dpi', '2017-03-31 20:19:56', NULL),
(37, '600 dpi ', '2017-03-31 20:19:56', NULL),
(38, 'SCSI, USB tipo B, 2400 dpi x 2400 dpi', '2017-03-31 20:19:56', NULL),
(39, 'Color negro con gris, conector PS/2', '2017-03-31 20:19:56', NULL),
(40, 'Color blanco, conector PS/2', '2017-03-31 20:19:56', NULL),
(41, 'Color gris, conector PS/2', '2017-03-31 20:19:56', NULL),
(42, 'Color gris, conector PS/2, con teclas de navegación', '2017-03-31 20:19:56', NULL),
(43, 'Color gris, SCCP, IEEE 802.1Q (VLAN), IEEE 802.1p', '2017-03-31 20:19:56', NULL),
(44, 'Color gris, SCCP, IEEE 802.1Q (VLAN), IEEE 802.1p, TFTP', '2017-03-31 20:19:56', NULL),
(45, '15\" LCD 1024 x 768 at 75 Hz', '2017-03-31 20:19:56', NULL),
(46, '15\" CRT', '2017-03-31 20:19:56', NULL),
(47, '15\"', '2017-03-31 20:19:56', NULL),
(48, '17\" CRT', '2017-03-31 20:19:56', NULL),
(49, '4 CONTACTOS 500 VA, COLOR NEGRO, CON DISPLAY', '2017-03-31 20:19:56', NULL),
(50, '5 CONTACTOS 700 VA', '2017-03-31 20:19:56', NULL),
(51, '8 PUERTOS 10/100MBPS', '2017-03-31 20:19:56', NULL),
(52, '8 PUERTOS, COLOR BLANCO', '2017-03-31 20:19:56', NULL),
(53, 'COLOR BLANCO ANALOGICO', '2017-03-31 20:19:56', NULL),
(54, 'Protección 10 min, capacidad 500 VA, 4 contactos', '2017-03-31 20:19:56', NULL),
(55, 'TERMICA', '2017-03-31 20:19:56', NULL),
(56, 'DISLAY GRAFICO, ANALOGICO', '2017-03-31 20:19:56', NULL),
(57, 'DUAL ETHERNET SECURITY ROUTER CON V.92 MODEM BACKUP', '2017-03-31 20:19:56', NULL),
(58, 'Toner, Laser, 12 ppm', '2017-03-31 20:19:56', NULL),
(59, 'SATA-300, 2 GB DDR2, AMD Athlon 64 X2 QL-64 / 2.1 GHz', '2017-03-31 20:19:56', NULL),
(60, '24 PUERTOS 10/100Mbps', '2017-03-31 20:19:56', NULL),
(61, 'Ultra160 SCSI, PC133, Intel Pentium 4  / 1.7 GHz', '2017-03-31 20:19:56', NULL),
(62, 'ATA-100, 512 MB RAM, INTEL PENTIUM 4 / 2.8 GHZ', '2017-04-03 21:26:48', '2017-04-03 21:26:48'),
(63, 'LASERJET MONOCROMATICA', '2017-04-21 18:56:20', '2017-04-21 18:56:20'),
(64, '4 CONTACTOS', '2017-04-25 17:24:04', '2017-04-25 17:24:04'),
(65, 'Sin caracteristicas', '2017-04-26 16:57:09', '2017-04-26 16:57:09'),
(66, 'Pentium 4 2.8GHz, 512MB RAM, 80GB 7200rpm HDD, XP Pro', '2017-04-26 17:06:22', '2017-04-26 17:06:22'),
(67, 'Athlon 64 X2 4450B 2.3 GHz', '2017-04-26 17:08:49', '2017-04-26 17:08:49'),
(68, 'PIII 500 MHz - 64 MB - 8.4 GB', '2017-04-26 17:13:39', '2017-04-26 17:13:39'),
(69, '1000 Watts', '2017-04-26 17:19:58', '2017-04-26 17:19:58'),
(70, '280 VA', '2017-04-26 17:27:04', '2017-04-26 17:27:04'),
(71, 'IMPRESORA MULTIFUNCIONAL BLANCO Y NEGRO 15 ppm', '2017-04-26 17:31:00', '2017-04-26 17:31:00'),
(72, 'NVIDIA NVS 315 (1GB) PCIe x1,  SATA 6.0 Gb/s, SMART IV, 3.5”', '2017-04-26 17:40:30', '2017-04-26 17:40:30'),
(73, 'INCLUYE MOUSE SIN MULTILINEA', '2017-04-26 18:16:17', '2017-04-26 18:16:17'),
(74, 'C/CONEXION Y FUENTE DE PODER C/M.O', '2017-04-26 18:17:44', '2017-04-26 18:17:44'),
(75, '14\" VGA MONOCROMATICO', '2017-04-26 18:20:57', '2017-04-26 18:20:57'),
(76, '14\"', '2017-04-26 18:34:53', '2017-04-26 18:34:53'),
(77, 'ARMADO', '2017-04-26 18:38:44', '2017-04-26 18:38:44'),
(78, 'Athlon II X2 B24 3 GHz - 2 GB - 160 GB', '2017-04-26 18:40:00', '2017-04-26 18:40:00'),
(79, 'Core i5 650 3.2 GHz - 2 GB - 250 GB', '2017-04-26 18:44:12', '2017-04-26 18:44:12'),
(80, '17\"', '2017-04-26 18:57:51', '2017-04-26 18:57:51'),
(81, 'Pentium G3250 3.2 GHz - 4 GB - 500 GB', '2017-04-28 16:28:59', '2017-04-28 16:28:59'),
(82, 'IMPRESORA MULTIFUNCIONAL BLANCO Y NEGRO 40ppm', '2017-04-28 16:33:22', '2017-04-28 16:33:22'),
(83, '19.5\" LED', '2017-04-28 16:34:44', '2017-04-28 16:34:44'),
(84, '1000VA (600W) con 8 contactos Nema 5-15R', '2017-04-28 16:36:27', '2017-04-28 16:36:27');

-- --------------------------------------------------------

--
-- Estructura de tabla para la tabla `evidencias`
--

CREATE TABLE `evidencias` (
  `id` int(10) UNSIGNED NOT NULL,
  `uri` varchar(255) COLLATE utf8_unicode_ci NOT NULL,
  `file` varchar(255) COLLATE utf8_unicode_ci NOT NULL,
  `resguardo_id` int(10) UNSIGNED DEFAULT NULL,
  `created_at` timestamp NULL DEFAULT NULL,
  `updated_at` timestamp NULL DEFAULT NULL
) ENGINE=InnoDB DEFAULT CHARSET=utf8 COLLATE=utf8_unicode_ci;

-- --------------------------------------------------------

--
-- Estructura de tabla para la tabla `grupos`
--

CREATE TABLE `grupos` (
  `id` int(11) NOT NULL,
  `grupo` varchar(255) COLLATE utf8_unicode_ci NOT NULL,
  `created_at` timestamp NULL DEFAULT NULL,
  `updated_at` timestamp NULL DEFAULT NULL
) ENGINE=InnoDB DEFAULT CHARSET=utf8 COLLATE=utf8_unicode_ci;

--
-- Volcado de datos para la tabla `grupos`
--

INSERT INTO `grupos` (`id`, `grupo`, `created_at`, `updated_at`) VALUES
(1, 'Equipo de Computo', '2017-03-31 20:19:48', NULL),
(2, 'Mobiliario', '2017-04-03 20:16:55', '2017-04-03 20:16:55'),
(3, 'Maquinas de Escribir', '2017-04-06 21:06:30', '2017-04-06 21:06:30');

-- --------------------------------------------------------

--
-- Estructura de tabla para la tabla `inventarios`
--

CREATE TABLE `inventarios` (
  `id` int(10) UNSIGNED NOT NULL,
  `folio_resguardo` varchar(255) COLLATE utf8_unicode_ci DEFAULT NULL,
  `numero_inventario` bigint(50) DEFAULT NULL,
  `numero_serie` varchar(50) COLLATE utf8_unicode_ci DEFAULT NULL,
  `comentario_baja` varchar(255) COLLATE utf8_unicode_ci DEFAULT NULL,
  `fecha_baja` date DEFAULT NULL,
  `status` tinyint(1) NOT NULL DEFAULT '1',
  `modelo_id` int(11) DEFAULT NULL,
  `oficialia_id` varchar(255) COLLATE utf8_unicode_ci DEFAULT NULL,
  `area_id` int(11) DEFAULT NULL,
  `responsable_id` int(11) DEFAULT NULL,
  `resguardo_id` int(10) UNSIGNED DEFAULT NULL,
  `created_at` timestamp NULL DEFAULT NULL,
  `updated_at` timestamp NULL DEFAULT NULL
) ENGINE=InnoDB DEFAULT CHARSET=utf8 COLLATE=utf8_unicode_ci;

--
-- Volcado de datos para la tabla `inventarios`
--

INSERT INTO `inventarios` (`id`, `folio_resguardo`, `numero_inventario`, `numero_serie`, `comentario_baja`, `fecha_baja`, `status`, `modelo_id`, `oficialia_id`, `area_id`, `responsable_id`, `resguardo_id`, `created_at`, `updated_at`) VALUES
(3, NULL, 300266489, 'CNN6241213', NULL, NULL, 1, 48, '10002', 17, 78, NULL, '2017-04-25 06:00:00', '2017-04-25 06:00:00'),
(4, NULL, 300266274, 'E06H01482', NULL, NULL, 1, 32, '10002', 17, 78, NULL, '2017-04-25 06:00:00', '2017-04-25 06:00:00'),
(5, NULL, 300266392, 'MXJ63201PJ', NULL, NULL, 1, 7, '10004', 17, 144, NULL, '2017-04-25 18:35:39', '2017-04-25 18:35:39'),
(6, NULL, 300275376, 'CNN6240Y5V', NULL, NULL, 1, 48, '10004', 17, 144, NULL, '2017-04-25 18:35:39', '2017-04-25 18:35:39'),
(7, NULL, 300276138, '316A18182', NULL, NULL, 1, 54, '10005', 17, 208, NULL, '2017-04-25 18:35:39', '2017-04-25 18:35:39'),
(8, NULL, 300275384, 'CNN6240YC3', NULL, NULL, 1, 48, '10005', 17, 208, NULL, '2017-04-25 18:35:39', '2017-04-25 18:35:39'),
(9, NULL, 300276128, '316A17175', NULL, NULL, 1, 54, '10006', 17, 28, NULL, '2017-04-25 18:35:39', '2017-04-25 18:35:39'),
(10, NULL, 300238058, 'MXD532055X', NULL, NULL, 1, 8, '10006', 17, 28, NULL, '2017-04-25 18:35:39', '2017-04-25 18:35:39'),
(11, NULL, 300238030, 'MXD532054T', NULL, NULL, 1, 8, '10006', 17, 28, NULL, '2017-04-25 18:35:39', '2017-04-25 18:35:39'),
(12, NULL, 300207519, '6X2CKN9ZA1TT', NULL, NULL, 1, 9, '10006', 17, 28, NULL, '2017-04-25 18:35:39', '2017-04-25 18:35:39'),
(13, NULL, 300236030, 'E05F05562', NULL, NULL, 1, 32, '10006', 17, 28, NULL, '2017-04-25 18:35:39', '2017-04-25 18:35:39'),
(14, NULL, 300207534, '6X2CKN9ZAOSX', NULL, NULL, 1, 9, '11001', 17, 94, NULL, '2017-04-25 18:35:39', '2017-04-25 18:35:39'),
(15, NULL, 300207513, '6X2CKN9ZAIT8', NULL, NULL, 1, 9, '11001', 17, 94, NULL, '2017-04-25 18:35:39', '2017-04-25 18:35:39'),
(16, NULL, 300207497, '6X2CKN9ZA2SE', NULL, NULL, 1, 9, '11001', 17, 94, NULL, '2017-04-25 18:35:39', '2017-04-25 18:35:39'),
(17, NULL, 300207495, '6X2CKN9ZAOSN', NULL, NULL, 1, 9, '11001', 17, 94, NULL, '2017-04-25 18:35:39', '2017-04-25 18:35:39'),
(18, NULL, 300207682, 'BOFGA0227K', NULL, NULL, 1, 39, '11001', 17, 94, NULL, '2017-04-25 18:35:39', '2017-04-25 18:35:39'),
(19, NULL, 300207676, 'BOFGA024S4', NULL, NULL, 1, 39, '11001', 17, 94, NULL, '2017-04-25 18:35:39', '2017-04-25 18:35:39'),
(20, NULL, 300207673, 'BOFGA024TF', NULL, NULL, 1, 39, '11001', 17, 94, NULL, '2017-04-25 18:35:39', '2017-04-25 18:35:39'),
(21, NULL, 300207637, 'BOFGA0251E', NULL, NULL, 1, 39, '11001', 17, 94, NULL, '2017-04-25 18:35:39', '2017-04-25 18:35:39'),
(22, NULL, 300206074, '9K11504682B', NULL, NULL, 1, 41, '11001', 17, 94, NULL, '2017-04-25 18:35:39', '2017-04-25 18:35:39'),
(23, NULL, 300207826, 'E03A15959', NULL, NULL, 1, 32, '11001', 17, 94, NULL, '2017-04-25 18:35:39', '2017-04-25 18:35:39'),
(24, NULL, 300207822, 'E03A14584', NULL, NULL, 1, 32, '11001', 17, 94, NULL, '2017-04-25 18:35:39', '2017-04-25 18:35:39'),
(25, NULL, 300207810, 'E03A91579', NULL, NULL, 1, 32, '11001', 17, 94, NULL, '2017-04-25 18:35:39', '2017-04-25 18:35:39'),
(26, NULL, 300207786, 'E03A91593', NULL, NULL, 1, 32, '11001', 17, 94, NULL, '2017-04-25 18:35:39', '2017-04-25 18:35:39'),
(27, NULL, 300266356, 'MXJ62902PC', NULL, NULL, 1, 7, '11002', 17, 97, NULL, '2017-04-25 18:35:39', '2017-04-25 18:35:39'),
(28, NULL, 300207480, '6X2CKN9ZA103', NULL, NULL, 1, 9, '11002', 17, 97, NULL, '2017-04-25 18:35:39', '2017-04-25 18:35:39'),
(29, NULL, 300207642, 'BOFGA024UE', NULL, NULL, 1, 39, '11002', 17, 97, NULL, '2017-04-25 18:35:39', '2017-04-25 18:35:39'),
(30, NULL, 300266244, 'CNGKM05121', NULL, NULL, 1, 18, '11002', 17, 97, NULL, '2017-04-25 18:35:39', '2017-04-25 18:35:39'),
(31, NULL, 300266497, 'CNN624120Z', NULL, NULL, 1, 48, '11002', 17, 97, NULL, '2017-04-25 18:35:39', '2017-04-25 18:35:39'),
(32, NULL, 300266271, 'E06H01502', NULL, NULL, 1, 32, '11002', 17, 97, NULL, '2017-04-25 18:35:39', '2017-04-25 18:35:39'),
(33, NULL, 300266260, 'E06H01500', NULL, NULL, 1, 32, '11002', 17, 97, NULL, '2017-04-25 18:35:39', '2017-04-25 18:35:39'),
(34, NULL, 300266440, 'MXJ629055P', NULL, NULL, 1, 7, '11004', 17, NULL, NULL, '2017-04-25 18:35:39', '2017-04-25 18:35:39'),
(35, NULL, 300232439, 'CNBGG50645', NULL, NULL, 1, 22, '11004', 17, NULL, NULL, '2017-04-25 18:35:39', '2017-04-25 18:35:39'),
(36, NULL, 300275387, 'CNN6240XY3', NULL, NULL, 1, 48, '11004', 17, NULL, NULL, '2017-04-25 18:35:39', '2017-04-25 18:35:39'),
(37, NULL, 300238090, 'MXD532054X', NULL, NULL, 1, 8, '11006', 17, 136, NULL, '2017-04-25 18:35:39', '2017-04-25 18:35:39'),
(38, NULL, 300238086, 'MXD532055B', NULL, NULL, 1, 8, '11006', 17, 136, NULL, '2017-04-25 18:35:39', '2017-04-25 18:35:39'),
(39, NULL, 300238082, 'MXD5320561', NULL, NULL, 1, 8, '11006', 17, 136, NULL, '2017-04-25 18:35:39', '2017-04-25 18:35:39'),
(40, NULL, 300238091, 'CNC5202954', NULL, NULL, 1, 4, '11006', 17, 136, NULL, '2017-04-25 18:35:39', '2017-04-25 18:35:39'),
(41, NULL, 300238083, 'CNC520294Z', NULL, NULL, 1, 4, '11006', 17, 136, NULL, '2017-04-25 18:35:39', '2017-04-25 18:35:39'),
(42, NULL, 300236036, 'E05H09081', NULL, NULL, 1, 32, '11006', 17, 136, NULL, '2017-04-25 18:35:39', '2017-04-25 18:35:39'),
(43, NULL, 300266364, 'MXJ63201P8', NULL, NULL, 1, 7, '11009', 17, 198, NULL, '2017-04-25 18:35:39', '2017-04-25 18:35:39'),
(44, NULL, 300207475, '6X2CKN9ZA2CS', NULL, NULL, 1, 9, '11009', 17, 198, NULL, '2017-04-25 18:35:39', '2017-04-25 18:35:39'),
(45, NULL, 300207685, 'BOFGA024UO', NULL, NULL, 1, 39, '11009', 17, 198, NULL, '2017-04-25 18:35:39', '2017-04-25 18:35:39'),
(46, NULL, 300232437, 'CNBGG94956', NULL, NULL, 1, 22, '11009', 17, 198, NULL, '2017-04-25 18:35:39', '2017-04-25 18:35:39'),
(47, NULL, 300269777, 'YJ9W710153936', NULL, NULL, 1, 52, '11009', 17, 198, NULL, '2017-04-25 18:35:39', '2017-04-25 18:35:39'),
(48, NULL, 300275368, 'CNN6451XUO', NULL, NULL, 1, 48, '11009', 17, 198, NULL, '2017-04-25 18:35:39', '2017-04-25 18:35:39'),
(49, NULL, 300207529, '6X2CKN9ZA2A2', NULL, NULL, 1, 9, '11010', 17, 117, NULL, '2017-04-25 18:35:39', '2017-04-25 18:35:39'),
(50, NULL, 300207528, '6X2CKN9ZAOTB', NULL, NULL, 1, 9, '11010', 17, 117, NULL, '2017-04-25 18:35:39', '2017-04-25 18:35:39'),
(51, NULL, 300207675, 'BOFGA024TO', NULL, NULL, 1, 39, '11010', 17, 117, NULL, '2017-04-25 18:35:39', '2017-04-25 18:35:39'),
(52, NULL, 300207781, 'E03A91495', NULL, NULL, 1, 32, '11010', 17, 117, NULL, '2017-04-25 18:35:39', '2017-04-25 18:35:39'),
(53, NULL, 300275578, '316A17849', NULL, NULL, 1, 54, '12002', 17, 39, NULL, '2017-04-25 18:35:39', '2017-04-25 18:35:39'),
(54, NULL, 300275573, '316A18046', NULL, NULL, 1, 54, '12002', 17, 39, NULL, '2017-04-25 18:35:39', '2017-04-25 18:35:39'),
(55, NULL, 300275569, '316A17789', NULL, NULL, 1, 54, '12002', 17, 39, NULL, '2017-04-25 18:35:39', '2017-04-25 18:35:39'),
(56, NULL, 300275568, '316A17791', NULL, NULL, 1, 54, '12002', 17, 39, NULL, '2017-04-25 18:35:39', '2017-04-25 18:35:39'),
(57, NULL, 300275555, '316A18132', NULL, NULL, 1, 54, '12002', 17, 39, NULL, '2017-04-25 18:35:39', '2017-04-25 18:35:39'),
(58, NULL, 300276136, '316A17176', NULL, NULL, 1, 54, '12002', 17, 39, NULL, '2017-04-25 18:35:39', '2017-04-25 18:35:39'),
(59, NULL, 300207505, '6X2CKN9ZA12H', NULL, NULL, 1, 9, '12002', 17, 39, NULL, '2017-04-25 18:35:39', '2017-04-25 18:35:39'),
(60, NULL, 300207499, '6X2CKN9ZA2A4', NULL, NULL, 1, 9, '12002', 17, 39, NULL, '2017-04-25 18:35:39', '2017-04-25 18:35:39'),
(61, NULL, 300207491, '6X2CKN9ZAODJ', NULL, NULL, 1, 9, '12002', 17, 39, NULL, '2017-04-25 18:35:39', '2017-04-25 18:35:39'),
(62, NULL, 300207482, '6X2CKN9ZA2A3', NULL, NULL, 1, 9, '12002', 17, 39, NULL, '2017-04-25 18:35:39', '2017-04-25 18:35:39'),
(63, NULL, 300207667, 'BOFGA0253B', NULL, NULL, 1, 39, '12002', 17, 39, NULL, '2017-04-25 18:35:39', '2017-04-25 18:35:39'),
(64, NULL, 300207647, 'BOFGA02129', NULL, NULL, 1, 39, '12002', 17, 39, NULL, '2017-04-25 18:35:39', '2017-04-25 18:35:39'),
(65, NULL, 300207638, 'BOFGA024QP', NULL, NULL, 1, 39, '12002', 17, 39, NULL, '2017-04-25 18:35:39', '2017-04-25 18:35:39'),
(66, NULL, 300207632, 'BOFGA024TG', NULL, NULL, 1, 39, '12002', 17, 39, NULL, '2017-04-25 18:35:39', '2017-04-25 18:35:39'),
(67, NULL, 300207630, 'BOFGA024SZ', NULL, NULL, 1, 39, '12002', 17, 39, NULL, '2017-04-25 18:35:39', '2017-04-25 18:35:39'),
(68, NULL, 300207626, 'BOFGA02113', NULL, NULL, 1, 39, '12002', 17, 39, NULL, '2017-04-25 18:35:39', '2017-04-25 18:35:39'),
(69, NULL, 300205359, '9103042213B', NULL, NULL, 1, 41, '12002', 17, 39, NULL, '2017-04-25 18:35:39', '2017-04-25 18:35:39'),
(70, NULL, 300207818, 'E03A14607', NULL, NULL, 1, 32, '12002', 17, 39, NULL, '2017-04-25 18:35:39', '2017-04-25 18:35:39'),
(71, NULL, 300207799, 'E03A14681', NULL, NULL, 1, 32, '12002', 17, 39, NULL, '2017-04-25 18:35:39', '2017-04-25 18:35:39'),
(72, NULL, 300207793, 'E03A91587', NULL, NULL, 1, 32, '12002', 17, 39, NULL, '2017-04-25 18:35:39', '2017-04-25 18:35:39'),
(73, NULL, 300207530, '6X2CKN9ZAOA8', NULL, NULL, 1, 9, '12009', 17, 63, NULL, '2017-04-25 18:35:39', '2017-04-25 18:35:39'),
(74, NULL, 300207509, '6X2CKN9ZAOYV', NULL, NULL, 1, 9, '12009', 17, 63, NULL, '2017-04-25 18:35:39', '2017-04-25 18:35:39'),
(75, NULL, 300207507, '6X2CKN9ZA2SN', NULL, NULL, 1, 9, '12009', 17, 63, NULL, '2017-04-25 18:35:39', '2017-04-25 18:35:39'),
(76, NULL, 300207498, '6X2CKN9ZA2SJ', NULL, NULL, 1, 9, '12009', 17, 63, NULL, '2017-04-25 18:35:39', '2017-04-25 18:35:39'),
(77, NULL, 300207490, '6X2CKN9ZAOAY', NULL, NULL, 1, 9, '12009', 17, 63, NULL, '2017-04-25 18:35:39', '2017-04-25 18:35:39'),
(78, NULL, 300207485, '6X2CKN9ZAIXL', NULL, NULL, 1, 9, '12009', 17, 63, NULL, '2017-04-25 18:35:39', '2017-04-25 18:35:39'),
(79, NULL, 300207678, 'BOFGA024S3', NULL, NULL, 1, 39, '12009', 17, 63, NULL, '2017-04-25 18:35:39', '2017-04-25 18:35:39'),
(80, NULL, 300207666, 'BOFGA02535', NULL, NULL, 1, 39, '12009', 17, 63, NULL, '2017-04-25 18:35:39', '2017-04-25 18:35:39'),
(81, NULL, 300207653, 'BOFGA024X0', NULL, NULL, 1, 39, '12009', 17, 63, NULL, '2017-04-25 18:35:39', '2017-04-25 18:35:39'),
(82, NULL, 300207641, 'BOFGA024S8', NULL, NULL, 1, 39, '12009', 17, 63, NULL, '2017-04-25 18:35:39', '2017-04-25 18:35:39'),
(83, NULL, 300207633, 'BOFGA021V4', NULL, NULL, 1, 39, '12009', 17, 63, NULL, '2017-04-25 18:35:39', '2017-04-25 18:35:39'),
(84, NULL, 300205352, '9K11504687B', NULL, NULL, 1, 41, '12009', 17, 63, NULL, '2017-04-25 18:35:39', '2017-04-25 18:35:39'),
(85, NULL, 300207821, 'E03A14585', NULL, NULL, 1, 32, '12009', 17, 63, NULL, '2017-04-25 18:35:39', '2017-04-25 18:35:39'),
(86, NULL, 300238102, 'MXD532056S', NULL, NULL, 1, 8, '13001', 17, NULL, NULL, '2017-04-25 18:35:39', '2017-04-25 18:35:39'),
(87, NULL, 300238098, 'MXD5320558', NULL, NULL, 1, 8, '13001', 17, NULL, NULL, '2017-04-25 18:35:39', '2017-04-25 18:35:39'),
(88, NULL, 300238094, 'MXD5320559', NULL, NULL, 1, 8, '13001', 17, NULL, NULL, '2017-04-25 18:35:39', '2017-04-25 18:35:39'),
(89, NULL, 300238103, 'CNC5202945', NULL, NULL, 1, 4, '13001', 17, NULL, NULL, '2017-04-25 18:35:39', '2017-04-25 18:35:39'),
(90, NULL, 300238099, 'CNC52021R9', NULL, NULL, 1, 4, '13001', 17, NULL, NULL, '2017-04-25 18:35:39', '2017-04-25 18:35:39'),
(91, NULL, 300236054, 'E05H09072', NULL, NULL, 1, 32, '13001', 17, NULL, NULL, '2017-04-25 18:35:39', '2017-04-25 18:35:39'),
(92, NULL, 300236046, 'E05H09077', NULL, NULL, 1, 32, '13001', 17, NULL, NULL, '2017-04-25 18:35:39', '2017-04-25 18:35:39'),
(93, NULL, 300266468, 'MXJ62902R1', NULL, NULL, 1, 7, '13004', 17, 103, NULL, '2017-04-25 18:35:39', '2017-04-25 18:35:39'),
(94, NULL, 300266456, 'MXJ63201P6', NULL, NULL, 1, 7, '13004', 17, 103, NULL, '2017-04-25 18:35:39', '2017-04-25 18:35:39'),
(95, NULL, 300207516, '6X2CKN9ZAOPR', NULL, NULL, 1, 9, '13004', 17, 103, NULL, '2017-04-25 18:35:39', '2017-04-25 18:35:39'),
(96, NULL, 300207681, 'BOFGA021Z8', NULL, NULL, 1, 39, '13004', 17, 103, NULL, '2017-04-25 18:35:39', '2017-04-25 18:35:39'),
(97, NULL, 300266239, 'CNGKM05118', NULL, NULL, 1, 18, '13004', 17, 103, NULL, '2017-04-25 18:35:39', '2017-04-25 18:35:39'),
(98, NULL, 300269776, 'YJ9W710155426', NULL, NULL, 1, 52, '13004', 17, 103, NULL, '2017-04-25 18:35:39', '2017-04-25 18:35:39'),
(99, NULL, 300266445, 'CNN624120X', NULL, NULL, 1, 48, '13004', 17, 103, NULL, '2017-04-25 18:35:39', '2017-04-25 18:35:39'),
(100, NULL, 300266277, 'E06H01487', NULL, NULL, 1, 32, '13004', 17, 103, NULL, '2017-04-25 18:35:39', '2017-04-25 18:35:39'),
(101, NULL, 300266276, 'E06H01496', NULL, NULL, 1, 32, '13004', 17, 103, NULL, '2017-04-25 18:35:39', '2017-04-25 18:35:39'),
(102, NULL, 300238062, 'MXD532055M', NULL, NULL, 1, 8, '14001', 17, 87, NULL, '2017-04-25 18:35:39', '2017-04-25 18:35:39'),
(103, NULL, 300236044, 'E05H09074', NULL, NULL, 1, 32, '14001', 17, 87, NULL, '2017-04-25 18:35:39', '2017-04-25 18:35:39'),
(104, NULL, 300207489, '6X2CKN9ZA365', NULL, NULL, 1, 9, '15001', 17, 191, NULL, '2017-04-25 18:35:39', '2017-04-25 18:35:39'),
(105, NULL, 300207664, 'BOFGA024QQ', NULL, NULL, 1, 39, '15001', 17, 191, NULL, '2017-04-25 18:35:39', '2017-04-25 18:35:39'),
(106, NULL, 300207661, 'BOFGA0256D', NULL, NULL, 1, 39, '15001', 17, 191, NULL, '2017-04-25 18:35:39', '2017-04-25 18:35:39'),
(107, NULL, 300207635, 'BOFGA024YM', NULL, NULL, 1, 39, '15001', 17, 191, NULL, '2017-04-25 18:35:39', '2017-04-25 18:35:39'),
(108, NULL, 300206109, '9K11501538B', NULL, NULL, 1, 41, '15001', 17, 191, NULL, '2017-04-25 18:35:39', '2017-04-25 18:35:39'),
(109, NULL, 300276135, '316A17691', NULL, NULL, 1, 54, '15002', 17, 212, NULL, '2017-04-25 18:35:39', '2017-04-25 18:35:39'),
(110, NULL, 300206102, 'CNGRG97116', NULL, NULL, 1, 21, '15002', 17, 212, NULL, '2017-04-25 18:35:39', '2017-04-25 18:35:39'),
(111, NULL, 300275375, 'CNN6240XBF', NULL, NULL, 1, 48, '15002', 17, 212, NULL, '2017-04-25 18:35:39', '2017-04-25 18:35:39'),
(112, NULL, 300238106, 'MXD532056B', NULL, NULL, 1, 8, '16001', 17, 80, NULL, '2017-04-25 18:35:39', '2017-04-25 18:35:39'),
(113, NULL, 300238122, 'DXMD532058P', NULL, NULL, 1, 8, '17001', 17, 143, NULL, '2017-04-25 18:35:39', '2017-04-25 18:35:39'),
(114, NULL, 300238118, 'DXMD532055J', NULL, NULL, 1, 8, '17001', 17, 143, NULL, '2017-04-25 18:35:39', '2017-04-25 18:35:39'),
(115, NULL, 300238114, 'DXMD5320550', NULL, NULL, 1, 8, '17001', 17, 143, NULL, '2017-04-25 18:35:39', '2017-04-25 18:35:39'),
(116, NULL, 300238123, 'CNC520294T', NULL, NULL, 1, 4, '17001', 17, 143, NULL, '2017-04-25 18:35:39', '2017-04-25 18:35:39'),
(117, NULL, 300238119, 'CNC520294H', NULL, NULL, 1, 4, '17001', 17, 143, NULL, '2017-04-25 18:35:39', '2017-04-25 18:35:39'),
(118, NULL, 300238115, 'CNC5202950', NULL, NULL, 1, 4, '17001', 17, 143, NULL, '2017-04-25 18:35:39', '2017-04-25 18:35:39'),
(119, NULL, 300236039, 'E05H09063', NULL, NULL, 1, 32, '17001', 17, 143, NULL, '2017-04-25 18:35:39', '2017-04-25 18:35:39'),
(120, NULL, 300266444, 'MXJ63201P2', NULL, NULL, 1, 7, '17006', 17, 168, NULL, '2017-04-25 18:35:39', '2017-04-25 18:35:39'),
(121, NULL, 300207634, 'BOFGA024UW', NULL, NULL, 1, 39, '17006', 17, 168, NULL, '2017-04-25 18:35:39', '2017-04-25 18:35:39'),
(122, NULL, 300269774, 'YJ9W710155357', NULL, NULL, 1, 52, '17006', 17, 168, NULL, '2017-04-25 18:35:39', '2017-04-25 18:35:39'),
(123, NULL, 300275380, 'CNN6240ZPQ', NULL, NULL, 1, 48, '17006', 17, 168, NULL, '2017-04-25 18:35:39', '2017-04-25 18:35:39'),
(124, NULL, 300207531, '6X2CKN9ZAI5A', NULL, NULL, 1, 9, '18001', 17, 207, NULL, '2017-04-25 18:35:39', '2017-04-25 18:35:39'),
(125, NULL, 300207525, '6X2CKN9ZAIAO', NULL, NULL, 1, 9, '18001', 17, 207, NULL, '2017-04-25 18:35:39', '2017-04-25 18:35:39'),
(126, NULL, 300207524, '6X2CKN9ZAI2C', NULL, NULL, 1, 9, '18001', 17, 207, NULL, '2017-04-25 18:35:39', '2017-04-25 18:35:39'),
(127, NULL, 300207508, '6X2CKN9ZA104', NULL, NULL, 1, 9, '18001', 17, 207, NULL, '2017-04-25 18:35:39', '2017-04-25 18:35:39'),
(128, NULL, 300207665, 'BOFGA020X5', NULL, NULL, 1, 39, '18001', 17, 207, NULL, '2017-04-25 18:35:39', '2017-04-25 18:35:39'),
(129, NULL, 300207660, 'BOFGA024ST', NULL, NULL, 1, 39, '18001', 17, 207, NULL, '2017-04-25 18:35:39', '2017-04-25 18:35:39'),
(130, NULL, 300207656, 'BOFGA024WQ', NULL, NULL, 1, 39, '18001', 17, 207, NULL, '2017-04-25 18:35:39', '2017-04-25 18:35:39'),
(131, NULL, 300266250, 'CNGKM05124', NULL, NULL, 1, 18, '18001', 17, 207, NULL, '2017-04-25 18:35:39', '2017-04-25 18:35:39'),
(132, NULL, 300207804, 'E03A14593', NULL, NULL, 1, 32, '18001', 17, 207, NULL, '2017-04-25 18:35:39', '2017-04-25 18:35:39'),
(133, NULL, 300342238, 'FCH1232A072', NULL, NULL, 1, 43, '18001', 17, 207, NULL, '2017-04-25 18:35:39', '2017-04-25 18:35:39'),
(134, NULL, 300266492, 'MXJ63201P7', NULL, NULL, 1, 7, '18002', 17, 13, NULL, '2017-04-25 18:35:39', '2017-04-25 18:35:39'),
(135, NULL, 300266405, 'CNN624121C', NULL, NULL, 1, 48, '18002', 17, 13, NULL, '2017-04-25 18:35:39', '2017-04-25 18:35:39'),
(136, NULL, 300266408, 'MXJ63201N8', NULL, NULL, 1, 7, '18004', 17, 180, NULL, '2017-04-25 18:35:39', '2017-04-25 18:35:39'),
(137, NULL, 300266389, 'CNN62412F2', NULL, NULL, 1, 48, '18004', 17, 180, NULL, '2017-04-25 18:35:39', '2017-04-25 18:35:39'),
(138, NULL, 300266372, 'MXJ63201QB', NULL, NULL, 1, 7, '01001', 17, 34, NULL, '2017-04-25 18:35:39', '2017-04-25 18:35:39'),
(139, NULL, 300207628, 'BOFGA024WT', NULL, NULL, 1, 39, '01001', 17, 34, NULL, '2017-04-25 18:35:39', '2017-04-25 18:35:39'),
(140, NULL, 300266369, 'CNN62412FQ', NULL, NULL, 1, 48, '01001', 17, 34, NULL, '2017-04-25 18:35:39', '2017-04-25 18:35:39'),
(141, NULL, 300266294, 'E06H01484', NULL, NULL, 1, 32, '01001', 17, 34, NULL, '2017-04-25 18:35:39', '2017-04-25 18:35:39'),
(142, NULL, 300266270, 'E06H01516', NULL, NULL, 1, 32, '01001', 17, 34, NULL, '2017-04-25 18:35:39', '2017-04-25 18:35:39'),
(143, NULL, 300276133, '316A17581', NULL, NULL, 1, 54, '01002', 17, 78, NULL, '2017-04-25 18:35:39', '2017-04-25 18:35:39'),
(144, NULL, 300266452, 'MXJ63201P4', NULL, NULL, 1, 7, '01002', 17, 78, NULL, '2017-04-25 18:35:39', '2017-04-25 18:35:39'),
(145, NULL, 300207492, '6X2CKN9ZA098', NULL, NULL, 1, 9, '01002', 17, 78, NULL, '2017-04-25 18:35:39', '2017-04-25 18:35:39'),
(146, NULL, 300207662, 'BOFGA020X3', NULL, NULL, 1, 39, '01002', 17, 78, NULL, '2017-04-25 18:35:39', '2017-04-25 18:35:39'),
(147, NULL, 300266481, 'CNN62412F9', NULL, NULL, 1, 48, '01002', 17, 78, NULL, '2017-04-25 18:35:39', '2017-04-25 18:35:39'),
(148, NULL, 300275575, '316A18111', NULL, NULL, 1, 54, '01003', 17, 160, NULL, '2017-04-25 18:35:39', '2017-04-25 18:35:39'),
(149, NULL, 300275574, '316A18109', NULL, NULL, 1, 54, '01003', 17, 160, NULL, '2017-04-25 18:35:39', '2017-04-25 18:35:39'),
(150, NULL, 300275564, '316A18053', NULL, NULL, 1, 54, '01003', 17, 160, NULL, '2017-04-25 18:35:39', '2017-04-25 18:35:39'),
(151, NULL, 300275546, '316A18276', NULL, NULL, 1, 54, '01003', 17, 160, NULL, '2017-04-25 18:35:39', '2017-04-25 18:35:39'),
(152, NULL, 300275545, '316A18102', NULL, NULL, 1, 54, '01003', 17, 160, NULL, '2017-04-25 18:35:39', '2017-04-25 18:35:39'),
(153, NULL, 300195848, 'W0187462', NULL, NULL, 1, 53, '01003', 17, 160, NULL, '2017-04-25 18:35:39', '2017-04-25 18:35:39'),
(154, NULL, 300207546, '6X2CKN9ZAOCB', NULL, NULL, 1, 9, '01003', 17, 160, NULL, '2017-04-25 18:35:39', '2017-04-25 18:35:39'),
(155, NULL, 300207518, '6X2CKN9ZA35T', NULL, NULL, 1, 9, '01003', 17, 160, NULL, '2017-04-25 18:35:39', '2017-04-25 18:35:39'),
(156, NULL, 300207515, '6X2CKN9ZAOPG', NULL, NULL, 1, 9, '01003', 17, 160, NULL, '2017-04-25 18:35:39', '2017-04-25 18:35:39'),
(157, NULL, 300207510, '6X2CKN9ZAOZY', NULL, NULL, 1, 9, '01003', 17, 160, NULL, '2017-04-25 18:35:39', '2017-04-25 18:35:39'),
(158, NULL, 300207479, '6X2CKN9ZAIFJ', NULL, NULL, 1, 9, '01003', 17, 160, NULL, '2017-04-25 18:35:39', '2017-04-25 18:35:39'),
(159, NULL, 300207694, 'BOFGA02452', NULL, NULL, 1, 39, '01003', 17, 160, NULL, '2017-04-25 18:35:39', '2017-04-25 18:35:39'),
(160, NULL, 300207669, 'BOFGA024TJ', NULL, NULL, 1, 39, '01003', 17, 160, NULL, '2017-04-25 18:35:39', '2017-04-25 18:35:39'),
(161, NULL, 300207659, 'BOFGA020X2', NULL, NULL, 1, 39, '01003', 17, 160, NULL, '2017-04-25 18:35:39', '2017-04-25 18:35:39'),
(162, NULL, 300207652, 'BOFGA024S5', NULL, NULL, 1, 39, '01003', 17, 160, NULL, '2017-04-25 18:35:39', '2017-04-25 18:35:39'),
(163, NULL, 300207627, 'BOFGA02533', NULL, NULL, 1, 39, '01003', 17, 160, NULL, '2017-04-25 18:35:39', '2017-04-25 18:35:39'),
(164, NULL, 300207461, '1K25802071B', NULL, NULL, 1, 41, '01003', 17, 160, NULL, '2017-04-25 18:35:39', '2017-04-25 18:35:39'),
(165, NULL, 300206072, '9K11501537B', NULL, NULL, 1, 41, '01003', 17, 160, NULL, '2017-04-25 18:35:39', '2017-04-25 18:35:39'),
(166, NULL, 300205354, '9K11504014B', NULL, NULL, 1, 41, '01003', 17, 160, NULL, '2017-04-25 18:35:39', '2017-04-25 18:35:39'),
(167, NULL, 300206110, 'LZE94507931', NULL, NULL, 1, 30, '01003', 17, 160, NULL, '2017-04-25 18:35:39', '2017-04-25 18:35:39'),
(168, NULL, 300167702, '99122908', NULL, NULL, 1, 12, '01003', 17, 160, NULL, '2017-04-25 18:35:39', '2017-04-25 18:35:39'),
(169, NULL, 300188181, '5167704740063', NULL, NULL, 1, 42, '01003', 17, 160, NULL, '2017-04-25 18:35:39', '2017-04-25 18:35:39'),
(170, NULL, 300207805, 'E03A14688', NULL, NULL, 1, 32, '01003', 17, 160, NULL, '2017-04-25 18:35:39', '2017-04-25 18:35:39'),
(171, NULL, 300342268, 'FCH1232A045', NULL, NULL, 1, 43, '01003', 17, 160, NULL, '2017-04-25 18:35:39', '2017-04-25 18:35:39'),
(172, NULL, 300276141, '316A17582', NULL, NULL, 1, 54, '01005', 17, 208, NULL, '2017-04-25 18:35:39', '2017-04-25 18:35:39'),
(173, NULL, 300266428, 'MXJ63201N6', NULL, NULL, 1, 7, '01005', 17, 208, NULL, '2017-04-25 18:35:39', '2017-04-25 18:35:39'),
(174, NULL, 300269780, 'YJ9W710154691', NULL, NULL, 1, 52, '01005', 17, 208, NULL, '2017-04-25 18:35:39', '2017-04-25 18:35:39'),
(175, NULL, 300266381, 'CNN62412FV', NULL, NULL, 1, 48, '01005', 17, 208, NULL, '2017-04-25 18:35:39', '2017-04-25 18:35:39'),
(176, NULL, 300266472, 'MXJ628039Y', NULL, NULL, 1, 7, '01006', 17, 28, NULL, '2017-04-25 18:35:39', '2017-04-25 18:35:39'),
(177, NULL, 300207504, '6X2CKN9ZAOTO', NULL, NULL, 1, 9, '01006', 17, 28, NULL, '2017-04-25 18:35:39', '2017-04-25 18:35:39'),
(178, NULL, 300207695, 'BOFGA0247K', NULL, NULL, 1, 39, '01006', 17, 28, NULL, '2017-04-25 18:35:39', '2017-04-25 18:35:39'),
(179, NULL, 300269779, 'YJ9W710154143', NULL, NULL, 1, 52, '01006', 17, 28, NULL, '2017-04-25 18:35:39', '2017-04-25 18:35:39'),
(180, NULL, 300266377, 'CNN62412FB', NULL, NULL, 1, 48, '01006', 17, 28, NULL, '2017-04-25 18:35:39', '2017-04-25 18:35:39'),
(181, NULL, 300266296, 'E06H01491', NULL, NULL, 1, 32, '01006', 17, 28, NULL, '2017-04-25 18:35:39', '2017-04-25 18:35:39'),
(182, NULL, 300266295, 'E06H01504', NULL, NULL, 1, 32, '01006', 17, 28, NULL, '2017-04-25 18:35:39', '2017-04-25 18:35:39'),
(183, NULL, 300275610, 'FTX1103Z0RQ', NULL, NULL, 1, 64, '01008', 17, 134, NULL, '2017-04-25 18:35:39', '2017-04-25 18:35:39'),
(184, NULL, 300275577, '316A18112', NULL, NULL, 1, 54, '01008', 17, 134, NULL, '2017-04-25 18:35:39', '2017-04-25 18:35:39'),
(185, NULL, 300275576, '316A18110', NULL, NULL, 1, 54, '01008', 17, 134, NULL, '2017-04-25 18:35:39', '2017-04-25 18:35:39'),
(186, NULL, 300341351, '1291004', NULL, NULL, 1, 50, '01008', 17, 134, NULL, '2017-04-25 18:35:39', '2017-04-25 18:35:39'),
(187, NULL, 300207548, '6X2CKN9ZA2SI', NULL, NULL, 1, 9, '01008', 17, 134, NULL, '2017-04-25 18:35:39', '2017-04-25 18:35:39'),
(188, NULL, 300207547, '6X2CKN9ZA2M7', NULL, NULL, 1, 9, '01008', 17, 134, NULL, '2017-04-25 18:35:39', '2017-04-25 18:35:39'),
(189, NULL, 300207696, 'BOFGA020XI', NULL, NULL, 1, 39, '01008', 17, 134, NULL, '2017-04-25 18:35:39', '2017-04-25 18:35:39'),
(190, NULL, 300207640, 'BOFGA021Z3', NULL, NULL, 1, 39, '01008', 17, 134, NULL, '2017-04-25 18:35:39', '2017-04-25 18:35:39'),
(191, NULL, 300207639, 'BOFGA02459', NULL, NULL, 1, 39, '01008', 17, 134, NULL, '2017-04-25 18:35:39', '2017-04-25 18:35:39'),
(192, NULL, 300207629, 'BOFGA024C2', NULL, NULL, 1, 39, '01008', 17, 134, NULL, '2017-04-25 18:35:39', '2017-04-25 18:35:39'),
(193, NULL, 300206071, '9K11503400', NULL, NULL, 1, 41, '01008', 17, 134, NULL, '2017-04-25 18:35:39', '2017-04-25 18:35:39'),
(194, NULL, 300205355, '9K11504774B', NULL, NULL, 1, 41, '01008', 17, 134, NULL, '2017-04-25 18:35:39', '2017-04-25 18:35:39'),
(195, NULL, 300206017, 'LZE94236361', NULL, NULL, 1, 30, '01008', 17, 134, NULL, '2017-04-25 18:35:39', '2017-04-25 18:35:39'),
(196, NULL, 300206016, 'LZE93810225', NULL, NULL, 1, 30, '01008', 17, 134, NULL, '2017-04-25 18:35:39', '2017-04-25 18:35:39'),
(197, NULL, 300207800, 'E03A14590', NULL, NULL, 1, 32, '01008', 17, 134, NULL, '2017-04-25 18:35:39', '2017-04-25 18:35:39'),
(198, NULL, 300207783, 'E03A91583', NULL, NULL, 1, 32, '01008', 17, 134, NULL, '2017-04-25 18:35:39', '2017-04-25 18:35:39'),
(199, NULL, 300275541, '316A17746', NULL, NULL, 1, 54, '01009', 17, 14, NULL, '2017-04-25 18:35:39', '2017-04-25 18:35:39'),
(200, NULL, 300207486, '6X2CKN9ZA0BT', NULL, NULL, 1, 9, '01009', 17, 14, NULL, '2017-04-25 18:35:39', '2017-04-25 18:35:39'),
(201, NULL, 300207671, 'BOFGA02534', NULL, NULL, 1, 39, '01009', 17, 14, NULL, '2017-04-25 18:35:39', '2017-04-25 18:35:39'),
(202, NULL, 300205353, '9K11403753B', NULL, NULL, 1, 41, '01009', 17, 14, NULL, '2017-04-25 18:35:39', '2017-04-25 18:35:39'),
(203, NULL, 300237998, 'MXD532054Z', NULL, NULL, 1, 8, '02001', 17, 121, NULL, '2017-04-25 18:35:39', '2017-04-25 18:35:39'),
(204, NULL, 300237994, 'MXD532054R', NULL, NULL, 1, 8, '02001', 17, 121, NULL, '2017-04-25 18:35:39', '2017-04-25 18:35:39'),
(205, NULL, 300237990, 'MXD532056K', NULL, NULL, 1, 8, '02001', 17, 121, NULL, '2017-04-25 18:35:39', '2017-04-25 18:35:39'),
(206, NULL, 300237999, 'CNC5202952', NULL, NULL, 1, 4, '02001', 17, 121, NULL, '2017-04-25 18:35:39', '2017-04-25 18:35:39'),
(207, NULL, 300237991, 'CNC52021RG', NULL, NULL, 1, 4, '02001', 17, 121, NULL, '2017-04-25 18:35:39', '2017-04-25 18:35:39'),
(208, NULL, 300236055, 'E05H09073', NULL, NULL, 1, 32, '02001', 17, 121, NULL, '2017-04-25 18:35:39', '2017-04-25 18:35:39'),
(209, NULL, 300236053, 'E05H09069', NULL, NULL, 1, 32, '02001', 17, 121, NULL, '2017-04-25 18:35:39', '2017-04-25 18:35:39'),
(210, NULL, 300266368, 'MXJ62902N2', NULL, NULL, 1, 7, '02002', 17, 181, NULL, '2017-04-25 18:35:39', '2017-04-25 18:35:39'),
(211, NULL, 300275386, 'CNN6240Y25', NULL, NULL, 1, 48, '02002', 17, 181, NULL, '2017-04-25 18:35:39', '2017-04-25 18:35:39'),
(212, NULL, 300275383, 'CNN6240ZCJ', NULL, NULL, 1, 48, '02003', 17, 47, NULL, '2017-04-25 18:35:39', '2017-04-25 18:35:39'),
(213, NULL, 300266464, 'MXJ62803BG', NULL, NULL, 1, 7, '02007', 17, 29, NULL, '2017-04-25 18:35:39', '2017-04-25 18:35:39'),
(214, NULL, 300266236, 'CNGKM05119', NULL, NULL, 1, 18, '02007', 17, 29, NULL, '2017-04-25 18:35:39', '2017-04-25 18:35:39'),
(215, NULL, 300266288, 'E06H01515', NULL, NULL, 1, 32, '02007', 17, 29, NULL, '2017-04-25 18:35:39', '2017-04-25 18:35:39'),
(216, NULL, 300266396, 'MXJ63201NM', NULL, NULL, 1, 7, '03001', 17, 129, NULL, '2017-04-25 18:35:39', '2017-04-25 18:35:39'),
(217, NULL, 300207624, 'BOFGA020X8', NULL, NULL, 1, 39, '03001', 17, 129, NULL, '2017-04-25 18:35:39', '2017-04-25 18:35:39'),
(218, NULL, 300266385, 'CNN62412FL', NULL, NULL, 1, 48, '03001', 17, 129, NULL, '2017-04-25 18:35:39', '2017-04-25 18:35:39'),
(219, NULL, 300238006, 'MXD5320562', NULL, NULL, 1, 8, '04001', 17, 187, NULL, '2017-04-25 18:35:39', '2017-04-25 18:35:39'),
(220, NULL, 300238002, 'MXD5320557', NULL, NULL, 1, 8, '04001', 17, 187, NULL, '2017-04-25 18:35:39', '2017-04-25 18:35:39'),
(221, NULL, 300236061, 'E05H09071', NULL, NULL, 1, 32, '04001', 17, 187, NULL, '2017-04-25 18:35:39', '2017-04-25 18:35:39'),
(222, NULL, 300238014, 'MXD532055S', NULL, NULL, 1, 8, '05001', 17, 82, NULL, '2017-04-25 18:35:39', '2017-04-25 18:35:39'),
(223, NULL, 300238011, 'CNC52021RJ', NULL, NULL, 1, 4, '05001', 17, 82, NULL, '2017-04-25 18:35:39', '2017-04-25 18:35:39'),
(224, NULL, 300236056, 'E05H09078', NULL, NULL, 1, 32, '05001', 17, 82, NULL, '2017-04-25 18:35:39', '2017-04-25 18:35:39'),
(225, NULL, 300236041, 'E05H09066', NULL, NULL, 1, 32, '05001', 17, 82, NULL, '2017-04-25 18:35:39', '2017-04-25 18:35:39'),
(226, NULL, 300238026, 'MX532054W', NULL, NULL, 1, 8, '06003', 17, 32, NULL, '2017-04-25 18:35:39', '2017-04-25 18:35:39'),
(227, NULL, 300238022, 'MX532026T', NULL, NULL, 1, 8, '06003', 17, 32, NULL, '2017-04-25 18:35:39', '2017-04-25 18:35:39'),
(228, NULL, 300238018, 'MXD5320555', NULL, NULL, 1, 8, '06003', 17, 32, NULL, '2017-04-25 18:35:39', '2017-04-25 18:35:39'),
(229, NULL, 300238023, 'CNC52021R6', NULL, NULL, 1, 4, '06003', 17, 32, NULL, '2017-04-25 18:35:39', '2017-04-25 18:35:39'),
(230, NULL, 300236060, 'E05H09065', NULL, NULL, 1, 32, '06003', 17, 32, NULL, '2017-04-25 18:35:39', '2017-04-25 18:35:39'),
(231, NULL, 300236045, 'E05H09076', NULL, NULL, 1, 32, '06003', 17, 32, NULL, '2017-04-25 18:35:39', '2017-04-25 18:35:39'),
(232, NULL, 300236042, 'E05H09068', NULL, NULL, 1, 32, '06003', 17, 32, NULL, '2017-04-25 18:35:39', '2017-04-25 18:35:39'),
(233, NULL, 300237986, 'MXD532055W', NULL, NULL, 1, 8, '06006', 17, 165, NULL, '2017-04-25 18:35:39', '2017-04-25 18:35:39'),
(234, NULL, 300237982, 'MXD532056R', NULL, NULL, 1, 8, '06006', 17, 165, NULL, '2017-04-25 18:35:39', '2017-04-25 18:35:39'),
(235, NULL, 300236047, 'E05H09052', NULL, NULL, 1, 32, '06006', 17, 165, NULL, '2017-04-25 18:35:39', '2017-04-25 18:35:39'),
(236, NULL, 300238046, 'MX532056Q', NULL, NULL, 1, 8, '06009', 17, 22, NULL, '2017-04-25 18:35:39', '2017-04-25 18:35:39'),
(237, NULL, 300238042, 'MX532055Q', NULL, NULL, 1, 8, '06009', 17, 22, NULL, '2017-04-25 18:35:39', '2017-04-25 18:35:39'),
(238, NULL, 300238038, 'MX532056M', NULL, NULL, 1, 8, '06009', 17, 22, NULL, '2017-04-25 18:35:39', '2017-04-25 18:35:39'),
(239, NULL, 300236059, 'E05H09059', NULL, NULL, 1, 32, '06009', 17, 22, NULL, '2017-04-25 18:35:39', '2017-04-25 18:35:39'),
(240, NULL, 300236052, 'E05H09062', NULL, NULL, 1, 32, '06009', 17, 22, NULL, '2017-04-25 18:35:39', '2017-04-25 18:35:39'),
(241, NULL, 300236051, 'E05H09060', NULL, NULL, 1, 32, '06009', 17, 22, NULL, '2017-04-25 18:35:39', '2017-04-25 18:35:39'),
(242, NULL, 300236043, 'E05H09070', NULL, NULL, 1, 32, '06009', 17, 22, NULL, '2017-04-25 18:35:39', '2017-04-25 18:35:39'),
(243, NULL, 300184166, 'E-00-H-19709', NULL, NULL, 1, 65, '06012', 17, 214, NULL, '2017-04-25 18:35:39', '2017-04-25 18:35:39'),
(244, NULL, 300184164, 'E-00-H-19737', NULL, NULL, 1, 65, '06012', 17, 214, NULL, '2017-04-25 18:35:39', '2017-04-25 18:35:39'),
(245, NULL, 300266400, 'MXJ63201PB', NULL, NULL, 1, 7, '06020', 17, 223, NULL, '2017-04-25 18:35:39', '2017-04-25 18:35:39'),
(246, NULL, 300266429, 'CNN6241214', NULL, NULL, 1, 48, '06020', 17, 223, NULL, '2017-04-25 18:35:39', '2017-04-25 18:35:39'),
(247, NULL, 300266290, 'E06H01485', NULL, NULL, 1, 32, '06020', 17, 223, NULL, '2017-04-25 18:35:39', '2017-04-25 18:35:39'),
(248, NULL, 300266480, 'MXJ629055J', NULL, NULL, 1, 7, '06022', 17, 196, NULL, '2017-04-25 18:35:39', '2017-04-25 18:35:39'),
(249, NULL, 300266473, 'CNN6241210', NULL, NULL, 1, 48, '06022', 17, 196, NULL, '2017-04-25 18:35:39', '2017-04-25 18:35:39'),
(250, NULL, 300266340, 'MXJ63201PC', NULL, NULL, 1, 7, '07001', 17, 91, NULL, '2017-04-25 18:35:39', '2017-04-25 18:35:39'),
(251, NULL, 300206036, '9103002816B', NULL, NULL, 1, 41, '07001', 17, 91, NULL, '2017-04-25 18:35:39', '2017-04-25 18:35:39'),
(252, NULL, 300343107, 'CNB1M19947', NULL, NULL, 1, 24, '07001', 17, 91, NULL, '2017-04-25 18:35:39', '2017-04-25 18:35:39'),
(253, NULL, 300238031, 'CNC52021R5', NULL, NULL, 1, 4, '07001', 17, 91, NULL, '2017-04-25 18:35:39', '2017-04-25 18:35:39'),
(254, NULL, 300236032, 'E05F05415', NULL, NULL, 1, 32, '07001', 17, 91, NULL, '2017-04-25 18:35:39', '2017-04-25 18:35:39'),
(255, NULL, 300342276, 'FCH12329ZK8', NULL, NULL, 1, 43, '07001', 17, 91, NULL, '2017-04-25 18:35:39', '2017-04-25 18:35:39'),
(256, NULL, 300238054, 'MXD532056D', NULL, NULL, 1, 8, '08003', 17, 195, NULL, '2017-04-25 18:35:39', '2017-04-25 18:35:39'),
(257, NULL, 300238050, 'MXD5320568', NULL, NULL, 1, 8, '08003', 17, 195, NULL, '2017-04-25 18:35:39', '2017-04-25 18:35:39'),
(258, NULL, 300236034, 'E05H09079', NULL, NULL, 1, 32, '08003', 17, 195, NULL, '2017-04-25 18:35:39', '2017-04-25 18:35:39'),
(259, NULL, 300238078, 'MXD532056H', NULL, NULL, 1, 8, '09001', 17, 211, NULL, '2017-04-25 18:35:39', '2017-04-25 18:35:39'),
(260, NULL, 300238074, 'MXD5320552', NULL, NULL, 1, 8, '09001', 17, 211, NULL, '2017-04-25 18:35:39', '2017-04-25 18:35:39'),
(261, NULL, 300238070, 'MXD532054D', NULL, NULL, 1, 8, '09001', 17, 211, NULL, '2017-04-25 18:35:39', '2017-04-25 18:35:39'),
(262, NULL, 300206077, 'CNGRB96907', NULL, '0000-00-00', 1, 21, NULL, 5, 244, NULL, '2017-04-25 18:39:05', '2017-04-25 18:39:05'),
(263, NULL, 300238059, 'CNC5202951', NULL, '0000-00-00', 1, 4, NULL, 5, 244, NULL, '2017-04-25 18:39:05', '2017-04-25 18:39:05'),
(264, NULL, 300238087, 'CNC520294V', NULL, '0000-00-00', 1, 4, NULL, 5, 244, NULL, '2017-04-25 18:39:05', '2017-04-25 18:39:05'),
(265, NULL, 300207679, 'BOFGA021YE', NULL, NULL, 1, 39, NULL, 20, 244, NULL, '2017-04-25 18:39:05', '2017-04-25 18:39:05'),
(266, NULL, 300207650, 'BOFGA020X7', NULL, '0000-00-00', 1, 39, NULL, 5, 244, NULL, '2017-04-25 18:39:05', '2017-04-25 18:39:05'),
(267, NULL, 300206107, 'MX00265284', NULL, NULL, 1, 13, NULL, 20, 244, NULL, '2017-04-25 18:39:05', '2017-04-25 18:39:05'),
(268, NULL, 300206001, 'MX00265204', NULL, NULL, 1, 13, NULL, 20, 244, NULL, '2017-04-25 18:39:05', '2017-04-25 18:39:05'),
(269, NULL, 300266242, 'CNGJF31274', NULL, NULL, 1, 18, NULL, 20, 244, NULL, '2017-04-25 18:39:05', '2017-04-25 18:39:05'),
(270, NULL, 300238067, 'CNC520294R', NULL, NULL, 1, 4, NULL, 20, 244, NULL, '2017-04-25 18:39:05', '2017-04-25 18:39:05'),
(271, NULL, 300238111, 'CNC520294X', NULL, '0000-00-00', 1, 4, NULL, 5, 244, NULL, '2017-04-25 18:39:05', '2017-04-25 18:39:05'),
(272, NULL, 300238107, 'CNC52021R8', NULL, '0000-00-00', 1, 4, NULL, 5, 244, NULL, '2017-04-25 18:39:05', '2017-04-25 18:39:05'),
(273, NULL, 300232443, 'CNBGG22993', NULL, '0000-00-00', 1, 22, NULL, 5, 244, NULL, '2017-04-25 18:39:05', '2017-04-25 18:39:05'),
(274, NULL, 300232438, 'CNBGG50727', NULL, '0000-00-00', 1, 22, NULL, 5, 244, NULL, '2017-04-25 18:39:05', '2017-04-25 18:39:05'),
(275, NULL, 300266247, 'CNGJF31277', NULL, '0000-00-00', 1, 18, NULL, 5, 244, NULL, '2017-04-25 18:39:05', '2017-04-25 18:39:05'),
(276, NULL, 300266284, 'E06H01506', NULL, NULL, 1, 32, NULL, 20, 244, NULL, '2017-04-25 18:39:05', '2017-04-25 18:39:05'),
(277, NULL, 300266245, 'CNGJF31273', NULL, '0000-00-00', 1, 18, NULL, 5, 244, NULL, '2017-04-25 18:39:05', '2017-04-25 18:39:05'),
(278, NULL, 300266269, 'E06401514', NULL, '0000-00-00', 1, 32, NULL, 5, 244, NULL, '2017-04-25 18:39:05', '2017-04-25 18:39:05'),
(279, NULL, 300266249, 'CNGJG12055', NULL, NULL, 1, 18, NULL, 20, 244, NULL, '2017-04-25 18:39:05', '2017-04-25 18:39:05'),
(280, NULL, 300205558, 'CNGBG95887', NULL, '0000-00-00', 1, 21, NULL, 5, 244, NULL, '2017-04-25 18:39:05', '2017-04-25 18:39:05'),
(281, NULL, 300207522, '6X2CKN9ZA35S', NULL, NULL, 1, 9, NULL, 20, 244, NULL, '2017-04-25 18:39:05', '2017-04-25 18:39:05'),
(282, NULL, 300207663, 'BOFGA021Z4', NULL, '0000-00-00', 1, 39, NULL, 5, 244, NULL, '2017-04-25 18:39:05', '2017-04-25 18:39:05'),
(283, NULL, 300205550, 'CNGRG97113', NULL, '0000-00-00', 1, 21, NULL, 5, 244, NULL, '2017-04-25 18:39:05', '2017-04-25 18:39:05'),
(284, NULL, 300205548, 'CNGRG96970', NULL, NULL, 1, 21, NULL, 20, 244, NULL, '2017-04-25 18:39:05', '2017-04-25 18:39:05'),
(285, NULL, 300200832, 'JPDGC45708', NULL, '0000-00-00', 1, 21, NULL, 5, 244, NULL, '2017-04-25 18:39:05', '2017-04-25 18:39:05'),
(286, NULL, 300207481, '6X2CKN9ZAIFE', NULL, '0000-00-00', 1, 9, NULL, 5, 244, NULL, '2017-04-25 18:39:05', '2017-04-25 18:39:05'),
(287, NULL, 300205556, 'CNGBH16882', NULL, '0000-00-00', 1, 21, NULL, 5, 244, NULL, '2017-04-25 18:39:05', '2017-04-25 18:39:05'),
(288, NULL, 300205552, 'CNGRH16917', NULL, '0000-00-00', 1, 21, NULL, 5, 244, NULL, '2017-04-25 18:39:05', '2017-04-25 18:39:05'),
(289, NULL, 300232450, 'CNBGG50640', NULL, '0000-00-00', 1, 22, NULL, 5, 244, NULL, '2017-04-25 18:39:05', '2017-04-25 18:39:05'),
(290, NULL, 300232440, 'CNBGH96956', NULL, '0000-00-00', 1, 22, NULL, 5, 244, NULL, '2017-04-25 18:39:05', '2017-04-25 18:39:05'),
(291, NULL, 300275365, 'CNN6451XPX', NULL, NULL, 1, 48, NULL, 20, 244, NULL, '2017-04-25 18:39:05', '2017-04-25 18:39:05'),
(292, NULL, 300237995, 'CNC520294K', NULL, '0000-00-00', 1, 4, NULL, 5, 244, NULL, '2017-04-25 18:39:05', '2017-04-25 18:39:05'),
(293, NULL, 300205546, 'CNGPRB96898', NULL, '0000-00-00', 1, 21, NULL, 5, 244, NULL, '2017-04-25 18:39:05', '2017-04-25 18:39:05'),
(294, NULL, 300205551, 'JPGGB65543', NULL, NULL, 1, 21, NULL, 20, 244, NULL, '2017-04-25 18:39:05', '2017-04-25 18:39:05'),
(295, NULL, 300207477, '6X2CXN9ZA2AX', NULL, NULL, 1, 9, NULL, 20, 244, NULL, '2017-04-25 18:39:05', '2017-04-25 18:39:05'),
(296, NULL, 300266246, 'CNGJF31271', NULL, '0000-00-00', 1, 18, NULL, 5, 244, NULL, '2017-04-25 18:39:05', '2017-04-25 18:39:05'),
(297, NULL, 300266287, 'E06H01507', NULL, '0000-00-00', 1, 32, NULL, 5, 244, NULL, '2017-04-25 18:39:05', '2017-04-25 18:39:05'),
(298, NULL, 300266272, 'E06H01470', NULL, '0000-00-00', 1, 32, NULL, 5, 244, NULL, '2017-04-25 18:39:05', '2017-04-25 18:39:05'),
(299, NULL, 300236031, 'E05F05488', NULL, NULL, 1, 32, NULL, 20, 244, NULL, '2017-04-25 18:39:05', '2017-04-25 18:39:05'),
(300, NULL, 300238015, 'CNC520294P', NULL, '0000-00-00', 1, 4, NULL, 5, 244, NULL, '2017-04-25 18:39:05', '2017-04-25 18:39:05'),
(301, NULL, 300238027, 'CNC52021RH', NULL, NULL, 1, 4, NULL, 20, 244, NULL, '2017-04-25 18:39:05', '2017-04-25 18:39:05'),
(302, NULL, 300238019, 'CNC5202956', NULL, '0000-00-00', 1, 4, NULL, 5, 244, NULL, '2017-04-25 18:39:05', '2017-04-25 18:39:05'),
(303, NULL, 300237987, 'CNC52021R3', NULL, NULL, 1, 4, NULL, 20, 244, NULL, '2017-04-25 18:39:05', '2017-04-25 18:39:05'),
(304, NULL, 300237983, 'CNC52021RL', NULL, '0000-00-00', 1, 4, NULL, 5, 244, NULL, '2017-04-25 18:39:05', '2017-04-25 18:39:05'),
(305, NULL, 300238047, 'CNC52021RM', NULL, '0000-00-00', 1, 4, NULL, 5, 244, NULL, '2017-04-25 18:39:05', '2017-04-25 18:39:05'),
(306, NULL, 300238043, 'CNC5202953', NULL, '0000-00-00', 1, 4, NULL, 5, 244, NULL, '2017-04-25 18:39:05', '2017-04-25 18:39:05'),
(307, NULL, 300238035, 'CNC520294M', NULL, '0000-00-00', 1, 4, NULL, 5, 244, NULL, '2017-04-25 18:39:05', '2017-04-25 18:39:05'),
(308, NULL, 300266235, 'CNGKL05651', NULL, '0000-00-00', 1, 18, NULL, 5, 244, NULL, '2017-04-25 18:39:05', '2017-04-25 18:39:05'),
(309, NULL, 300266253, 'CNGJF31279', NULL, '0000-00-00', 1, 18, NULL, 5, 244, NULL, '2017-04-25 18:39:05', '2017-04-25 18:39:05'),
(310, NULL, 300266289, 'E06H01501', NULL, NULL, 1, 32, NULL, 20, 244, NULL, '2017-04-25 18:39:05', '2017-04-25 18:39:05'),
(311, NULL, 300238051, 'CNC520294Y', NULL, NULL, 1, 4, NULL, 20, 244, NULL, '2017-04-25 18:39:05', '2017-04-25 18:39:05'),
(312, NULL, 300238055, 'CNC520294N', NULL, '0000-00-00', 1, 4, NULL, 5, 244, NULL, '2017-04-25 18:39:05', '2017-04-25 18:39:05'),
(313, NULL, 300238079, 'CNC52021RF', NULL, NULL, 1, 4, NULL, 20, 244, NULL, '2017-04-25 18:39:05', '2017-04-25 18:39:05'),
(314, NULL, 300238075, 'CNC52021R7', NULL, '0000-00-00', 1, 4, NULL, 5, 244, NULL, '2017-04-25 18:39:05', '2017-04-25 18:39:05'),
(315, NULL, 300238071, 'CNC520294L', NULL, NULL, 1, 4, NULL, 20, 244, NULL, '2017-04-25 18:39:05', '2017-04-25 18:39:05'),
(316, NULL, 300236038, 'E05H09061', NULL, NULL, 1, 32, NULL, 20, 244, NULL, '2017-04-25 18:39:05', '2017-04-25 18:39:05'),
(317, NULL, 300236029, 'E05D01642', NULL, '0000-00-00', 1, 32, NULL, 5, 244, NULL, '2017-04-25 18:39:05', '2017-04-25 18:39:05'),
(318, NULL, 300276137, '316A17661', NULL, NULL, 1, 54, NULL, 20, 244, NULL, '2017-04-25 18:39:05', '2017-04-25 18:39:05'),
(319, NULL, 300276142, '316907761', NULL, '0000-00-00', 1, 54, NULL, 5, 244, NULL, '2017-04-25 18:39:05', '2017-04-25 18:39:05'),
(320, NULL, 300276140, '316905334', NULL, NULL, 1, 54, NULL, 20, 244, NULL, '2017-04-25 18:39:05', '2017-04-25 18:39:05'),
(321, NULL, 300276139, '316A17547', NULL, NULL, 1, 54, NULL, 20, 244, NULL, '2017-04-25 18:39:05', '2017-04-25 18:39:05'),
(322, NULL, 300276129, '316A17673', NULL, NULL, 1, 54, NULL, 20, 244, NULL, '2017-04-25 18:39:05', '2017-04-25 18:39:05'),
(323, NULL, 300266432, 'MXJ63201PN', NULL, '0000-00-00', 1, 7, NULL, 5, 244, NULL, '2017-04-25 18:39:05', '2017-04-25 18:39:05'),
(324, NULL, 300238034, 'MX5320564', NULL, NULL, 1, 8, NULL, 20, 244, NULL, '2017-04-25 18:39:05', '2017-04-25 18:39:05'),
(325, NULL, 300238110, 'MXD532055C', NULL, NULL, 1, 8, NULL, 20, 244, NULL, '2017-04-25 18:39:05', '2017-04-25 18:39:05'),
(326, NULL, 300238145, '0600/LK3G5E0047397', NULL, NULL, 1, 87, '11006', 17, 136, NULL, '2017-04-26 20:29:08', '2017-04-26 20:29:08'),
(327, NULL, 300238136, '0600/LK3G5E0047944', NULL, NULL, 1, 87, '02001', 17, 121, NULL, '2017-04-26 20:29:08', '2017-04-26 20:29:08'),
(328, NULL, 300238144, '0600/LK3G5E0047967', NULL, NULL, 1, 87, '09001', 17, 211, NULL, '2017-04-26 20:29:08', '2017-04-26 20:29:08'),
(329, NULL, 300238137, '0600/LK3G5E0047970', NULL, NULL, 1, 87, '04001', 17, 187, NULL, '2017-04-26 20:29:08', '2017-04-26 20:29:08'),
(330, NULL, 300238141, '0600/LK3G5E0048176', NULL, NULL, 1, 87, '08003', 17, 195, NULL, '2017-04-26 20:29:08', '2017-04-26 20:29:08'),
(331, NULL, 300238138, '0600/LK3G5E0048280', NULL, NULL, 1, 87, '05001', 17, 82, NULL, '2017-04-26 20:29:08', '2017-04-26 20:29:08'),
(332, NULL, 300238147, '0600/LK3G5E0048289', NULL, NULL, 1, 87, '16001', 17, 80, NULL, '2017-04-26 20:29:08', '2017-04-26 20:29:08'),
(333, NULL, 300238148, '0600/LK3G5E0048305', NULL, NULL, 1, 87, '17001', 17, 143, NULL, '2017-04-26 20:29:08', '2017-04-26 20:29:08'),
(334, NULL, 300238135, '0600/LK3G5J0066077', NULL, NULL, 1, 87, '06006', 17, 165, NULL, '2017-04-26 20:29:08', '2017-04-26 20:29:08'),
(335, NULL, 300238142, '0600/LK3G5J0066105', NULL, NULL, 1, 87, '10006', 17, 237, NULL, '2017-04-26 20:29:08', '2017-04-26 20:29:08'),
(336, NULL, 300238140, '0600/LK3G5J0066108', NULL, NULL, 1, 87, '07001', 17, 91, NULL, '2017-04-26 20:29:08', '2017-04-26 20:29:08'),
(337, NULL, 300238139, '0600/LKG5J0066099', NULL, NULL, 1, 87, '06003', 17, 32, NULL, '2017-04-26 20:29:08', '2017-04-26 20:29:08'),
(338, NULL, 300205990, '20180007', NULL, NULL, 1, 111, '01003', 17, 160, NULL, '2017-04-26 20:29:08', '2017-04-26 20:29:08'),
(339, NULL, 300205595, '20180010', NULL, NULL, 1, 111, '01003', 17, 160, NULL, '2017-04-26 20:29:08', '2017-04-26 20:29:08'),
(340, NULL, 300205998, '20180022', NULL, NULL, 1, 111, '01003', 17, 160, NULL, '2017-04-26 20:29:08', '2017-04-26 20:29:08'),
(341, NULL, 300205651, '20180093', NULL, NULL, 1, 111, '01003', 17, 160, NULL, '2017-04-26 20:29:08', '2017-04-26 20:29:08'),
(342, NULL, 300119965, '21031846F', NULL, NULL, 1, 91, '01003', 17, 160, NULL, '2017-04-26 20:29:08', '2017-04-26 20:29:08'),
(343, NULL, 300207604, '302CP28KB905', NULL, NULL, 1, 106, '12002', 17, 39, NULL, '2017-04-26 20:29:08', '2017-04-26 20:29:08'),
(344, NULL, 300207608, '302CP28KB976', NULL, NULL, 1, 106, '18001', 17, 207, NULL, '2017-04-26 20:29:08', '2017-04-26 20:29:08'),
(345, NULL, 300207590, '302CP28KB978', NULL, NULL, 1, 106, '11002', 17, 97, NULL, '2017-04-26 20:29:08', '2017-04-26 20:29:08'),
(346, NULL, 300207588, '302CP28KB979', NULL, NULL, 1, 106, '01001', 17, 34, NULL, '2017-04-26 20:29:08', '2017-04-26 20:29:08'),
(347, NULL, 300207571, '302CP28KC001', NULL, NULL, 1, 106, '11001', 17, 34, NULL, '2017-04-26 20:29:08', '2017-04-26 20:29:08'),
(348, NULL, 300207559, '302CP28KC002', NULL, NULL, 1, 106, '11010', 17, 117, NULL, '2017-04-26 20:29:08', '2017-04-26 20:29:08'),
(349, NULL, 300207607, '302CP28KC004', NULL, NULL, 1, 106, '13004', 17, 103, NULL, '2017-04-26 20:29:08', '2017-04-26 20:29:08'),
(350, NULL, 300207611, '302CP28KC005', NULL, NULL, 1, 106, '18001', 17, 207, NULL, '2017-04-26 20:29:08', '2017-04-26 20:29:08'),
(351, NULL, 300207591, '302CP28KC009', NULL, NULL, 1, 106, '01003', 17, 160, NULL, '2017-04-26 20:29:08', '2017-04-26 20:29:08'),
(352, NULL, 300207594, '302CP28KC032', NULL, NULL, 1, 106, '12009', 17, 63, NULL, '2017-04-26 20:29:08', '2017-04-26 20:29:08'),
(353, NULL, 300207584, '302CP28KC056', NULL, NULL, 1, 106, '01003', 17, 160, NULL, '2017-04-26 20:29:08', '2017-04-26 20:29:08'),
(354, NULL, 300207558, '302CP28KC070', NULL, NULL, 1, 106, '01002', 17, 78, NULL, '2017-04-26 20:29:08', '2017-04-26 20:29:08'),
(355, NULL, 300207565, '302CP28KC071', NULL, NULL, 1, 106, '01006', 17, 28, NULL, '2017-04-26 20:29:08', '2017-04-26 20:29:08'),
(356, NULL, 300207568, '302CP28KC074', NULL, NULL, 1, 106, '12009', 17, 63, NULL, '2017-04-26 20:29:08', '2017-04-26 20:29:08'),
(357, NULL, 300207572, '302CP28KC075', NULL, NULL, 1, 106, '11009', 17, 198, NULL, '2017-04-26 20:29:08', '2017-04-26 20:29:08'),
(358, NULL, 300207553, '302CP28KC076', NULL, NULL, 1, 106, '11001', 17, 34, NULL, '2017-04-26 20:29:08', '2017-04-26 20:29:08'),
(359, NULL, 300207581, '302CP28KC357', NULL, NULL, 1, 106, '01003', 17, 160, NULL, '2017-04-26 20:29:08', '2017-04-26 20:29:08'),
(360, NULL, 300207577, '302CP28KC466', NULL, NULL, 1, 106, '11001', 17, 34, NULL, '2017-04-26 20:29:08', '2017-04-26 20:29:08'),
(361, NULL, 300207564, '302CP28KC471', NULL, NULL, 1, 106, '01008', 17, 134, NULL, '2017-04-26 20:29:08', '2017-04-26 20:29:08'),
(362, NULL, 300207573, '302CP28KC472', NULL, NULL, 1, 106, '01008', 17, 134, NULL, '2017-04-26 20:29:08', '2017-04-26 20:29:08'),
(363, NULL, 300207598, '302CP28KC474', NULL, NULL, 1, 106, '01009', 17, 14, NULL, '2017-04-26 20:29:08', '2017-04-26 20:29:08'),
(364, NULL, 300207563, '302CP28KC497', NULL, NULL, 1, 106, '01008', 17, 134, NULL, '2017-04-26 20:29:08', '2017-04-26 20:29:08'),
(365, NULL, 300207562, '302CP28KC502', NULL, NULL, 1, 106, '12002', 17, 39, NULL, '2017-04-26 20:29:08', '2017-04-26 20:29:08'),
(366, NULL, 300207550, '302CP28KC507', NULL, NULL, 1, 106, '18001', 17, 207, NULL, '2017-04-26 20:29:08', '2017-04-26 20:29:08'),
(367, NULL, 300207570, '302CP28KC508', NULL, NULL, 1, 106, '11001', 17, 34, NULL, '2017-04-26 20:29:08', '2017-04-26 20:29:08'),
(368, NULL, 300207620, '302CP28KC509', NULL, NULL, 1, 106, '11010', 17, 117, NULL, '2017-04-26 20:29:08', '2017-04-26 20:29:08'),
(369, NULL, 300207603, '302CP28KC610', NULL, NULL, 1, 106, '12009', 17, 63, NULL, '2017-04-26 20:29:08', '2017-04-26 20:29:08'),
(370, NULL, 300207621, '302CP28KC621', NULL, NULL, 1, 106, '01008', 17, 134, NULL, '2017-04-26 20:29:08', '2017-04-26 20:29:08'),
(371, NULL, 300207575, '302CP28KC631', NULL, NULL, 1, 106, '10006', 17, 237, NULL, '2017-04-26 20:29:08', '2017-04-26 20:29:08'),
(372, NULL, 300207586, '303CP28KC379', NULL, NULL, 1, 106, '11010', 17, 117, NULL, '2017-04-26 20:29:08', '2017-04-26 20:29:08'),
(373, NULL, 300276109, '316905272', NULL, NULL, 1, 54, '01005', 17, 208, NULL, '2017-04-26 20:29:08', '2017-04-26 20:29:08'),
(374, NULL, 300276117, '316905311', NULL, NULL, 1, 54, '01005', 17, 208, NULL, '2017-04-26 20:29:08', '2017-04-26 20:29:08'),
(375, NULL, 300276132, '316905333', NULL, NULL, 1, 54, '10004', 17, NULL, NULL, '2017-04-26 20:29:08', '2017-04-26 20:29:08'),
(376, NULL, 300276111, '316907762', NULL, NULL, 1, 54, '02002', 17, 181, NULL, '2017-04-26 20:29:08', '2017-04-26 20:29:08'),
(377, NULL, 300276123, '316A17545', NULL, NULL, 1, 54, '11004', 17, NULL, NULL, '2017-04-26 20:29:08', '2017-04-26 20:29:08'),
(378, NULL, 300276110, '316A17583', NULL, NULL, 1, 54, '01002', 17, 78, NULL, '2017-04-26 20:29:08', '2017-04-26 20:29:08'),
(379, NULL, 300276106, '316A17663', NULL, NULL, 1, 54, '01009', 17, 14, NULL, '2017-04-26 20:29:08', '2017-04-26 20:29:08'),
(380, NULL, 300276119, '316A17689', NULL, NULL, 1, 54, '15002', 17, 212, NULL, '2017-04-26 20:29:08', '2017-04-26 20:29:08'),
(381, NULL, 300276107, '316A18183', NULL, NULL, 1, 54, '10005', 17, 73, NULL, '2017-04-26 20:29:08', '2017-04-26 20:29:08'),
(382, NULL, 300276115, '316A18184', NULL, NULL, 1, 54, '10004', 17, NULL, NULL, '2017-04-26 20:29:08', '2017-04-26 20:29:08'),
(383, NULL, 300207449, '7Z5V1W82F29CO', NULL, NULL, 1, 78, '12009', 17, 63, NULL, '2017-04-26 20:29:08', '2017-04-26 20:29:08'),
(384, NULL, 300207453, '7Z5V1W82F4B00', NULL, NULL, 1, 78, '01003', 17, 160, NULL, '2017-04-26 20:29:08', '2017-04-26 20:29:08'),
(385, NULL, 300207450, '7Z5V1W82F4EOO', NULL, NULL, 1, 78, '01008', 17, 134, NULL, '2017-04-26 20:29:08', '2017-04-26 20:29:08'),
(386, NULL, 300207443, '7Z5V1W82F7480', NULL, NULL, 1, 78, '11010', 17, 117, NULL, '2017-04-26 20:29:08', '2017-04-26 20:29:08'),
(387, NULL, 300205593, '9K11503397B', NULL, NULL, 1, 41, '11006', 17, 136, NULL, '2017-04-26 20:29:08', '2017-04-26 20:29:08'),
(388, NULL, 300207703, 'B0MN3NT490T', NULL, NULL, 1, 108, '01008', 17, 134, NULL, '2017-04-26 20:29:08', '2017-04-26 20:29:08'),
(389, NULL, 300207711, 'BDMN3NT4906', NULL, NULL, 1, 108, '11002', 17, 97, NULL, '2017-04-26 20:29:08', '2017-04-26 20:29:08'),
(390, NULL, 300207736, 'BOMN 3NT3C4W', NULL, NULL, 1, 108, '01002', 17, 78, NULL, '2017-04-26 20:29:08', '2017-04-26 20:29:08'),
(391, NULL, 300207699, 'BOMN3N003U2', NULL, NULL, 1, 108, '15001', 17, 191, NULL, '2017-04-26 20:29:08', '2017-04-26 20:29:08'),
(392, NULL, 300207739, 'BOMN3NT3C3D', NULL, NULL, 1, 108, '18001', 17, 207, NULL, '2017-04-26 20:29:08', '2017-04-26 20:29:08'),
(393, NULL, 300207770, 'BOMN3NT3C3G', NULL, NULL, 1, 108, '01008', 17, 134, NULL, '2017-04-26 20:29:08', '2017-04-26 20:29:08'),
(394, NULL, 300207702, 'BOMN3NT4907', NULL, NULL, 1, 108, '01001', 17, 34, NULL, '2017-04-26 20:29:08', '2017-04-26 20:29:08'),
(395, NULL, 300207742, 'BOMN3NT49T5', NULL, NULL, 1, 108, '12002', 17, 39, NULL, '2017-04-26 20:29:08', '2017-04-26 20:29:08'),
(396, NULL, 300207714, 'BOMN3NT49UU', NULL, NULL, 1, 108, '01008', 17, 134, NULL, '2017-04-26 20:29:08', '2017-04-26 20:29:08'),
(397, NULL, 300207749, 'BOMN3NT4A2X', NULL, NULL, 1, 108, '01003', 17, 160, NULL, '2017-04-26 20:29:08', '2017-04-26 20:29:08'),
(398, NULL, 300207708, 'BOMN3NT4A37', NULL, NULL, 1, 108, '17006', 17, 168, NULL, '2017-04-26 20:29:08', '2017-04-26 20:29:08'),
(399, NULL, 300207713, 'BOMN3NU03E5', NULL, NULL, 1, 108, '01008', 17, 134, NULL, '2017-04-26 20:29:08', '2017-04-26 20:29:08'),
(400, NULL, 300207747, 'BOMN3NU03PG', NULL, NULL, 1, 108, '11001', 17, 34, NULL, '2017-04-26 20:29:08', '2017-04-26 20:29:08');
INSERT INTO `inventarios` (`id`, `folio_resguardo`, `numero_inventario`, `numero_serie`, `comentario_baja`, `fecha_baja`, `status`, `modelo_id`, `oficialia_id`, `area_id`, `responsable_id`, `resguardo_id`, `created_at`, `updated_at`) VALUES
(401, NULL, 300207750, 'BOMN3NU03PT', NULL, NULL, 1, 108, '11010', 17, 117, NULL, '2017-04-26 20:29:08', '2017-04-26 20:29:08'),
(402, NULL, 300207715, 'BOMN3NUO3BS', NULL, NULL, 1, 108, '12002', 17, 39, NULL, '2017-04-26 20:29:08', '2017-04-26 20:29:08'),
(403, NULL, 300207722, 'BOMN3NUO3PJ', NULL, NULL, 1, 108, '12009', 17, 63, NULL, '2017-04-26 20:29:08', '2017-04-26 20:29:08'),
(404, NULL, 300207726, 'BOMN3NUO3Q6', NULL, NULL, 1, 108, '01003', 17, 160, NULL, '2017-04-26 20:29:08', '2017-04-26 20:29:08'),
(405, NULL, 300207748, 'BOMN3NUOIDC', NULL, NULL, 1, 108, '01003', 17, 160, NULL, '2017-04-26 20:29:08', '2017-04-26 20:29:08'),
(406, NULL, 300207744, 'BOMN3NUOIDS', NULL, NULL, 1, 108, '18001', 17, 207, NULL, '2017-04-26 20:29:08', '2017-04-26 20:29:08'),
(407, NULL, 300207740, 'BOMN3NUOIDY', NULL, NULL, 1, 108, '01003', 17, 160, NULL, '2017-04-26 20:29:08', '2017-04-26 20:29:08'),
(408, NULL, 300207725, 'BOMN3NUOIFT', NULL, NULL, 1, 108, '11001', 17, 34, NULL, '2017-04-26 20:29:08', '2017-04-26 20:29:08'),
(409, NULL, 300238096, 'C0506092315', NULL, NULL, 1, 96, '13001', 17, NULL, NULL, '2017-04-26 20:29:08', '2017-04-26 20:29:08'),
(410, NULL, 300238124, 'C0506092319', NULL, NULL, 1, 96, '17001', 17, 143, NULL, '2017-04-26 20:29:08', '2017-04-26 20:29:08'),
(411, NULL, 300238044, 'C0506092320', NULL, NULL, 1, 96, '06009', 17, 22, NULL, '2017-04-26 20:29:08', '2017-04-26 20:29:08'),
(412, NULL, 300238056, 'C0506092321', NULL, NULL, 1, 96, '08003', 17, 195, NULL, '2017-04-26 20:29:08', '2017-04-26 20:29:08'),
(413, NULL, 300238000, 'C0506092322', NULL, NULL, 1, 96, '02001', 17, 121, NULL, '2017-04-26 20:29:08', '2017-04-26 20:29:08'),
(414, NULL, 300238100, 'C0506092323', NULL, NULL, 1, 96, '13001', 17, NULL, NULL, '2017-04-26 20:29:08', '2017-04-26 20:29:08'),
(415, NULL, 300238020, 'C0506092324', NULL, NULL, 1, 96, '06003', 17, 32, NULL, '2017-04-26 20:29:08', '2017-04-26 20:29:08'),
(416, NULL, 300238048, 'C0506092325', NULL, NULL, 1, 96, '06009', 17, 22, NULL, '2017-04-26 20:29:08', '2017-04-26 20:29:08'),
(417, NULL, 300238004, 'C0506092326', NULL, NULL, 1, 96, '04001', 17, 187, NULL, '2017-04-26 20:29:08', '2017-04-26 20:29:08'),
(418, NULL, 300238032, 'C0506092371', NULL, NULL, 1, 96, '07001', 17, 91, NULL, '2017-04-26 20:29:08', '2017-04-26 20:29:08'),
(419, NULL, 300238116, 'C0506092372', NULL, NULL, 1, 96, '17001', 17, 143, NULL, '2017-04-26 20:29:08', '2017-04-26 20:29:08'),
(420, NULL, 300238072, 'C0506092373', NULL, NULL, 1, 96, '09001', 17, 211, NULL, '2017-04-26 20:29:08', '2017-04-26 20:29:08'),
(421, NULL, 300238104, 'C0506092374', NULL, NULL, 1, 96, '13001', 17, NULL, NULL, '2017-04-26 20:29:08', '2017-04-26 20:29:08'),
(422, NULL, 300238092, 'C0506092379', NULL, NULL, 1, 96, '11006', 17, 136, NULL, '2017-04-26 20:29:08', '2017-04-26 20:29:08'),
(423, NULL, 300238068, 'C0506092380', NULL, NULL, 1, 96, '14001', 17, 87, NULL, '2017-04-26 20:29:08', '2017-04-26 20:29:08'),
(424, NULL, 300238120, 'C0506092599', NULL, NULL, 1, 96, '17001', 17, 143, NULL, '2017-04-26 20:29:08', '2017-04-26 20:29:08'),
(425, NULL, 300238076, 'C0506092601', NULL, NULL, 1, 96, '09001', 17, 211, NULL, '2017-04-26 20:29:08', '2017-04-26 20:29:08'),
(426, NULL, 300238036, 'C0506092602', NULL, NULL, 1, 96, '06009', 17, 22, NULL, '2017-04-26 20:29:08', '2017-04-26 20:29:08'),
(427, NULL, 300237996, 'C0506092603', NULL, NULL, 1, 96, '02001', 17, 121, NULL, '2017-04-26 20:29:08', '2017-04-26 20:29:08'),
(428, NULL, 300238088, 'C0506092604', NULL, NULL, 1, 96, '11006', 17, 136, NULL, '2017-04-26 20:29:08', '2017-04-26 20:29:08'),
(429, NULL, 300238060, 'C0506092605', NULL, NULL, 1, 96, '10006', 17, 237, NULL, '2017-04-26 20:29:08', '2017-04-26 20:29:08'),
(430, NULL, 300238024, 'C0506092609', NULL, NULL, 1, 96, '06003', 17, 32, NULL, '2017-04-26 20:29:08', '2017-04-26 20:29:08'),
(431, NULL, 300238064, 'C0506092653', NULL, NULL, 1, 96, '14001', 17, 87, NULL, '2017-04-26 20:29:08', '2017-04-26 20:29:08'),
(432, NULL, 300238012, 'C0506092656', NULL, NULL, 1, 96, '05001', 17, 82, NULL, '2017-04-26 20:29:08', '2017-04-26 20:29:08'),
(433, NULL, 300237984, 'C0506092657', NULL, NULL, 1, 96, '06006', 17, 165, NULL, '2017-04-26 20:29:08', '2017-04-26 20:29:08'),
(436, NULL, 300238028, 'C0506092658', NULL, NULL, 1, 96, '06003', 17, 32, NULL, '2017-04-26 20:31:48', '2017-04-26 20:31:48'),
(437, NULL, 300237992, 'C0506092660', NULL, NULL, 1, 96, '02001', 17, 121, NULL, '2017-04-26 20:31:48', '2017-04-26 20:31:48'),
(438, NULL, 300238008, 'C0506092814', NULL, NULL, 1, 96, '04001', 17, 187, NULL, '2017-04-26 20:31:48', '2017-04-26 20:31:48'),
(439, NULL, 300238052, 'C0506092816', NULL, NULL, 1, 96, '08003', 17, 195, NULL, '2017-04-26 20:31:48', '2017-04-26 20:31:48'),
(440, NULL, 300238016, 'C0506092817', NULL, NULL, 1, 96, '05001', 17, 82, NULL, '2017-04-26 20:31:48', '2017-04-26 20:31:48'),
(441, NULL, 300238040, 'C0506092819', NULL, NULL, 1, 96, '06009', 17, 22, NULL, '2017-04-26 20:31:48', '2017-04-26 20:31:48'),
(442, NULL, 300238080, 'C0506092820', NULL, NULL, 1, 96, '09001', 17, 211, NULL, '2017-04-26 20:31:48', '2017-04-26 20:31:48'),
(443, NULL, 300238084, 'C0506093276', NULL, NULL, 1, 96, '11006', 17, 136, NULL, '2017-04-26 20:31:48', '2017-04-26 20:31:48'),
(444, NULL, 300237454, 'CNGKB13929', NULL, NULL, 1, 18, '14001', 17, 87, NULL, '2017-04-26 20:31:48', '2017-04-26 20:31:48'),
(445, NULL, 300237431, 'CNGKB13936', NULL, NULL, 1, 18, '08003', 17, 195, NULL, '2017-04-26 20:31:48', '2017-04-26 20:31:48'),
(446, NULL, 300237457, 'CNGKB15122', NULL, NULL, 1, 18, '08003', 17, 195, NULL, '2017-04-26 20:31:48', '2017-04-26 20:31:48'),
(447, NULL, 300237458, 'CNGKC10803', NULL, NULL, 1, 18, '16001', 17, 80, NULL, '2017-04-26 20:31:48', '2017-04-26 20:31:48'),
(448, NULL, 300190255, 'E-01-C-49868', NULL, NULL, 1, 76, '11006', 17, 136, NULL, '2017-04-26 20:31:48', '2017-04-26 20:31:48'),
(449, NULL, 300184157, 'H030117047', NULL, NULL, 1, 113, '06012', 17, 214, NULL, '2017-04-26 20:31:48', '2017-04-26 20:31:48'),
(450, NULL, 300184143, 'H03017046', NULL, NULL, 1, 113, '06012', 17, 214, NULL, '2017-04-26 20:31:48', '2017-04-26 20:31:48'),
(451, NULL, 300184148, 'H03017048', NULL, NULL, 1, 113, '06012', 17, 214, NULL, '2017-04-26 20:31:48', '2017-04-26 20:31:48'),
(452, NULL, 300184161, 'H03017049', NULL, NULL, 1, 113, '06012', 17, 214, NULL, '2017-04-26 20:31:48', '2017-04-26 20:31:48'),
(453, NULL, 300184153, 'H03017050', NULL, NULL, 1, 113, '06012', 17, 214, NULL, '2017-04-26 20:31:48', '2017-04-26 20:31:48'),
(454, NULL, 300205584, 'LZE93810203', NULL, NULL, 1, 30, '15001', 17, 191, NULL, '2017-04-26 20:31:48', '2017-04-26 20:31:48'),
(455, NULL, 300205368, 'LZE94232792', NULL, NULL, 1, 30, '12002', 17, 39, NULL, '2017-04-26 20:31:48', '2017-04-26 20:31:48'),
(456, NULL, 300205375, 'LZE94236328', NULL, NULL, 1, 30, '01003', 17, 160, NULL, '2017-04-26 20:31:48', '2017-04-26 20:31:48'),
(457, NULL, 300205409, 'LZE94236367', NULL, NULL, 1, 30, '11010', 17, 117, NULL, '2017-04-26 20:31:48', '2017-04-26 20:31:48'),
(458, NULL, 300205376, 'LZE94236399', NULL, NULL, 1, 30, '12009', 17, 63, NULL, '2017-04-26 20:31:48', '2017-04-26 20:31:48'),
(459, NULL, 300205471, 'LZE94285076', NULL, NULL, 1, 30, '07001', 17, 91, NULL, '2017-04-26 20:31:48', '2017-04-26 20:31:48'),
(460, NULL, 300205377, 'LZE94507243', NULL, NULL, 1, 30, '01003', 17, 160, NULL, '2017-04-26 20:31:48', '2017-04-26 20:31:48'),
(461, NULL, 300205315, 'MX00265184', NULL, NULL, 1, 14, '11001', 17, 34, NULL, '2017-04-26 20:31:48', '2017-04-26 20:31:48'),
(462, NULL, 300205447, 'MX01945014', NULL, NULL, 1, 105, '01009', 17, 14, NULL, '2017-04-26 20:31:48', '2017-04-26 20:31:48'),
(463, NULL, 300205390, 'MX95100843', NULL, NULL, 1, 84, '11001', 17, 34, NULL, '2017-04-26 20:31:48', '2017-04-26 20:31:48'),
(464, NULL, 300205387, 'MX95100855', NULL, NULL, 1, 84, '01008', 17, 134, NULL, '2017-04-26 20:31:48', '2017-04-26 20:31:48'),
(465, NULL, 300205635, 'MX95100946', NULL, NULL, 1, 105, '01008', 17, 134, NULL, '2017-04-26 20:31:48', '2017-04-26 20:31:48'),
(466, NULL, 300205661, 'MX95100987', NULL, NULL, 1, 105, '12002', 17, 39, NULL, '2017-04-26 20:31:48', '2017-04-26 20:31:48'),
(467, NULL, 300205442, 'MX95100996', NULL, NULL, 1, 105, '12009', 17, 63, NULL, '2017-04-26 20:31:48', '2017-04-26 20:31:48'),
(468, NULL, 300205392, 'MX95101022', NULL, NULL, 1, 84, '11001', 17, 34, NULL, '2017-04-26 20:31:48', '2017-04-26 20:31:48'),
(469, NULL, 300205384, 'MX95101055', NULL, NULL, 1, 84, '01003', 17, 160, NULL, '2017-04-26 20:31:48', '2017-04-26 20:31:48'),
(470, NULL, 300205386, 'MX95101619', NULL, NULL, 1, 84, '01003', 17, 160, NULL, '2017-04-26 20:31:48', '2017-04-26 20:31:48'),
(471, NULL, 300205389, 'MX95103994', NULL, NULL, 1, 84, '11010', 17, 117, NULL, '2017-04-26 20:31:48', '2017-04-26 20:31:48'),
(472, NULL, 300238010, 'MXD532055H', NULL, NULL, 1, 67, '05001', 17, 82, NULL, '2017-04-26 20:31:48', '2017-04-26 20:31:48'),
(473, NULL, 300205724, 'MY03028243', NULL, NULL, 1, 105, '07001', 17, 91, NULL, '2017-04-26 20:31:48', '2017-04-26 20:31:48'),
(474, NULL, 300238121, 'P0505033813', NULL, NULL, 1, 93, '17001', 17, 143, NULL, '2017-04-26 20:31:48', '2017-04-26 20:31:48'),
(475, NULL, 300238013, 'P0505033814', NULL, NULL, 1, 93, '05001', 17, 82, NULL, '2017-04-26 20:31:48', '2017-04-26 20:31:48'),
(476, NULL, 300238037, 'P0505033817', NULL, NULL, 1, 93, '06009', 17, 22, NULL, '2017-04-26 20:31:48', '2017-04-26 20:31:48'),
(477, NULL, 300238065, 'P0505033819', NULL, NULL, 1, 93, '14001', 17, 87, NULL, '2017-04-26 20:31:48', '2017-04-26 20:31:48'),
(478, NULL, 300238009, 'P0505033820', NULL, NULL, 1, 93, '04001', 17, 187, NULL, '2017-04-26 20:31:48', '2017-04-26 20:31:48'),
(479, NULL, 300238053, 'P0505033821', NULL, NULL, 1, 93, '08003', 17, 195, NULL, '2017-04-26 20:31:48', '2017-04-26 20:31:48'),
(480, NULL, 300238017, 'P0505033822', NULL, NULL, 1, 93, '05001', 17, 82, NULL, '2017-04-26 20:31:48', '2017-04-26 20:31:48'),
(481, NULL, 300238025, 'P0505033824', NULL, NULL, 1, 93, '06003', 17, 32, NULL, '2017-04-26 20:31:48', '2017-04-26 20:31:48'),
(482, NULL, 300237985, 'P0505033825', NULL, NULL, 1, 93, '06006', 17, 165, NULL, '2017-04-26 20:31:48', '2017-04-26 20:31:48'),
(483, NULL, 300238033, 'P0505033829', NULL, NULL, 1, 93, '07001', 17, 91, NULL, '2017-04-26 20:31:48', '2017-04-26 20:31:48'),
(484, NULL, 300238093, 'P0505033830', NULL, NULL, 1, 93, '11006', 17, 136, NULL, '2017-04-26 20:31:48', '2017-04-26 20:31:48'),
(485, NULL, 300238085, 'P0505033831', NULL, NULL, 1, 93, '11006', 17, 136, NULL, '2017-04-26 20:31:48', '2017-04-26 20:31:48'),
(486, NULL, 300238105, 'P0505033832', NULL, NULL, 1, 93, '13001', 17, NULL, NULL, '2017-04-26 20:31:48', '2017-04-26 20:31:48'),
(487, NULL, 300238089, 'P0505033833', NULL, NULL, 1, 93, '11006', 17, 136, NULL, '2017-04-26 20:31:48', '2017-04-26 20:31:48'),
(488, NULL, 300238069, 'P0505033835', NULL, NULL, 1, 93, '14001', 17, 87, NULL, '2017-04-26 20:31:48', '2017-04-26 20:31:48'),
(489, NULL, 300238073, 'P0505033840', NULL, NULL, 1, 93, '09001', 17, 211, NULL, '2017-04-26 20:31:48', '2017-04-26 20:31:48'),
(490, NULL, 300238029, 'P0505033841', NULL, NULL, 1, 93, '06003', 17, 32, NULL, '2017-04-26 20:31:48', '2017-04-26 20:31:48'),
(491, NULL, 300238077, 'P0505033851', NULL, NULL, 1, 93, '09001', 17, 211, NULL, '2017-04-26 20:31:48', '2017-04-26 20:31:48'),
(492, NULL, 300238061, 'P0505033852', NULL, NULL, 1, 93, '07001', 17, 91, NULL, '2017-04-26 20:31:48', '2017-04-26 20:31:48'),
(493, NULL, 300238081, 'P0505033863', NULL, NULL, 1, 93, '09001', 17, 211, NULL, '2017-04-26 20:31:48', '2017-04-26 20:31:48'),
(494, NULL, 300238117, 'P0505033883', NULL, NULL, 1, 93, '17001', 17, 143, NULL, '2017-04-26 20:31:48', '2017-04-26 20:31:48'),
(495, NULL, 300237993, 'P0505033884', NULL, NULL, 1, 93, '02001', 17, 121, NULL, '2017-04-26 20:31:48', '2017-04-26 20:31:48'),
(496, NULL, 300237989, 'P0505033886', NULL, NULL, 1, 93, '06006', 17, 165, NULL, '2017-04-26 20:31:48', '2017-04-26 20:31:48'),
(497, NULL, 300238041, 'P0505033892', NULL, NULL, 1, 93, '06009', 17, 22, NULL, '2017-04-26 20:31:48', '2017-04-26 20:31:48'),
(498, NULL, 300238001, 'P0505034005', NULL, NULL, 1, 93, '02001', 17, 121, NULL, '2017-04-26 20:31:48', '2017-04-26 20:31:48'),
(499, NULL, 300238021, 'P0505034022', NULL, NULL, 1, 93, '06003', 17, 32, NULL, '2017-04-26 20:31:48', '2017-04-26 20:31:48'),
(500, NULL, 300238005, 'P0506006121', NULL, NULL, 1, 93, '04001', 17, 187, NULL, '2017-04-26 20:31:48', '2017-04-26 20:31:48'),
(501, NULL, 300238097, 'P0506006124', NULL, NULL, 1, 93, '13001', 17, NULL, NULL, '2017-04-26 20:31:48', '2017-04-26 20:31:48'),
(502, NULL, 300238045, 'P0506006148', NULL, NULL, 1, 93, '06009', 17, 22, NULL, '2017-04-26 20:31:48', '2017-04-26 20:31:48'),
(503, NULL, 300238049, 'P0506006150', NULL, NULL, 1, 93, '06009', 17, 22, NULL, '2017-04-26 20:31:48', '2017-04-26 20:31:48'),
(504, NULL, 300238125, 'P0506006151', NULL, NULL, 1, 93, '17001', 17, 143, NULL, '2017-04-26 20:31:48', '2017-04-26 20:31:48'),
(505, NULL, 300238109, 'P0506006168', NULL, NULL, 1, 93, '16001', 17, 80, NULL, '2017-04-26 20:31:48', '2017-04-26 20:31:48'),
(506, NULL, 300238057, 'P0506006187', NULL, NULL, 1, 93, '08003', 17, 195, NULL, '2017-04-26 20:31:48', '2017-04-26 20:31:48'),
(507, NULL, 300238113, 'P0506006209', NULL, NULL, 1, 93, '16001', 17, 80, NULL, '2017-04-26 20:31:48', '2017-04-26 20:31:48'),
(508, NULL, 300238101, 'P0506009088', NULL, NULL, 1, 93, '13001', 17, NULL, NULL, '2017-04-26 20:31:48', '2017-04-26 20:31:48'),
(509, NULL, 300208094, 'SBRJGC01654', NULL, NULL, 1, 21, '10005', 17, 73, NULL, '2017-04-26 20:31:48', '2017-04-26 20:31:48'),
(510, NULL, 300208089, 'SBRJGR00245', NULL, NULL, 1, 21, '01008', 17, 134, NULL, '2017-04-26 20:31:48', '2017-04-26 20:31:48'),
(511, NULL, 300205525, 'USCB829133', NULL, NULL, 1, 16, '07001', 17, 91, NULL, '2017-04-26 20:31:48', '2017-04-26 20:31:48'),
(512, NULL, 300205526, 'USCB829154', NULL, NULL, 1, 16, '01008', 17, 134, NULL, '2017-04-26 20:31:48', '2017-04-26 20:31:48'),
(513, NULL, 300205527, 'USCB829170', NULL, NULL, 1, 16, '01009', 17, 14, NULL, '2017-04-26 20:31:48', '2017-04-26 20:31:48'),
(514, NULL, 300205545, 'USCB829180', NULL, NULL, 1, 16, '01003', 17, 160, NULL, '2017-04-26 20:31:48', '2017-04-26 20:31:48'),
(515, NULL, 300205523, 'USCB829181', NULL, NULL, 1, 16, '11010', 17, 117, NULL, '2017-04-26 20:31:48', '2017-04-26 20:31:48'),
(516, NULL, 300269764, 'YJ9W710154128', NULL, NULL, 1, 94, '01002', 17, 78, NULL, '2017-04-26 20:31:48', '2017-04-26 20:31:48'),
(517, NULL, 300269765, 'YJ9W710154445', NULL, NULL, 1, 94, '01009', 17, 14, NULL, '2017-04-26 20:31:48', '2017-04-26 20:31:48'),
(518, NULL, 300266482, NULL, NULL, NULL, 1, 95, '06022', 17, 196, NULL, '2017-04-26 20:47:40', '2017-04-26 20:47:40'),
(520, NULL, 300266483, NULL, NULL, NULL, 1, 92, '06022', 17, 196, NULL, '2017-04-26 20:51:30', '2017-04-26 20:51:30'),
(521, NULL, 300266402, NULL, NULL, NULL, 1, 95, '06020', 17, 196, NULL, '2017-04-26 20:51:30', '2017-04-26 20:51:30'),
(522, NULL, 300266403, NULL, NULL, NULL, 1, 92, '06020', 17, 196, NULL, '2017-04-26 20:51:30', '2017-04-26 20:51:30'),
(523, NULL, 300184141, NULL, NULL, NULL, 1, 98, '06012', 17, 214, NULL, '2017-04-26 20:51:30', '2017-04-26 20:51:30'),
(524, NULL, 300184146, NULL, NULL, NULL, 1, 98, '06012', 17, 214, NULL, '2017-04-26 20:51:30', '2017-04-26 20:51:30'),
(525, NULL, 300184159, NULL, NULL, NULL, 1, 98, '06012', 17, 214, NULL, '2017-04-26 20:51:30', '2017-04-26 20:51:30'),
(526, NULL, 300113402, NULL, NULL, NULL, 1, 35, '06012', 17, 214, NULL, '2017-04-26 20:51:30', '2017-04-26 20:51:30'),
(527, NULL, 300266398, NULL, NULL, NULL, 1, 95, '03001', 17, 129, NULL, '2017-04-26 20:51:30', '2017-04-26 20:51:30'),
(528, NULL, 300266466, NULL, NULL, NULL, 1, 95, '02007', 17, 29, NULL, '2017-04-26 20:51:30', '2017-04-26 20:51:30'),
(529, NULL, 300266467, NULL, NULL, NULL, 1, 92, '02007', 17, 29, NULL, '2017-04-26 20:51:30', '2017-04-26 20:51:30'),
(530, NULL, 300266434, NULL, NULL, NULL, 1, 95, '02003', 17, 47, NULL, '2017-04-26 20:51:30', '2017-04-26 20:51:30'),
(531, NULL, 300266435, NULL, NULL, NULL, 1, 93, '02003', 17, 47, NULL, '2017-04-26 20:51:30', '2017-04-26 20:51:30'),
(532, NULL, 300266370, NULL, NULL, NULL, 1, 95, '02002', 17, 181, NULL, '2017-04-26 20:51:30', '2017-04-26 20:51:30'),
(533, NULL, 300266371, NULL, NULL, NULL, 1, 92, '02002', 17, 181, NULL, '2017-04-26 20:51:30', '2017-04-26 20:51:30'),
(534, NULL, 300266451, NULL, NULL, NULL, 1, 92, '01009', 17, 14, NULL, '2017-04-26 20:51:30', '2017-04-26 20:51:30'),
(535, NULL, 300266450, NULL, NULL, NULL, 1, 95, '01009', 17, 14, NULL, '2017-04-26 20:51:30', '2017-04-26 20:51:30'),
(536, NULL, 300266474, NULL, NULL, NULL, 1, 95, '01006', 17, 28, NULL, '2017-04-26 20:51:30', '2017-04-26 20:51:30'),
(537, NULL, 300266475, NULL, NULL, NULL, 1, 93, '01006', 17, 28, NULL, '2017-04-26 20:51:30', '2017-04-26 20:51:30'),
(538, NULL, 300266430, NULL, NULL, NULL, 1, 95, '01005', 17, 208, NULL, '2017-04-26 20:51:30', '2017-04-26 20:51:30'),
(539, NULL, 300266431, NULL, NULL, NULL, 1, 93, '01005', 17, 208, NULL, '2017-04-26 20:51:30', '2017-04-26 20:51:30'),
(540, NULL, 300266355, NULL, NULL, NULL, 1, 92, '01002', 17, 78, NULL, '2017-04-26 20:51:30', '2017-04-26 20:51:30'),
(541, NULL, 300266354, NULL, NULL, NULL, 1, 95, '01002', 17, 78, NULL, '2017-04-26 20:51:30', '2017-04-26 20:51:30'),
(542, NULL, 300266374, NULL, NULL, NULL, 1, 95, '01001', 17, 34, NULL, '2017-04-26 20:51:30', '2017-04-26 20:51:30'),
(543, NULL, 300266375, NULL, NULL, NULL, 1, 92, '01001', 17, 34, NULL, '2017-04-26 20:51:30', '2017-04-26 20:51:30'),
(544, NULL, 300266411, NULL, NULL, NULL, 1, 92, '18004', 17, 180, NULL, '2017-04-26 20:51:30', '2017-04-26 20:51:30'),
(545, NULL, 300266410, NULL, NULL, NULL, 1, 95, '18004', 17, 180, NULL, '2017-04-26 20:51:30', '2017-04-26 20:51:30'),
(546, NULL, 300266494, NULL, NULL, NULL, 1, 95, '18002', 17, 13, NULL, '2017-04-26 20:51:30', '2017-04-26 20:51:30'),
(547, NULL, 300266454, NULL, NULL, NULL, 1, 95, '17006', 17, 168, NULL, '2017-04-26 20:51:30', '2017-04-26 20:51:30'),
(548, NULL, 300266455, NULL, NULL, NULL, 1, 93, '17006', 17, 168, NULL, '2017-04-26 20:51:30', '2017-04-26 20:51:30'),
(549, NULL, 300266458, NULL, NULL, NULL, 1, 95, '13004', 17, 103, NULL, '2017-04-26 20:51:30', '2017-04-26 20:51:30'),
(550, NULL, 300266366, NULL, NULL, NULL, 1, 95, '11009', 17, 198, NULL, '2017-04-26 20:51:30', '2017-04-26 20:51:30'),
(551, NULL, 300266442, NULL, NULL, NULL, 1, 95, '11004', 17, NULL, NULL, '2017-04-26 20:51:30', '2017-04-26 20:51:30'),
(552, NULL, 300266443, NULL, NULL, NULL, 1, 92, '11004', 17, NULL, NULL, '2017-04-26 20:51:30', '2017-04-26 20:51:30'),
(553, NULL, 300266359, NULL, NULL, NULL, 1, 92, '11002', 17, 97, NULL, '2017-04-26 20:51:30', '2017-04-26 20:51:30'),
(554, NULL, 300266358, NULL, NULL, NULL, 1, 95, '11002', 17, 97, NULL, '2017-04-26 20:51:30', '2017-04-26 20:51:30'),
(555, NULL, 300266446, NULL, NULL, NULL, 1, 95, '10005', 17, 73, NULL, '2017-04-26 20:51:30', '2017-04-26 20:51:30'),
(556, NULL, 300266447, NULL, NULL, NULL, 1, 92, '10005', 17, 73, NULL, '2017-04-26 20:51:30', '2017-04-26 20:51:30'),
(557, NULL, 300266394, NULL, NULL, NULL, 1, 95, '10004', 17, NULL, NULL, '2017-04-26 20:51:30', '2017-04-26 20:51:30'),
(558, NULL, 300266395, NULL, NULL, NULL, 1, 92, '10004', 17, NULL, NULL, '2017-04-26 20:51:30', '2017-04-26 20:51:30'),
(559, NULL, 300266486, NULL, NULL, NULL, 1, 95, '10002', 17, 158, NULL, '2017-04-26 20:51:30', '2017-04-26 20:51:30'),
(560, NULL, 300266487, NULL, NULL, NULL, 1, 92, '10002', 17, 158, NULL, '2017-04-26 20:51:30', '2017-04-26 20:51:30'),
(561, NULL, 300208110, 'SBRJGR00135', NULL, '0000-00-00', 1, 21, NULL, 5, 244, NULL, '2017-04-26 21:10:36', '2017-04-26 21:10:36'),
(562, NULL, 300122523, '277', NULL, '0000-00-00', 1, 88, NULL, 5, 244, NULL, '2017-04-26 21:10:36', '2017-04-26 21:10:36'),
(563, NULL, 300341295, '1290131', NULL, '0000-00-00', 1, 50, NULL, 5, 244, NULL, '2017-04-26 21:10:36', '2017-04-26 21:10:36'),
(564, NULL, 300341296, '1290132', NULL, '0000-00-00', 1, 50, NULL, 5, 244, NULL, '2017-04-26 21:10:36', '2017-04-26 21:10:36'),
(565, NULL, 300341297, '1290197', NULL, '0000-00-00', 1, 50, NULL, 5, 244, NULL, '2017-04-26 21:10:36', '2017-04-26 21:10:36'),
(566, NULL, 300341299, '1290199', NULL, '0000-00-00', 1, 50, NULL, 5, 244, NULL, '2017-04-26 21:10:36', '2017-04-26 21:10:36'),
(567, NULL, 300341307, '1290807', NULL, '0000-00-00', 1, 50, NULL, 5, 244, NULL, '2017-04-26 21:10:36', '2017-04-26 21:10:36'),
(568, NULL, 300341313, '1290837', NULL, '0000-00-00', 1, 50, NULL, 5, 244, NULL, '2017-04-26 21:10:36', '2017-04-26 21:10:36'),
(569, NULL, 300341319, '1290851', NULL, '0000-00-00', 1, 50, NULL, 5, 244, NULL, '2017-04-26 21:10:36', '2017-04-26 21:10:36'),
(570, NULL, 300341322, '1290882', NULL, '0000-00-00', 1, 50, NULL, 5, 244, NULL, '2017-04-26 21:10:36', '2017-04-26 21:10:36'),
(571, NULL, 300341323, '1290884', NULL, '0000-00-00', 1, 50, NULL, 5, 244, NULL, '2017-04-26 21:10:36', '2017-04-26 21:10:36'),
(572, NULL, 300341326, '1290923', NULL, '0000-00-00', 1, 50, NULL, 5, 244, NULL, '2017-04-26 21:10:36', '2017-04-26 21:10:36'),
(573, NULL, 300341332, '1290941', NULL, '0000-00-00', 1, 50, NULL, 5, 244, NULL, '2017-04-26 21:10:36', '2017-04-26 21:10:36'),
(574, NULL, 300341338, '1290951', NULL, '0000-00-00', 1, 50, NULL, 5, 244, NULL, '2017-04-26 21:10:36', '2017-04-26 21:10:36'),
(575, NULL, 300341344, '1290969', NULL, '0000-00-00', 1, 50, NULL, 5, 244, NULL, '2017-04-26 21:10:36', '2017-04-26 21:10:36'),
(576, NULL, 300341349, '1291002', NULL, '0000-00-00', 1, 50, NULL, 5, 244, NULL, '2017-04-26 21:10:36', '2017-04-26 21:10:36'),
(577, NULL, 300341350, '1291003', NULL, '0000-00-00', 1, 50, NULL, 5, 244, NULL, '2017-04-26 21:10:36', '2017-04-26 21:10:36'),
(578, NULL, 300341354, '1291583', NULL, '0000-00-00', 1, 50, NULL, 5, 244, NULL, '2017-04-26 21:10:36', '2017-04-26 21:10:36'),
(579, NULL, 300341356, '1291601', NULL, '0000-00-00', 1, 50, NULL, 5, 244, NULL, '2017-04-26 21:10:36', '2017-04-26 21:10:36'),
(580, NULL, 300341360, '1291621', NULL, '0000-00-00', 1, 50, NULL, 5, 244, NULL, '2017-04-26 21:10:36', '2017-04-26 21:10:36'),
(581, NULL, 300341363, '1291624', NULL, '0000-00-00', 1, 50, NULL, 5, 244, NULL, '2017-04-26 21:10:36', '2017-04-26 21:10:36'),
(582, NULL, 300205486, '20180035', NULL, '0000-00-00', 1, 111, NULL, 5, 244, NULL, '2017-04-26 21:10:36', '2017-04-26 21:10:36'),
(583, NULL, 300276125, '316905312', NULL, '0000-00-00', 1, 54, NULL, 5, 244, NULL, '2017-04-26 21:10:36', '2017-04-26 21:10:36'),
(584, NULL, 300276126, '316907759', NULL, '0000-00-00', 1, 54, NULL, 5, 244, NULL, '2017-04-26 21:10:36', '2017-04-26 21:10:36'),
(585, NULL, 300206130, '1030010904', NULL, '0000-00-00', 1, 41, NULL, 5, 244, NULL, '2017-04-26 21:10:36', '2017-04-26 21:10:36'),
(586, NULL, 300206129, '1030010907', NULL, '0000-00-00', 1, 41, NULL, 5, 244, NULL, '2017-04-26 21:10:36', '2017-04-26 21:10:36'),
(587, NULL, 300206131, '199100018882', NULL, '0000-00-00', 1, 41, NULL, 5, 244, NULL, '2017-04-26 21:10:36', '2017-04-26 21:10:36'),
(588, NULL, 300206151, '00300279', NULL, '0000-00-00', 1, 30, NULL, 5, 244, NULL, '2017-04-26 21:10:36', '2017-04-26 21:10:36'),
(589, NULL, 300206150, '0070728', NULL, '0000-00-00', 1, 30, NULL, 5, 244, NULL, '2017-04-26 21:10:36', '2017-04-26 21:10:36'),
(590, NULL, 300206149, '0070731', NULL, '0000-00-00', 1, 30, NULL, 5, 244, NULL, '2017-04-26 21:10:36', '2017-04-26 21:10:36'),
(591, NULL, 300206142, '0070738', NULL, '0000-00-00', 1, 30, NULL, 5, 244, NULL, '2017-04-26 21:10:36', '2017-04-26 21:10:36'),
(592, NULL, 300206144, '00765827', NULL, '0000-00-00', 1, 30, NULL, 5, 244, NULL, '2017-04-26 21:10:36', '2017-04-26 21:10:36'),
(593, NULL, 300206141, '00765844', NULL, '0000-00-00', 1, 30, NULL, 5, 244, NULL, '2017-04-26 21:10:36', '2017-04-26 21:10:36'),
(594, NULL, 300206146, '00770112', NULL, '0000-00-00', 1, 30, NULL, 5, 244, NULL, '2017-04-26 21:10:36', '2017-04-26 21:10:36'),
(595, NULL, 300226002, '0403042314', NULL, '0000-00-00', 1, 80, NULL, 5, 244, NULL, '2017-04-26 21:10:36', '2017-04-26 21:10:36'),
(596, NULL, 300226020, '0407003173', NULL, '0000-00-00', 1, 80, NULL, 5, 244, NULL, '2017-04-26 21:10:36', '2017-04-26 21:10:36'),
(597, NULL, 300226008, '0407003178', NULL, '0000-00-00', 1, 80, NULL, 5, 244, NULL, '2017-04-26 21:10:36', '2017-04-26 21:10:36'),
(598, NULL, 300226004, '0407003283', NULL, '0000-00-00', 1, 80, NULL, 5, 244, NULL, '2017-04-26 21:10:36', '2017-04-26 21:10:36'),
(599, NULL, 300226001, '0407003817', NULL, '0000-00-00', 1, 80, NULL, 5, 244, NULL, '2017-04-26 21:10:36', '2017-04-26 21:10:36'),
(600, NULL, 300226006, '0407004215', NULL, '0000-00-00', 1, 80, NULL, 5, 244, NULL, '2017-04-26 21:10:36', '2017-04-26 21:10:36'),
(601, NULL, 300226003, '0407004254', NULL, '0000-00-00', 1, 80, NULL, 5, 244, NULL, '2017-04-26 21:10:36', '2017-04-26 21:10:36'),
(602, NULL, 300226007, '0407032332', NULL, '0000-00-00', 1, 80, NULL, 5, 244, NULL, '2017-04-26 21:10:36', '2017-04-26 21:10:36'),
(603, NULL, 300226010, '0407032337', NULL, '0000-00-00', 1, 80, NULL, 5, 244, NULL, '2017-04-26 21:10:36', '2017-04-26 21:10:36'),
(604, NULL, 300226284, '0407054775', NULL, '0000-00-00', 1, 80, NULL, 5, 244, NULL, '2017-04-26 21:10:36', '2017-04-26 21:10:36'),
(605, NULL, 300226013, '0407054778', NULL, '0000-00-00', 1, 80, NULL, 5, 244, NULL, '2017-04-26 21:10:36', '2017-04-26 21:10:36'),
(606, NULL, 300225990, '0407054785', NULL, '0000-00-00', 1, 80, NULL, 5, 244, NULL, '2017-04-26 21:10:36', '2017-04-26 21:10:36'),
(607, NULL, 300225993, '0407058800', NULL, '0000-00-00', 1, 80, NULL, 5, 244, NULL, '2017-04-26 21:10:36', '2017-04-26 21:10:36'),
(608, NULL, 300226012, '0407058804', NULL, '0000-00-00', 1, 80, NULL, 5, 244, NULL, '2017-04-26 21:10:36', '2017-04-26 21:10:36'),
(609, NULL, 300225998, '0407058805', NULL, '0000-00-00', 1, 80, NULL, 5, 244, NULL, '2017-04-26 21:10:36', '2017-04-26 21:10:36'),
(610, NULL, 300225996, '0407058813', NULL, '0000-00-00', 1, 80, NULL, 5, 244, NULL, '2017-04-26 21:10:36', '2017-04-26 21:10:36'),
(611, NULL, 300225995, '0407061854', NULL, '0000-00-00', 1, 80, NULL, 5, 244, NULL, '2017-04-26 21:10:36', '2017-04-26 21:10:36'),
(612, NULL, 300225988, '0407082114', NULL, '0000-00-00', 1, 80, NULL, 5, 244, NULL, '2017-04-26 21:10:36', '2017-04-26 21:10:36'),
(613, NULL, 300225992, '0407082637', NULL, '0000-00-00', 1, 80, NULL, 5, 244, NULL, '2017-04-26 21:10:36', '2017-04-26 21:10:36'),
(614, NULL, 300225989, '0407082655', NULL, '0000-00-00', 1, 80, NULL, 5, 244, NULL, '2017-04-26 21:10:36', '2017-04-26 21:10:36'),
(615, NULL, 300225997, '0407086887', NULL, '0000-00-00', 1, 80, NULL, 5, 244, NULL, '2017-04-26 21:10:36', '2017-04-26 21:10:36'),
(616, NULL, 300238143, '0600/LK3G5E0047518', NULL, '0000-00-00', 1, 87, NULL, 5, 244, NULL, '2017-04-26 21:10:36', '2017-04-26 21:10:36'),
(617, NULL, 300238146, '0600/LK3G5E0048299', NULL, '0000-00-00', 1, 87, NULL, 5, 244, NULL, '2017-04-26 21:10:36', '2017-04-26 21:10:36'),
(618, NULL, 300206143, '0782131', NULL, '0000-00-00', 1, 30, NULL, 5, 244, NULL, '2017-04-26 21:10:36', '2017-04-26 21:10:36'),
(619, NULL, 409175, '111026-0570743', NULL, '0000-00-00', 1, 66, NULL, 5, 244, NULL, '2017-04-26 21:10:36', '2017-04-26 21:10:36'),
(620, NULL, 409176, '111026-0570823', NULL, '0000-00-00', 1, 66, NULL, 5, 244, NULL, '2017-04-26 21:10:36', '2017-04-26 21:10:36'),
(621, NULL, 300207459, '1K25801760B', NULL, '0000-00-00', 1, 41, NULL, 5, 244, NULL, '2017-04-26 21:10:36', '2017-04-26 21:10:36'),
(622, NULL, 300207457, '1K25802072B', NULL, '0000-00-00', 1, 41, NULL, 5, 244, NULL, '2017-04-26 21:10:36', '2017-04-26 21:10:36'),
(623, NULL, 300207455, '1K25802078B', NULL, '0000-00-00', 1, 41, NULL, 5, 244, NULL, '2017-04-26 21:10:36', '2017-04-26 21:10:36'),
(624, NULL, 300200829, '2A32702584B', NULL, '0000-00-00', 1, 41, NULL, 5, 244, NULL, '2017-04-26 21:10:36', '2017-04-26 21:10:36'),
(625, NULL, 300200825, '2A32709903B', NULL, '0000-00-00', 1, 41, NULL, 5, 244, NULL, '2017-04-26 21:10:36', '2017-04-26 21:10:36'),
(626, NULL, 300205631, '30001663', NULL, '0000-00-00', 1, 37, NULL, 5, 244, NULL, '2017-04-26 21:10:36', '2017-04-26 21:10:36'),
(627, NULL, 300207555, '302CP28KB904', NULL, NULL, 1, 106, NULL, 20, 244, NULL, '2017-04-26 21:10:36', '2017-04-26 21:10:36'),
(628, NULL, 300207554, '302CP28KC003', NULL, '0000-00-00', 1, 106, NULL, 5, 244, NULL, '2017-04-26 21:10:36', '2017-04-26 21:10:36'),
(629, NULL, 300207583, '302CP28KC006', NULL, '0000-00-00', 1, 106, NULL, 5, 244, NULL, '2017-04-26 21:10:36', '2017-04-26 21:10:36'),
(630, NULL, 300207556, '302CP28KC007', NULL, '0000-00-00', 1, 106, NULL, 5, 244, NULL, '2017-04-26 21:10:36', '2017-04-26 21:10:36'),
(631, NULL, 300207595, '302CP28KC026', NULL, NULL, 1, 106, NULL, 20, 244, NULL, '2017-04-26 21:10:36', '2017-04-26 21:10:36'),
(632, NULL, 300207592, '302CP28KC027', NULL, '0000-00-00', 1, 106, NULL, 5, 244, NULL, '2017-04-26 21:10:36', '2017-04-26 21:10:36'),
(633, NULL, 300207576, '302CP28KC068', NULL, '0000-00-00', 1, 106, NULL, 5, 244, NULL, '2017-04-26 21:10:36', '2017-04-26 21:10:36'),
(634, NULL, 300207578, '302CP28KC088', NULL, '0000-00-00', 1, 106, NULL, 5, 244, NULL, '2017-04-26 21:10:36', '2017-04-26 21:10:36'),
(635, NULL, 300207585, '302CP28KC090', NULL, NULL, 1, 106, NULL, 20, 244, NULL, '2017-04-26 21:10:36', '2017-04-26 21:10:36'),
(636, NULL, 300207600, '302CP28KC362', NULL, '0000-00-00', 1, 106, NULL, 5, 244, NULL, '2017-04-26 21:10:36', '2017-04-26 21:10:36'),
(637, NULL, 300207580, '302CP28KC499', NULL, '0000-00-00', 1, 106, NULL, 5, 244, NULL, '2017-04-26 21:10:36', '2017-04-26 21:10:36'),
(638, NULL, 300207596, '302CP28KC504', NULL, NULL, 1, 106, NULL, 20, 244, NULL, '2017-04-26 21:10:36', '2017-04-26 21:10:36'),
(639, NULL, 300207579, '302CP28KC623', NULL, '0000-00-00', 1, 106, NULL, 5, 244, NULL, '2017-04-26 21:10:36', '2017-04-26 21:10:36'),
(640, NULL, 300207622, '302CP28KC625', NULL, NULL, 1, 106, NULL, 20, 244, NULL, '2017-04-26 21:10:36', '2017-04-26 21:10:36'),
(641, NULL, 300207589, '303CP28KC361', NULL, NULL, 1, 106, NULL, 20, 244, NULL, '2017-04-26 21:10:36', '2017-04-26 21:10:36'),
(642, NULL, 300207574, '303CP28KC380', NULL, NULL, 1, 106, NULL, 20, 244, NULL, '2017-04-26 21:10:36', '2017-04-26 21:10:36'),
(643, NULL, 300276124, '316A15332', NULL, NULL, 1, 54, NULL, 20, 244, NULL, '2017-04-26 21:10:36', '2017-04-26 21:10:36'),
(644, NULL, 300276120, '316A17174', NULL, '0000-00-00', 1, 54, NULL, 5, 244, NULL, '2017-04-26 21:10:36', '2017-04-26 21:10:36'),
(645, NULL, 300275553, '316A17345', NULL, '0000-00-00', 1, 54, NULL, 5, 244, NULL, '2017-04-26 21:10:36', '2017-04-26 21:10:36'),
(646, NULL, 300275552, '316A17348', NULL, '0000-00-00', 1, 54, NULL, 5, 244, NULL, '2017-04-26 21:10:36', '2017-04-26 21:10:36'),
(647, NULL, 300275534, '316A17838', NULL, '0000-00-00', 1, 54, NULL, 5, 244, NULL, '2017-04-26 21:10:36', '2017-04-26 21:10:36'),
(648, NULL, 300275535, '316A17840', NULL, '0000-00-00', 1, 54, NULL, 5, 244, NULL, '2017-04-26 21:10:36', '2017-04-26 21:10:36'),
(649, NULL, 300275580, '316A17852', NULL, '0000-00-00', 1, 54, NULL, 5, 244, NULL, '2017-04-26 21:10:36', '2017-04-26 21:10:36'),
(650, NULL, 300275542, '316A18103', NULL, '0000-00-00', 1, 54, NULL, 5, 244, NULL, '2017-04-26 21:10:36', '2017-04-26 21:10:36'),
(651, NULL, 300275557, '316A18130', NULL, '0000-00-00', 1, 54, NULL, 5, 244, NULL, '2017-04-26 21:10:36', '2017-04-26 21:10:36'),
(652, NULL, 300184149, '5023675-0', NULL, '0000-00-00', 1, 80, NULL, 5, 244, NULL, '2017-04-26 21:10:36', '2017-04-26 21:10:36'),
(653, NULL, 300184158, '5024064-0', NULL, '0000-00-00', 1, 80, NULL, 5, 244, NULL, '2017-04-26 21:10:36', '2017-04-26 21:10:36'),
(654, NULL, 300184154, '5035834-0', NULL, '0000-00-00', 1, 80, NULL, 5, 244, NULL, '2017-04-26 21:10:36', '2017-04-26 21:10:36'),
(655, NULL, 300206161, '600030710897', NULL, '0000-00-00', 1, 30, NULL, 5, 244, NULL, '2017-04-26 21:10:36', '2017-04-26 21:10:36'),
(656, NULL, 300207494, '6X2CKN9ZA2R7', NULL, '0000-00-00', 1, 72, NULL, 5, 244, NULL, '2017-04-26 21:10:36', '2017-04-26 21:10:36'),
(657, NULL, 300207506, '6X2CKN9ZAOAZ', NULL, '0000-00-00', 1, 72, NULL, 5, 244, NULL, '2017-04-26 21:10:36', '2017-04-26 21:10:36'),
(658, NULL, 300207446, '7Z5V1W82F60CO', NULL, '0000-00-00', 1, 78, NULL, 5, 244, NULL, '2017-04-26 21:10:36', '2017-04-26 21:10:36'),
(659, NULL, 300205640, '7ZBV200BCEE', NULL, '0000-00-00', 1, 2, NULL, 5, 244, NULL, '2017-04-26 21:10:36', '2017-04-26 21:10:36'),
(660, NULL, 300205573, '7ZBV200C846', NULL, '0000-00-00', 1, 2, NULL, 5, 244, NULL, '2017-04-26 21:10:36', '2017-04-26 21:10:36'),
(661, NULL, 300205641, '7ZBV200C8F4', NULL, '0000-00-00', 1, 2, NULL, 5, 244, NULL, '2017-04-26 21:10:36', '2017-04-26 21:10:36'),
(662, NULL, 300205639, '7ZBV200C91B', NULL, '0000-00-00', 1, 2, NULL, 5, 244, NULL, '2017-04-26 21:10:36', '2017-04-26 21:10:36'),
(663, NULL, 300205345, '7ZBV200DE8D', NULL, '0000-00-00', 1, 2, NULL, 5, 244, NULL, '2017-04-26 21:10:36', '2017-04-26 21:10:36'),
(664, NULL, 300205485, '9103002813B', NULL, '0000-00-00', 1, 41, NULL, 5, 244, NULL, '2017-04-26 21:10:36', '2017-04-26 21:10:36'),
(665, NULL, 300205330, '9103002814B', NULL, '0000-00-00', 1, 41, NULL, 5, 244, NULL, '2017-04-26 21:10:36', '2017-04-26 21:10:36'),
(666, NULL, 300205479, '9103002817B', NULL, '0000-00-00', 1, 41, NULL, 5, 244, NULL, '2017-04-26 21:10:36', '2017-04-26 21:10:36'),
(667, NULL, 300205436, '9103004215B', NULL, '0000-00-00', 1, 41, NULL, 5, 244, NULL, '2017-04-26 21:10:36', '2017-04-26 21:10:36'),
(668, NULL, 300205629, '9103004216B', NULL, '0000-00-00', 1, 41, NULL, 5, 244, NULL, '2017-04-26 21:10:36', '2017-04-26 21:10:36'),
(669, NULL, 300205698, '9103004217B', NULL, '0000-00-00', 1, 41, NULL, 5, 244, NULL, '2017-04-26 21:10:36', '2017-04-26 21:10:36'),
(670, NULL, 300205445, '9103004218B', NULL, '0000-00-00', 1, 41, NULL, 5, 244, NULL, '2017-04-26 21:10:36', '2017-04-26 21:10:36'),
(671, NULL, 300206137, '9103004219B', NULL, '0000-00-00', 1, 41, NULL, 5, 244, NULL, '2017-04-26 21:10:36', '2017-04-26 21:10:36'),
(672, NULL, 300205588, '9103004220B', NULL, '0000-00-00', 1, 41, NULL, 5, 244, NULL, '2017-04-26 21:10:36', '2017-04-26 21:10:36'),
(673, NULL, 300205470, '9103004601B', NULL, '0000-00-00', 1, 41, NULL, 5, 244, NULL, '2017-04-26 21:10:36', '2017-04-26 21:10:36'),
(674, NULL, 300205349, '9103004603B', NULL, '0000-00-00', 1, 41, NULL, 5, 244, NULL, '2017-04-26 21:10:36', '2017-04-26 21:10:36'),
(675, NULL, 300205675, '9103004604B', NULL, '0000-00-00', 1, 41, NULL, 5, 244, NULL, '2017-04-26 21:10:36', '2017-04-26 21:10:36'),
(676, NULL, 300205510, '9103004606B', NULL, '0000-00-00', 1, 41, NULL, 5, 244, NULL, '2017-04-26 21:10:36', '2017-04-26 21:10:36'),
(677, NULL, 300205361, '9103004608B', NULL, '0000-00-00', 1, 41, NULL, 5, 244, NULL, '2017-04-26 21:10:36', '2017-04-26 21:10:36'),
(678, NULL, 300205991, '9103004869B', NULL, '0000-00-00', 1, 41, NULL, 5, 244, NULL, '2017-04-26 21:10:36', '2017-04-26 21:10:36'),
(679, NULL, 300205596, '9103006192B', NULL, '0000-00-00', 1, 41, NULL, 5, 244, NULL, '2017-04-26 21:10:36', '2017-04-26 21:10:36'),
(680, NULL, 300205618, '9103006711B', NULL, '0000-00-00', 1, 41, NULL, 5, 244, NULL, '2017-04-26 21:10:36', '2017-04-26 21:10:36'),
(681, NULL, 300206028, '9103006712B', NULL, '0000-00-00', 1, 41, NULL, 5, 244, NULL, '2017-04-26 21:10:36', '2017-04-26 21:10:36'),
(682, NULL, 300206093, '9103006716B', NULL, '0000-00-00', 1, 41, NULL, 5, 244, NULL, '2017-04-26 21:10:36', '2017-04-26 21:10:36'),
(683, NULL, 300205682, '9103006717B', NULL, '0000-00-00', 1, 41, NULL, 5, 244, NULL, '2017-04-26 21:10:36', '2017-04-26 21:10:36'),
(684, NULL, 300205364, '9103006718B', NULL, '0000-00-00', 1, 41, NULL, 5, 244, NULL, '2017-04-26 21:10:36', '2017-04-26 21:10:36'),
(685, NULL, 300205624, '9K11400363B', NULL, '0000-00-00', 1, 41, NULL, 5, 244, NULL, '2017-04-26 21:10:36', '2017-04-26 21:10:36'),
(686, NULL, 300206126, '9K11400366B', NULL, '0000-00-00', 1, 41, NULL, 5, 244, NULL, '2017-04-26 21:10:36', '2017-04-26 21:10:36'),
(687, NULL, 300205718, '9K11400476B', NULL, '0000-00-00', 1, 41, NULL, 5, 244, NULL, '2017-04-26 21:10:36', '2017-04-26 21:10:36'),
(688, NULL, 300205693, '9K11400478B', NULL, '0000-00-00', 1, 41, NULL, 5, 244, NULL, '2017-04-26 21:10:36', '2017-04-26 21:10:36'),
(689, NULL, 300205366, '9K11400957B', NULL, '0000-00-00', 1, 41, NULL, 5, 244, NULL, '2017-04-26 21:10:36', '2017-04-26 21:10:36'),
(690, NULL, 300205562, '9K11402585B', NULL, '0000-00-00', 1, 41, NULL, 5, 244, NULL, '2017-04-26 21:10:36', '2017-04-26 21:10:36'),
(691, NULL, 300205489, '9K11403776B', NULL, '0000-00-00', 1, 41, NULL, 5, 244, NULL, '2017-04-26 21:10:36', '2017-04-26 21:10:36'),
(692, NULL, 300205583, '9K11501424B', NULL, '0000-00-00', 1, 41, NULL, 5, 244, NULL, '2017-04-26 21:10:36', '2017-04-26 21:10:36'),
(693, NULL, 300205979, '9K11501431B', NULL, '0000-00-00', 1, 41, NULL, 5, 244, NULL, '2017-04-26 21:10:36', '2017-04-26 21:10:36'),
(694, NULL, 300206108, '9K11501433B', NULL, '0000-00-00', 1, 41, NULL, 5, 244, NULL, '2017-04-26 21:10:36', '2017-04-26 21:10:36'),
(695, NULL, 300206090, '9K11501440B', NULL, '0000-00-00', 1, 41, NULL, 5, 244, NULL, '2017-04-26 21:10:36', '2017-04-26 21:10:36'),
(696, NULL, 300206032, '9K11501447B', NULL, '0000-00-00', 1, 41, NULL, 5, 244, NULL, '2017-04-26 21:10:36', '2017-04-26 21:10:36'),
(697, NULL, 300205672, '9K11501459B', NULL, '0000-00-00', 1, 41, NULL, 5, 244, NULL, '2017-04-26 21:10:36', '2017-04-26 21:10:36'),
(698, NULL, 300205678, '9K11501523B', NULL, '0000-00-00', 1, 41, NULL, 5, 244, NULL, '2017-04-26 21:10:36', '2017-04-26 21:10:36'),
(699, NULL, 300206064, '9K11501526B', NULL, '0000-00-00', 1, 41, NULL, 5, 244, NULL, '2017-04-26 21:10:36', '2017-04-26 21:10:36'),
(700, NULL, 300205519, '9K11501531B', NULL, '0000-00-00', 1, 41, NULL, 5, 244, NULL, '2017-04-26 21:10:36', '2017-04-26 21:10:36'),
(701, NULL, 300205463, '9K11503392B', NULL, '0000-00-00', 1, 41, NULL, 5, 244, NULL, '2017-04-26 21:10:36', '2017-04-26 21:10:36'),
(702, NULL, 300206086, '9K11503393B', NULL, '0000-00-00', 1, 41, NULL, 5, 244, NULL, '2017-04-26 21:10:36', '2017-04-26 21:10:36'),
(703, NULL, 300206008, '9K11503396B', NULL, '0000-00-00', 1, 41, NULL, 5, 244, NULL, '2017-04-26 21:10:36', '2017-04-26 21:10:36'),
(704, NULL, 300205736, '9K11504011B', NULL, '0000-00-00', 1, 41, NULL, 5, 244, NULL, '2017-04-26 21:10:36', '2017-04-26 21:10:36'),
(705, NULL, 300205731, '9K11504016B', NULL, '0000-00-00', 1, 41, NULL, 5, 244, NULL, '2017-04-26 21:10:36', '2017-04-26 21:10:36'),
(706, NULL, 300205668, '9K11504017B', NULL, '0000-00-00', 1, 41, NULL, 5, 244, NULL, '2017-04-26 21:10:36', '2017-04-26 21:10:36'),
(707, NULL, 300205358, '9K11504713B', NULL, '0000-00-00', 1, 41, NULL, 5, 244, NULL, '2017-04-26 21:10:36', '2017-04-26 21:10:36'),
(708, NULL, 300206039, '9K11504715B', NULL, '0000-00-00', 1, 41, NULL, 5, 244, NULL, '2017-04-26 21:10:36', '2017-04-26 21:10:36'),
(709, NULL, 300205459, '9K11504717B', NULL, '0000-00-00', 1, 41, NULL, 5, 244, NULL, '2017-04-26 21:10:36', '2017-04-26 21:10:36'),
(710, NULL, 300205504, '9K11504736B', NULL, '0000-00-00', 1, 41, NULL, 5, 244, NULL, '2017-04-26 21:10:36', '2017-04-26 21:10:36'),
(711, NULL, 300205613, '9K11504737B', NULL, '0000-00-00', 1, 41, NULL, 5, 244, NULL, '2017-04-26 21:10:36', '2017-04-26 21:10:36'),
(712, NULL, 300205475, '9K11504738B', NULL, '0000-00-00', 1, 41, NULL, 5, 244, NULL, '2017-04-26 21:10:36', '2017-04-26 21:10:36'),
(713, NULL, 300205995, '9K11504739B', NULL, '0000-00-00', 1, 41, NULL, 5, 244, NULL, '2017-04-26 21:10:36', '2017-04-26 21:10:36'),
(714, NULL, 300205357, '9K11504740B', NULL, '0000-00-00', 1, 41, NULL, 5, 244, NULL, '2017-04-26 21:10:36', '2017-04-26 21:10:36'),
(715, NULL, 300205608, '9K11504757B', NULL, '0000-00-00', 1, 41, NULL, 5, 244, NULL, '2017-04-26 21:10:36', '2017-04-26 21:10:36'),
(716, NULL, 300205748, '9K11504764B', NULL, '0000-00-00', 1, 41, NULL, 5, 244, NULL, '2017-04-26 21:10:36', '2017-04-26 21:10:36'),
(717, NULL, 300206049, '9K11509145B', NULL, '0000-00-00', 1, 41, NULL, 5, 244, NULL, '2017-04-26 21:10:36', '2017-04-26 21:10:36'),
(718, NULL, 300205663, '9K11509149B', NULL, '0000-00-00', 1, 41, NULL, 5, 244, NULL, '2017-04-26 21:10:36', '2017-04-26 21:10:36'),
(719, NULL, 300205604, '9K11509150B', NULL, '0000-00-00', 1, 41, NULL, 5, 244, NULL, '2017-04-26 21:10:36', '2017-04-26 21:10:36'),
(720, NULL, 300205753, '9L24505947B', NULL, '0000-00-00', 1, 41, NULL, 5, 244, NULL, '2017-04-26 21:10:36', '2017-04-26 21:10:36'),
(721, NULL, 300205688, '9L24506065B', NULL, '0000-00-00', 1, 41, NULL, 5, 244, NULL, '2017-04-26 21:10:36', '2017-04-26 21:10:36'),
(722, NULL, 300205714, '9L24506068B', NULL, '0000-00-00', 1, 41, NULL, 5, 244, NULL, '2017-04-26 21:10:36', '2017-04-26 21:10:36'),
(723, NULL, 300205959, '9L24507102B', NULL, '0000-00-00', 1, 41, NULL, 5, 244, NULL, '2017-04-26 21:10:36', '2017-04-26 21:10:36'),
(724, NULL, 300205757, '9L24507783B', NULL, '0000-00-00', 1, 41, NULL, 5, 244, NULL, '2017-04-26 21:10:36', '2017-04-26 21:10:36'),
(725, NULL, 300205710, '9L24507789B', NULL, '0000-00-00', 1, 41, NULL, 5, 244, NULL, '2017-04-26 21:10:36', '2017-04-26 21:10:36'),
(726, NULL, 300205334, '9L24508593B', NULL, '0000-00-00', 1, 41, NULL, 5, 244, NULL, '2017-04-26 21:10:36', '2017-04-26 21:10:36'),
(727, NULL, 300121737, '9S74001921', NULL, '0000-00-00', 1, 40, NULL, 5, 244, NULL, '2017-04-26 21:10:36', '2017-04-26 21:10:36'),
(728, NULL, 300206147, 'B00110125', NULL, '0000-00-00', 1, 30, NULL, 5, 244, NULL, '2017-04-26 21:10:36', '2017-04-26 21:10:36'),
(729, NULL, 300206145, 'B00112430', NULL, '0000-00-00', 1, 30, NULL, 5, 244, NULL, '2017-04-26 21:10:36', '2017-04-26 21:10:36'),
(730, NULL, 300207654, 'BOFGA024WY', NULL, '0000-00-00', 1, 39, NULL, 5, 244, NULL, '2017-04-26 21:10:36', '2017-04-26 21:10:36'),
(731, NULL, 300207677, 'BOFGA024YF', NULL, '0000-00-00', 1, 39, NULL, 5, 244, NULL, '2017-04-26 21:10:36', '2017-04-26 21:10:36'),
(732, NULL, 300207651, 'BOFGA0251N', NULL, '0000-00-00', 1, 39, NULL, 5, 244, NULL, '2017-04-26 21:10:36', '2017-04-26 21:10:36'),
(733, NULL, 300207636, 'BOFGA02537', NULL, '0000-00-00', 1, 39, NULL, 5, 244, NULL, '2017-04-26 21:10:36', '2017-04-26 21:10:36'),
(734, NULL, 300207720, 'BOMN3NU03QI', NULL, '0000-00-00', 1, 108, NULL, 5, 244, NULL, '2017-04-26 21:10:36', '2017-04-26 21:10:36'),
(735, NULL, 300207746, 'BOMN3NU03QT', NULL, '0000-00-00', 1, 108, NULL, 5, 244, NULL, '2017-04-26 21:10:36', '2017-04-26 21:10:36'),
(736, NULL, 300206132, 'C0005027082', NULL, '0000-00-00', 1, 41, NULL, 5, 244, NULL, '2017-04-26 21:10:36', '2017-04-26 21:10:36'),
(737, NULL, 300206128, 'C005030147', NULL, '0000-00-00', 1, 41, NULL, 5, 244, NULL, '2017-04-26 21:10:36', '2017-04-26 21:10:36'),
(738, NULL, 300225947, 'C0403294633', NULL, '0000-00-00', 1, 96, NULL, 5, 244, NULL, '2017-04-26 21:10:36', '2017-04-26 21:10:36'),
(739, NULL, 300225952, 'C0407137788', NULL, '0000-00-00', 1, 96, NULL, 5, 244, NULL, '2017-04-26 21:10:36', '2017-04-26 21:10:36'),
(740, NULL, 300225955, 'C0407137926', NULL, '0000-00-00', 1, 96, NULL, 5, 244, NULL, '2017-04-26 21:10:36', '2017-04-26 21:10:36'),
(741, NULL, 300225946, 'C0407139680', NULL, '0000-00-00', 1, 96, NULL, 5, 244, NULL, '2017-04-26 21:10:36', '2017-04-26 21:10:36'),
(742, NULL, 300225936, 'C0408077892', NULL, '0000-00-00', 1, 96, NULL, 5, 244, NULL, '2017-04-26 21:10:36', '2017-04-26 21:10:36'),
(743, NULL, 300225932, 'C0408078048', NULL, '0000-00-00', 1, 96, NULL, 5, 244, NULL, '2017-04-26 21:10:36', '2017-04-26 21:10:36'),
(744, NULL, 300225941, 'C0408078070', NULL, '0000-00-00', 1, 96, NULL, 5, 244, NULL, '2017-04-26 21:10:36', '2017-04-26 21:10:36'),
(745, NULL, 300225939, 'C0408079225', NULL, '0000-00-00', 1, 96, NULL, 5, 244, NULL, '2017-04-26 21:10:36', '2017-04-26 21:10:36'),
(746, NULL, 300238112, 'C0506092317', NULL, '0000-00-00', 1, 96, NULL, 5, 244, NULL, '2017-04-26 21:10:36', '2017-04-26 21:10:36'),
(747, NULL, 300238108, 'C0506092596', NULL, '0000-00-00', 1, 96, NULL, 5, 244, NULL, '2017-04-26 21:10:36', '2017-04-26 21:10:36'),
(748, NULL, 300206148, 'CE9C02401211', NULL, '0000-00-00', 1, 30, NULL, 5, 244, NULL, '2017-04-26 21:10:36', '2017-04-26 21:10:36'),
(749, NULL, 300343103, 'CNB1M19800', NULL, '0000-00-00', 1, 24, NULL, 5, 244, NULL, '2017-04-26 21:10:36', '2017-04-26 21:10:36'),
(750, NULL, 300343112, 'CNB1M19801', NULL, '0000-00-00', 1, 24, NULL, 5, 244, NULL, '2017-04-26 21:10:36', '2017-04-26 21:10:36'),
(751, NULL, 300343136, 'CNB1M19804', NULL, '0000-00-00', 1, 24, NULL, 5, 244, NULL, '2017-04-26 21:10:36', '2017-04-26 21:10:36'),
(752, NULL, 300343121, 'CNB1M19808', NULL, '0000-00-00', 1, 24, NULL, 5, 244, NULL, '2017-04-26 21:10:36', '2017-04-26 21:10:36'),
(753, NULL, 300343137, 'CNB1M19810', NULL, '0000-00-00', 1, 24, NULL, 5, 244, NULL, '2017-04-26 21:10:36', '2017-04-26 21:10:36'),
(754, NULL, 300343105, 'CNB1M19812', NULL, '0000-00-00', 1, 24, NULL, 5, 244, NULL, '2017-04-26 21:10:36', '2017-04-26 21:10:36'),
(755, NULL, 300343114, 'CNB1M19813', NULL, '0000-00-00', 1, 24, NULL, 5, 244, NULL, '2017-04-26 21:10:36', '2017-04-26 21:10:36'),
(756, NULL, 300343097, 'CNB1M19819', NULL, '0000-00-00', 1, 24, NULL, 5, 244, NULL, '2017-04-26 21:10:36', '2017-04-26 21:10:36'),
(757, NULL, 300343140, 'CNB1M19951', NULL, '0000-00-00', 1, 24, NULL, 5, 244, NULL, '2017-04-26 21:10:36', '2017-04-26 21:10:36'),
(758, NULL, 300343108, 'CNB1M19953', NULL, '0000-00-00', 1, 24, NULL, 5, 244, NULL, '2017-04-26 21:10:36', '2017-04-26 21:10:36'),
(759, NULL, 300343125, 'CNB1M19955', NULL, '0000-00-00', 1, 24, NULL, 5, 244, NULL, '2017-04-26 21:10:36', '2017-04-26 21:10:36'),
(760, NULL, 300343133, 'CNB1M19956', NULL, '0000-00-00', 1, 24, NULL, 5, 244, NULL, '2017-04-26 21:10:36', '2017-04-26 21:10:36'),
(761, NULL, 300343118, 'CNB1M19960', NULL, '0000-00-00', 1, 24, NULL, 5, 244, NULL, '2017-04-26 21:10:36', '2017-04-26 21:10:36'),
(762, NULL, 300343126, 'CNB1M19961', NULL, '0000-00-00', 1, 24, NULL, 5, 244, NULL, '2017-04-26 21:10:36', '2017-04-26 21:10:36'),
(763, NULL, 300343142, 'CNB1M19989', NULL, '0000-00-00', 1, 24, NULL, 5, 244, NULL, '2017-04-26 21:10:36', '2017-04-26 21:10:36'),
(764, NULL, 300343119, 'CNB1M19995', NULL, '0000-00-00', 1, 24, NULL, 5, 244, NULL, '2017-04-26 21:10:36', '2017-04-26 21:10:36'),
(765, NULL, 300343127, 'CNB1M19996', NULL, '0000-00-00', 1, 24, NULL, 5, 244, NULL, '2017-04-26 21:10:36', '2017-04-26 21:10:36'),
(766, NULL, 300343143, 'CNB1M19999', NULL, '0000-00-00', 1, 24, NULL, 5, 244, NULL, '2017-04-26 21:10:36', '2017-04-26 21:10:36'),
(767, NULL, 300343102, 'CNB1M20001', NULL, '0000-00-00', 1, 24, NULL, 5, 244, NULL, '2017-04-26 21:10:36', '2017-04-26 21:10:36'),
(768, NULL, 300275394, 'CNB1R02038', NULL, '0000-00-00', 1, 23, NULL, 5, 244, NULL, '2017-04-26 21:10:36', '2017-04-26 21:10:36'),
(769, NULL, 300275398, 'CNB1R02405', NULL, '0000-00-00', 1, 23, NULL, 5, 244, NULL, '2017-04-26 21:10:36', '2017-04-26 21:10:36'),
(770, NULL, 300275405, 'CNB1R02411', NULL, '0000-00-00', 1, 23, NULL, 5, 244, NULL, '2017-04-26 21:10:36', '2017-04-26 21:10:36'),
(771, NULL, 300275403, 'CNB1R02413', NULL, '0000-00-00', 1, 23, NULL, 5, 244, NULL, '2017-04-26 21:10:36', '2017-04-26 21:10:36'),
(772, NULL, 300275402, 'CNB1S01844', NULL, '0000-00-00', 1, 23, NULL, 5, 244, NULL, '2017-04-26 21:10:36', '2017-04-26 21:10:36'),
(773, NULL, 300232441, 'CNBGG50644', NULL, '0000-00-00', 1, 22, NULL, 5, 244, NULL, '2017-04-26 21:10:36', '2017-04-26 21:10:36'),
(774, NULL, 300232445, 'CNBGH97001', NULL, '0000-00-00', 1, 22, NULL, 5, 244, NULL, '2017-04-26 21:10:36', '2017-04-26 21:10:36'),
(775, NULL, 300225890, 'CNC4281C2Z', NULL, '0000-00-00', 1, 74, NULL, 5, 244, NULL, '2017-04-26 21:10:36', '2017-04-26 21:10:36'),
(776, NULL, 300225893, 'CNC4281C78', NULL, '0000-00-00', 1, 46, NULL, 5, 244, NULL, '2017-04-26 21:10:36', '2017-04-26 21:10:36'),
(777, NULL, 300276330, 'CND1S08722', NULL, '0000-00-00', 1, 20, NULL, 5, 244, NULL, '2017-04-26 21:10:36', '2017-04-26 21:10:36'),
(778, NULL, 300200831, 'CNDRG49406', NULL, '0000-00-00', 1, 21, NULL, 5, 244, NULL, '2017-04-26 21:10:36', '2017-04-26 21:10:36'),
(779, NULL, 300266237, 'CNGJF31276', NULL, '0000-00-00', 1, 18, NULL, 5, 244, NULL, '2017-04-26 21:10:36', '2017-04-26 21:10:36'),
(780, NULL, 300266243, 'CNGJG12058', NULL, '0000-00-00', 1, 18, NULL, 5, 244, NULL, '2017-04-26 21:10:36', '2017-04-26 21:10:36'),
(781, NULL, 300237430, 'CNGKB13919', NULL, '0000-00-00', 1, 18, NULL, 5, 244, NULL, '2017-04-26 21:10:36', '2017-04-26 21:10:36'),
(782, NULL, 300237446, 'CNGKB13922', NULL, '0000-00-00', 1, 18, NULL, 5, 244, NULL, '2017-04-26 21:10:36', '2017-04-26 21:10:36'),
(783, NULL, 300237447, 'CNGKB13970', NULL, NULL, 1, 18, NULL, 20, 244, NULL, '2017-04-26 21:10:36', '2017-04-26 21:10:36'),
(784, NULL, 300237455, 'CNGKB13972', NULL, NULL, 1, 18, NULL, 20, 244, NULL, '2017-04-26 21:10:36', '2017-04-26 21:10:36'),
(785, NULL, 300237432, 'CNGKB13973', NULL, NULL, 1, 18, NULL, 20, 244, NULL, '2017-04-26 21:10:36', '2017-04-26 21:10:36'),
(786, NULL, 300237448, 'CNGKB13981', NULL, NULL, 1, 18, NULL, 20, 244, NULL, '2017-04-26 21:10:36', '2017-04-26 21:10:36'),
(787, NULL, 300237456, 'CNGKB14231', NULL, '0000-00-00', 1, 18, NULL, 5, 244, NULL, '2017-04-26 21:10:36', '2017-04-26 21:10:36'),
(788, NULL, 300237433, 'CNGKB14232', NULL, '0000-00-00', 1, 18, NULL, 5, 244, NULL, '2017-04-26 21:10:36', '2017-04-26 21:10:36'),
(789, NULL, 300237441, 'CNGKB14233', NULL, NULL, 1, 18, NULL, 20, 244, NULL, '2017-04-26 21:10:36', '2017-04-26 21:10:36'),
(790, NULL, 300237449, 'CNGKB15119', NULL, '0000-00-00', 1, 18, NULL, 5, 244, NULL, '2017-04-26 21:10:36', '2017-04-26 21:10:36'),
(791, NULL, 300237434, 'CNGKB15123', NULL, '0000-00-00', 1, 18, NULL, 5, 244, NULL, '2017-04-26 21:10:36', '2017-04-26 21:10:36'),
(792, NULL, 300237450, 'CNGKB15137', NULL, '0000-00-00', 1, 18, NULL, 5, 244, NULL, '2017-04-26 21:10:36', '2017-04-26 21:10:36'),
(793, NULL, 300237435, 'CNGKC10804', NULL, '0000-00-00', 1, 18, NULL, 5, 244, NULL, '2017-04-26 21:10:36', '2017-04-26 21:10:36'),
(794, NULL, 300237443, 'CNGKC10807', NULL, '0000-00-00', 1, 18, NULL, 5, 244, NULL, '2017-04-26 21:10:36', '2017-04-26 21:10:36'),
(795, NULL, 300237451, 'CNGKC14610', NULL, NULL, 1, 18, NULL, 20, 244, NULL, '2017-04-26 21:10:36', '2017-04-26 21:10:36'),
(796, NULL, 300237459, 'CNGKC15600', NULL, NULL, 1, 18, NULL, 20, 244, NULL, '2017-04-26 21:10:36', '2017-04-26 21:10:36');
INSERT INTO `inventarios` (`id`, `folio_resguardo`, `numero_inventario`, `numero_serie`, `comentario_baja`, `fecha_baja`, `status`, `modelo_id`, `oficialia_id`, `area_id`, `responsable_id`, `resguardo_id`, `created_at`, `updated_at`) VALUES
(797, NULL, 300237453, 'CNGKC15615', NULL, '0000-00-00', 1, 18, NULL, 5, 244, NULL, '2017-04-26 21:10:36', '2017-04-26 21:10:36'),
(798, NULL, 300237444, 'CNGKC15618', NULL, '0000-00-00', 1, 18, NULL, 5, 244, NULL, '2017-04-26 21:10:36', '2017-04-26 21:10:36'),
(799, NULL, 300237437, 'CNGKC15622', NULL, '0000-00-00', 1, 18, NULL, 5, 244, NULL, '2017-04-26 21:10:36', '2017-04-26 21:10:36'),
(800, NULL, 300237445, 'CNGKC15623', NULL, '0000-00-00', 1, 18, NULL, 5, 244, NULL, '2017-04-26 21:10:36', '2017-04-26 21:10:36'),
(801, NULL, 300266254, 'CNGKM05116', NULL, '0000-00-00', 1, 18, NULL, 5, 244, NULL, '2017-04-26 21:10:36', '2017-04-26 21:10:36'),
(802, NULL, 300266252, 'CNGKM05125', NULL, '0000-00-00', 1, 18, NULL, 5, 244, NULL, '2017-04-26 21:10:36', '2017-04-26 21:10:36'),
(803, NULL, 300205554, 'CNGRB96905', NULL, '0000-00-00', 1, 21, NULL, 5, 244, NULL, '2017-04-26 21:10:36', '2017-04-26 21:10:36'),
(804, NULL, 300205553, 'CNGRG97675', NULL, '0000-00-00', 1, 21, NULL, 5, 244, NULL, '2017-04-26 21:10:36', '2017-04-26 21:10:36'),
(805, NULL, 300205549, 'CNGRH16919', NULL, '0000-00-00', 1, 21, NULL, 5, 244, NULL, '2017-04-26 21:10:36', '2017-04-26 21:10:36'),
(806, NULL, 300340474, 'CNJ1C06305', NULL, '0000-00-00', 1, 20, NULL, 5, 244, NULL, '2017-04-26 21:10:36', '2017-04-26 21:10:36'),
(807, NULL, 300340491, 'CNJ1C06834', NULL, '0000-00-00', 1, 20, NULL, 5, 244, NULL, '2017-04-26 21:10:36', '2017-04-26 21:10:36'),
(808, NULL, 300340494, 'CNJ1D80747', NULL, '0000-00-00', 1, 20, NULL, 5, 244, NULL, '2017-04-26 21:10:36', '2017-04-26 21:10:36'),
(809, NULL, 300340487, 'CNJ1F69308', NULL, '0000-00-00', 1, 20, NULL, 5, 244, NULL, '2017-04-26 21:10:36', '2017-04-26 21:10:36'),
(810, NULL, 300340489, 'CNJ1F73817', NULL, '0000-00-00', 1, 20, NULL, 5, 244, NULL, '2017-04-26 21:10:36', '2017-04-26 21:10:36'),
(811, NULL, 300340480, 'CNJ1F73957', NULL, '0000-00-00', 1, 20, NULL, 5, 244, NULL, '2017-04-26 21:10:36', '2017-04-26 21:10:36'),
(812, NULL, 300340479, 'CNJ1F73963', NULL, '0000-00-00', 1, 20, NULL, 5, 244, NULL, '2017-04-26 21:10:36', '2017-04-26 21:10:36'),
(813, NULL, 300340475, 'CNJ1G03924', NULL, '0000-00-00', 1, 20, NULL, 5, 244, NULL, '2017-04-26 21:10:36', '2017-04-26 21:10:36'),
(814, NULL, 300340482, 'CNJ1G03956', NULL, '0000-00-00', 1, 20, NULL, 5, 244, NULL, '2017-04-26 21:10:36', '2017-04-26 21:10:36'),
(815, NULL, 300340492, 'CNJ1G03961', NULL, '0000-00-00', 1, 20, NULL, 5, 244, NULL, '2017-04-26 21:10:36', '2017-04-26 21:10:36'),
(816, NULL, 300340486, 'CNJ1G05539', NULL, '0000-00-00', 1, 20, NULL, 5, 244, NULL, '2017-04-26 21:10:36', '2017-04-26 21:10:36'),
(817, NULL, 300340495, 'CNJ1XG03962', NULL, '0000-00-00', 1, 20, NULL, 5, 244, NULL, '2017-04-26 21:10:36', '2017-04-26 21:10:36'),
(818, NULL, 300275389, 'CNN6240Y96', NULL, '0000-00-00', 1, 48, NULL, 5, 244, NULL, '2017-04-26 21:10:36', '2017-04-26 21:10:36'),
(819, NULL, 300276326, 'CNN6432F6N', NULL, '0000-00-00', 1, 48, NULL, 5, 244, NULL, '2017-04-26 21:10:36', '2017-04-26 21:10:36'),
(820, NULL, 300207852, 'E-02-J-46309', NULL, '0000-00-00', 1, 31, NULL, 5, 244, NULL, '2017-04-26 21:10:36', '2017-04-26 21:10:36'),
(821, NULL, 300207845, 'E-02-J-46323', NULL, '0000-00-00', 1, 31, NULL, 5, 244, NULL, '2017-04-26 21:10:36', '2017-04-26 21:10:36'),
(822, NULL, 300207831, 'E03A14678', NULL, '0000-00-00', 1, 32, NULL, 5, 244, NULL, '2017-04-26 21:10:36', '2017-04-26 21:10:36'),
(823, NULL, 300207772, 'E03A91585', NULL, '0000-00-00', 1, 32, NULL, 5, 244, NULL, '2017-04-26 21:10:36', '2017-04-26 21:10:36'),
(824, NULL, 300207796, 'E03A91588', NULL, '0000-00-00', 1, 32, NULL, 5, 244, NULL, '2017-04-26 21:10:36', '2017-04-26 21:10:36'),
(825, NULL, 300236062, 'E05H09075', NULL, '0000-00-00', 1, 32, NULL, 5, 244, NULL, '2017-04-26 21:10:36', '2017-04-26 21:10:36'),
(826, NULL, 300205637, 'E06333KSP521', NULL, '0000-00-00', 1, 95, NULL, 5, 244, NULL, '2017-04-26 21:10:36', '2017-04-26 21:10:36'),
(827, NULL, 300266275, 'E06H01477', NULL, '0000-00-00', 1, 32, NULL, 5, 244, NULL, '2017-04-26 21:10:36', '2017-04-26 21:10:36'),
(828, NULL, 300266273, 'E06H01495', NULL, '0000-00-00', 1, 32, NULL, 5, 244, NULL, '2017-04-26 21:10:36', '2017-04-26 21:10:36'),
(829, NULL, 300266263, 'E06H01497', NULL, '0000-00-00', 1, 32, NULL, 5, 244, NULL, '2017-04-26 21:10:36', '2017-04-26 21:10:36'),
(830, NULL, 300266266, 'E06H01508', NULL, '0000-00-00', 1, 32, NULL, 5, 244, NULL, '2017-04-26 21:10:36', '2017-04-26 21:10:36'),
(831, NULL, 300266280, 'E06H01511', NULL, '0000-00-00', 1, 32, NULL, 5, 244, NULL, '2017-04-26 21:10:36', '2017-04-26 21:10:36'),
(832, NULL, 300266278, 'E06H01512', NULL, '0000-00-00', 1, 32, NULL, 5, 244, NULL, '2017-04-26 21:10:36', '2017-04-26 21:10:36'),
(833, NULL, 395126, 'E10G23264', NULL, '0000-00-00', 1, 32, NULL, 5, 244, NULL, '2017-04-26 21:10:36', '2017-04-26 21:10:36'),
(834, NULL, 395123, 'E10G23979', NULL, '0000-00-00', 1, 32, NULL, 5, 244, NULL, '2017-04-26 21:10:36', '2017-04-26 21:10:36'),
(835, NULL, 395130, 'E10I48337', NULL, '0000-00-00', 1, 32, NULL, 5, 244, NULL, '2017-04-26 21:10:36', '2017-04-26 21:10:36'),
(836, NULL, 300207469, 'HCA22206523', NULL, '0000-00-00', 1, 93, NULL, 5, 244, NULL, '2017-04-26 21:10:36', '2017-04-26 21:10:36'),
(837, NULL, 300200826, 'LZC21106772', NULL, '0000-00-00', 1, 30, NULL, 5, 244, NULL, '2017-04-26 21:10:36', '2017-04-26 21:10:36'),
(838, NULL, 300200830, 'LZC21157143', NULL, '0000-00-00', 1, 30, NULL, 5, 244, NULL, '2017-04-26 21:10:36', '2017-04-26 21:10:36'),
(839, NULL, 300205601, 'LZE00401648', NULL, '0000-00-00', 1, 30, NULL, 5, 244, NULL, '2017-04-26 21:10:36', '2017-04-26 21:10:36'),
(840, NULL, 300205454, 'LZE00401821', NULL, '0000-00-00', 1, 30, NULL, 5, 244, NULL, '2017-04-26 21:10:36', '2017-04-26 21:10:36'),
(841, NULL, 300205656, 'LZE00401838', NULL, '0000-00-00', 1, 30, NULL, 5, 244, NULL, '2017-04-26 21:10:36', '2017-04-26 21:10:36'),
(842, NULL, 300205331, 'LZE00401853', NULL, '0000-00-00', 1, 30, NULL, 5, 244, NULL, '2017-04-26 21:10:36', '2017-04-26 21:10:36'),
(843, NULL, 300205597, 'LZE00401856', NULL, '0000-00-00', 1, 30, NULL, 5, 244, NULL, '2017-04-26 21:10:36', '2017-04-26 21:10:36'),
(844, NULL, 300205382, 'LZE00401860', NULL, '0000-00-00', 1, 30, NULL, 5, 244, NULL, '2017-04-26 21:10:36', '2017-04-26 21:10:36'),
(845, NULL, 300205648, 'LZE00401889', NULL, '0000-00-00', 1, 30, NULL, 5, 244, NULL, '2017-04-26 21:10:36', '2017-04-26 21:10:36'),
(846, NULL, 300205745, 'LZE00401897', NULL, '0000-00-00', 1, 30, NULL, 5, 244, NULL, '2017-04-26 21:10:36', '2017-04-26 21:10:36'),
(847, NULL, 300205664, 'LZE00415109', NULL, '0000-00-00', 1, 30, NULL, 5, 244, NULL, '2017-04-26 21:10:36', '2017-04-26 21:10:36'),
(848, NULL, 300205638, 'LZE93806968', NULL, '0000-00-00', 1, 30, NULL, 5, 244, NULL, '2017-04-26 21:10:36', '2017-04-26 21:10:36'),
(849, NULL, 300205723, 'LZE93810211', NULL, '0000-00-00', 1, 30, NULL, 5, 244, NULL, '2017-04-26 21:10:36', '2017-04-26 21:10:36'),
(850, NULL, 300205960, 'LZE93810252', NULL, '0000-00-00', 1, 30, NULL, 5, 244, NULL, '2017-04-26 21:10:36', '2017-04-26 21:10:36'),
(851, NULL, 300205417, 'LZE93810258', NULL, '0000-00-00', 1, 30, NULL, 5, 244, NULL, '2017-04-26 21:10:36', '2017-04-26 21:10:36'),
(852, NULL, 300206155, 'LZE-93810476', NULL, '0000-00-00', 1, 30, NULL, 5, 244, NULL, '2017-04-26 21:10:36', '2017-04-26 21:10:36'),
(853, NULL, 300205410, 'LZE93811222', NULL, '0000-00-00', 1, 30, NULL, 5, 244, NULL, '2017-04-26 21:10:36', '2017-04-26 21:10:36'),
(854, NULL, 300205965, 'LZE93811243', NULL, '0000-00-00', 1, 30, NULL, 5, 244, NULL, '2017-04-26 21:10:36', '2017-04-26 21:10:36'),
(855, NULL, 300205719, 'LZE93811256', NULL, '0000-00-00', 1, 30, NULL, 5, 244, NULL, '2017-04-26 21:10:36', '2017-04-26 21:10:36'),
(856, NULL, 300205326, 'LZE93811286', NULL, '0000-00-00', 1, 30, NULL, 5, 244, NULL, '2017-04-26 21:10:36', '2017-04-26 21:10:36'),
(857, NULL, 300205609, 'LZE94232783', NULL, '0000-00-00', 1, 30, NULL, 5, 244, NULL, '2017-04-26 21:10:36', '2017-04-26 21:10:36'),
(858, NULL, 300205566, 'LZE94236312', NULL, '0000-00-00', 1, 30, NULL, 5, 244, NULL, '2017-04-26 21:10:36', '2017-04-26 21:10:36'),
(859, NULL, 300205954, 'LZE94236313', NULL, '0000-00-00', 1, 30, NULL, 5, 244, NULL, '2017-04-26 21:10:36', '2017-04-26 21:10:36'),
(860, NULL, 300205412, 'LZE94236323', NULL, '0000-00-00', 1, 30, NULL, 5, 244, NULL, '2017-04-26 21:10:36', '2017-04-26 21:10:36'),
(861, NULL, 300205476, 'LZE94236324', NULL, '0000-00-00', 1, 30, NULL, 5, 244, NULL, '2017-04-26 21:10:36', '2017-04-26 21:10:36'),
(862, NULL, 300205683, 'LZE94236339', NULL, '0000-00-00', 1, 30, NULL, 5, 244, NULL, '2017-04-26 21:10:36', '2017-04-26 21:10:36'),
(863, NULL, 300206009, 'LZE94236345', NULL, '0000-00-00', 1, 30, NULL, 5, 244, NULL, '2017-04-26 21:10:36', '2017-04-26 21:10:36'),
(864, NULL, 300205480, 'LZE94236354', NULL, '0000-00-00', 1, 30, NULL, 5, 244, NULL, '2017-04-26 21:10:36', '2017-04-26 21:10:36'),
(865, NULL, 300205370, 'LZE94236362', NULL, '0000-00-00', 1, 30, NULL, 5, 244, NULL, '2017-04-26 21:10:36', '2017-04-26 21:10:36'),
(866, NULL, 300205619, 'LZE94236364', NULL, '0000-00-00', 1, 30, NULL, 5, 244, NULL, '2017-04-26 21:10:36', '2017-04-26 21:10:36'),
(867, NULL, 300205623, 'LZE94236370', NULL, '0000-00-00', 1, 30, NULL, 5, 244, NULL, '2017-04-26 21:10:36', '2017-04-26 21:10:36'),
(868, NULL, 300205505, 'LZE94236376', NULL, '0000-00-00', 1, 30, NULL, 5, 244, NULL, '2017-04-26 21:10:36', '2017-04-26 21:10:36'),
(869, NULL, 300206111, 'LZE94236378', NULL, '0000-00-00', 1, 30, NULL, 5, 244, NULL, '2017-04-26 21:10:36', '2017-04-26 21:10:36'),
(870, NULL, 300206154, 'LZE-94236382', NULL, '0000-00-00', 1, 30, NULL, 5, 244, NULL, '2017-04-26 21:10:36', '2017-04-26 21:10:36'),
(871, NULL, 300205728, 'LZE94236387', NULL, '0000-00-00', 1, 30, NULL, 5, 244, NULL, '2017-04-26 21:10:36', '2017-04-26 21:10:36'),
(872, NULL, 300205741, 'LZE94236389', NULL, '0000-00-00', 1, 30, NULL, 5, 244, NULL, '2017-04-26 21:10:36', '2017-04-26 21:10:36'),
(873, NULL, 300205652, 'LZE942363LS', NULL, '0000-00-00', 1, 30, NULL, 5, 244, NULL, '2017-04-26 21:10:36', '2017-04-26 21:10:36'),
(874, NULL, 300205694, 'LZN02321951', NULL, '0000-00-00', 1, 30, NULL, 5, 244, NULL, '2017-04-26 21:10:36', '2017-04-26 21:10:36'),
(875, NULL, 300205302, 'MX00265152', NULL, '0000-00-00', 1, 14, NULL, 5, 244, NULL, '2017-04-26 21:10:36', '2017-04-26 21:10:36'),
(876, NULL, 300205307, 'MX00265164', NULL, '0000-00-00', 1, 14, NULL, 5, 244, NULL, '2017-04-26 21:10:36', '2017-04-26 21:10:36'),
(877, NULL, 300205306, 'MX00265206', NULL, '0000-00-00', 1, 14, NULL, 5, 244, NULL, '2017-04-26 21:10:36', '2017-04-26 21:10:36'),
(878, NULL, 300205303, 'MX00265208', NULL, '0000-00-00', 1, 14, NULL, 5, 244, NULL, '2017-04-26 21:10:36', '2017-04-26 21:10:36'),
(879, NULL, 300205308, 'MX00265266', NULL, '0000-00-00', 1, 14, NULL, 5, 244, NULL, '2017-04-26 21:10:36', '2017-04-26 21:10:36'),
(880, NULL, 300205328, 'MX00265293', NULL, '0000-00-00', 1, 14, NULL, 5, 244, NULL, '2017-04-26 21:10:36', '2017-04-26 21:10:36'),
(881, NULL, 300205657, 'MX02457326', NULL, '0000-00-00', 1, 105, NULL, 5, 244, NULL, '2017-04-26 21:10:36', '2017-04-26 21:10:36'),
(882, NULL, 300205737, 'MX02558372', NULL, '0000-00-00', 1, 105, NULL, 5, 244, NULL, '2017-04-26 21:10:36', '2017-04-26 21:10:36'),
(883, NULL, 300205720, 'MX02558379', NULL, '0000-00-00', 1, 105, NULL, 5, 244, NULL, '2017-04-26 21:10:36', '2017-04-26 21:10:36'),
(884, NULL, 300205646, 'MX02558950', NULL, '0000-00-00', 1, 105, NULL, 5, 244, NULL, '2017-04-26 21:10:36', '2017-04-26 21:10:36'),
(885, NULL, 300205649, 'MX02558958', NULL, '0000-00-00', 1, 105, NULL, 5, 244, NULL, '2017-04-26 21:10:36', '2017-04-26 21:10:36'),
(886, NULL, 300205733, 'MX02558960', NULL, '0000-00-00', 1, 105, NULL, 5, 244, NULL, '2017-04-26 21:10:36', '2017-04-26 21:10:36'),
(887, NULL, 300205708, 'MX02558961', NULL, '0000-00-00', 1, 105, NULL, 5, 244, NULL, '2017-04-26 21:10:36', '2017-04-26 21:10:36'),
(888, NULL, 300205653, 'MX02558963', NULL, '0000-00-00', 1, 105, NULL, 5, 244, NULL, '2017-04-26 21:10:36', '2017-04-26 21:10:36'),
(889, NULL, 300205703, 'MX02558969', NULL, '0000-00-00', 1, 105, NULL, 5, 244, NULL, '2017-04-26 21:10:36', '2017-04-26 21:10:36'),
(890, NULL, 300205734, 'MX02745789', NULL, '0000-00-00', 1, 14, NULL, 5, 244, NULL, '2017-04-26 21:10:36', '2017-04-26 21:10:36'),
(891, NULL, 300205712, 'MX02755214', NULL, '0000-00-00', 1, 14, NULL, 5, 244, NULL, '2017-04-26 21:10:36', '2017-04-26 21:10:36'),
(892, NULL, 300205427, 'MX1611Y0H0', NULL, '0000-00-00', 1, 16, NULL, 5, 244, NULL, '2017-04-26 21:10:36', '2017-04-26 21:10:36'),
(893, NULL, 300207438, 'MX22140278', NULL, '0000-00-00', 1, 46, NULL, 5, 244, NULL, '2017-04-26 21:10:36', '2017-04-26 21:10:36'),
(894, NULL, 300205322, 'MX95100859', NULL, '0000-00-00', 1, 105, NULL, 5, 244, NULL, '2017-04-26 21:10:36', '2017-04-26 21:10:36'),
(895, NULL, 300205327, 'MX95100942', NULL, '0000-00-00', 1, 105, NULL, 5, 244, NULL, '2017-04-26 21:10:36', '2017-04-26 21:10:36'),
(896, NULL, 300206026, 'MX95100999', NULL, '0000-00-00', 1, 84, NULL, 5, 244, NULL, '2017-04-26 21:10:36', '2017-04-26 21:10:36'),
(897, NULL, 300205482, 'MX95101028', NULL, '0000-00-00', 1, 105, NULL, 5, 244, NULL, '2017-04-26 21:10:36', '2017-04-26 21:10:36'),
(898, NULL, 300206044, 'MX95101601', NULL, '0000-00-00', 1, 84, NULL, 5, 244, NULL, '2017-04-26 21:10:36', '2017-04-26 21:10:36'),
(899, NULL, 300205433, 'MX95101604', NULL, '0000-00-00', 1, 105, NULL, 5, 244, NULL, '2017-04-26 21:10:36', '2017-04-26 21:10:36'),
(900, NULL, 300266412, 'MXJ63201P1', NULL, '0000-00-00', 1, 7, NULL, 5, 244, NULL, '2017-04-26 21:10:36', '2017-04-26 21:10:36'),
(901, NULL, 300266348, 'MXJ63201P3', NULL, '0000-00-00', 1, 7, NULL, 5, 244, NULL, '2017-04-26 21:10:36', '2017-04-26 21:10:36'),
(902, NULL, 300266384, 'MXJ63201Q7', NULL, '0000-00-00', 1, 7, NULL, 5, 244, NULL, '2017-04-26 21:10:36', '2017-04-26 21:10:36'),
(903, NULL, 300266404, 'MXJ63201Q9', NULL, '0000-00-00', 1, 7, NULL, 5, 244, NULL, '2017-04-26 21:10:36', '2017-04-26 21:10:36'),
(904, NULL, 300237035, NULL, NULL, '0000-00-00', 1, 93, NULL, 5, 244, NULL, '2017-04-26 21:10:36', '2017-04-26 21:10:36'),
(905, NULL, 300266471, NULL, NULL, '0000-00-00', 1, 92, NULL, 5, 244, NULL, '2017-04-26 21:10:36', '2017-04-26 21:10:36'),
(906, NULL, 300206029, NULL, NULL, '0000-00-00', 1, 93, NULL, 5, 244, NULL, '2017-04-26 21:10:36', '2017-04-26 21:10:36'),
(907, NULL, 300206153, NULL, NULL, '0000-00-00', 1, 30, NULL, 5, 244, NULL, '2017-04-26 21:10:36', '2017-04-26 21:10:36'),
(908, NULL, 300206158, NULL, NULL, '0000-00-00', 1, 30, NULL, 5, 244, NULL, '2017-04-26 21:10:36', '2017-04-26 21:10:36'),
(909, NULL, 300206160, NULL, NULL, '0000-00-00', 1, 30, NULL, 5, 244, NULL, '2017-04-26 21:10:36', '2017-04-26 21:10:36'),
(910, NULL, 300266495, NULL, NULL, '0000-00-00', 1, 92, NULL, 5, 244, NULL, '2017-04-26 21:10:36', '2017-04-26 21:10:36'),
(911, NULL, 300266499, NULL, NULL, '0000-00-00', 1, 92, NULL, 5, 244, NULL, '2017-04-26 21:10:36', '2017-04-26 21:10:36'),
(912, NULL, 300206065, NULL, NULL, '0000-00-00', 1, 30, NULL, 5, 244, NULL, '2017-04-26 21:10:36', '2017-04-26 21:10:36'),
(913, NULL, 300206133, NULL, NULL, '0000-00-00', 1, 41, NULL, 5, 244, NULL, '2017-04-26 21:10:36', '2017-04-26 21:10:36'),
(914, NULL, 300206135, NULL, NULL, '0000-00-00', 1, 41, NULL, 5, 244, NULL, '2017-04-26 21:10:36', '2017-04-26 21:10:36'),
(915, NULL, 300206136, NULL, NULL, '0000-00-00', 1, 41, NULL, 5, 244, NULL, '2017-04-26 21:10:36', '2017-04-26 21:10:36'),
(916, NULL, 300206152, NULL, NULL, '0000-00-00', 1, 30, NULL, 5, 244, NULL, '2017-04-26 21:10:36', '2017-04-26 21:10:36'),
(917, NULL, 300266343, NULL, NULL, '0000-00-00', 1, 92, NULL, 5, 244, NULL, '2017-04-26 21:10:36', '2017-04-26 21:10:36'),
(918, NULL, 300266387, NULL, NULL, '0000-00-00', 1, 92, NULL, 5, 244, NULL, '2017-04-26 21:10:36', '2017-04-26 21:10:36'),
(919, NULL, 300266391, NULL, NULL, '0000-00-00', 1, 92, NULL, 5, 244, NULL, '2017-04-26 21:10:36', '2017-04-26 21:10:36'),
(920, NULL, 300266407, NULL, NULL, '0000-00-00', 1, 92, NULL, 5, 244, NULL, '2017-04-26 21:10:36', '2017-04-26 21:10:36'),
(921, NULL, 300267600, NULL, NULL, '0000-00-00', 1, 92, NULL, 5, 244, NULL, '2017-04-26 21:10:36', '2017-04-26 21:10:36'),
(922, NULL, 300266399, NULL, NULL, '0000-00-00', 1, 92, NULL, 5, 244, NULL, '2017-04-26 21:10:36', '2017-04-26 21:10:36'),
(923, NULL, 300237997, 'P0505033834', NULL, '0000-00-00', 1, 93, NULL, 5, 244, NULL, '2017-04-26 21:10:36', '2017-04-26 21:10:36'),
(924, NULL, 300208115, 'SBRJGC01658', NULL, NULL, 1, 21, NULL, 20, 244, NULL, '2017-04-26 21:10:36', '2017-04-26 21:10:36'),
(925, NULL, 300208107, 'SBRJGC01659', NULL, '0000-00-00', 1, 21, NULL, 5, 244, NULL, '2017-04-26 21:10:36', '2017-04-26 21:10:36'),
(926, NULL, 300208096, 'SBRJGC01671', NULL, '0000-00-00', 1, 21, NULL, 5, 244, NULL, '2017-04-26 21:10:36', '2017-04-26 21:10:36'),
(927, NULL, 300208101, 'SBRJGR00008', NULL, '0000-00-00', 1, 21, NULL, 5, 244, NULL, '2017-04-26 21:10:36', '2017-04-26 21:10:36'),
(928, NULL, 300208120, 'SBRJGR00134', NULL, NULL, 1, 21, NULL, 20, 244, NULL, '2017-04-26 21:10:36', '2017-04-26 21:10:36'),
(929, NULL, 300208104, 'SBRJGR00181', NULL, '0000-00-00', 1, 21, NULL, 5, 244, NULL, '2017-04-26 21:10:36', '2017-04-26 21:10:36'),
(930, NULL, 300208122, 'SBRJGR00255', NULL, '0000-00-00', 1, 21, NULL, 5, 244, NULL, '2017-04-26 21:10:36', '2017-04-26 21:10:36'),
(931, NULL, 300208084, 'SBRJGR00258', NULL, '0000-00-00', 1, 21, NULL, 5, 244, NULL, '2017-04-26 21:10:36', '2017-04-26 21:10:36'),
(932, NULL, 300208097, 'SBRJGR00477', NULL, NULL, 1, 21, NULL, 20, 244, NULL, '2017-04-26 21:10:36', '2017-04-26 21:10:36'),
(933, NULL, 300208091, 'SBRJGR00480', NULL, '0000-00-00', 1, 21, NULL, 5, 244, NULL, '2017-04-26 21:10:36', '2017-04-26 21:10:36'),
(934, NULL, 300208116, 'SBRJGR00488', NULL, '0000-00-00', 1, 21, NULL, 5, 244, NULL, '2017-04-26 21:10:36', '2017-04-26 21:10:36'),
(935, NULL, 300208109, 'SBRJGR00512', NULL, '0000-00-00', 1, 21, NULL, 5, 244, NULL, '2017-04-26 21:10:36', '2017-04-26 21:10:36'),
(936, NULL, 300208098, 'SBRJGR00528', NULL, '0000-00-00', 1, 21, NULL, 5, 244, NULL, '2017-04-26 21:10:36', '2017-04-26 21:10:36'),
(937, NULL, 300208088, 'SBRJGR00569', NULL, '0000-00-00', 1, 21, NULL, 5, 244, NULL, '2017-04-26 21:10:36', '2017-04-26 21:10:36'),
(938, NULL, 300208118, 'SBRJGR00620', NULL, NULL, 1, 21, NULL, 20, 244, NULL, '2017-04-26 21:10:36', '2017-04-26 21:10:36'),
(939, NULL, 300208085, 'SBRJGR00625', NULL, '0000-00-00', 1, 21, NULL, 5, 244, NULL, '2017-04-26 21:10:36', '2017-04-26 21:10:36'),
(940, NULL, 300208119, 'SBRJGR00630', NULL, '0000-00-00', 1, 21, NULL, 5, 244, NULL, '2017-04-26 21:10:36', '2017-04-26 21:10:36'),
(941, NULL, 300208090, 'SBRJGR01662', NULL, '0000-00-00', 1, 21, NULL, 5, 244, NULL, '2017-04-26 21:10:36', '2017-04-26 21:10:36'),
(942, NULL, 300239662, 'SGL2BC04R9', NULL, '0000-00-00', 1, 77, NULL, 5, 244, NULL, '2017-04-26 21:10:36', '2017-04-26 21:10:36'),
(943, NULL, 300208117, 'SJPGGN20511', NULL, '0000-00-00', 1, 21, NULL, 5, 244, NULL, '2017-04-26 21:10:36', '2017-04-26 21:10:36'),
(944, NULL, 300205684, 'TW11UA1201', NULL, '0000-00-00', 1, 83, NULL, 5, 244, NULL, '2017-04-26 21:10:36', '2017-04-26 21:10:36'),
(945, NULL, 300205529, 'USCB829137', NULL, '0000-00-00', 1, 16, NULL, 5, 244, NULL, '2017-04-26 21:10:36', '2017-04-26 21:10:36'),
(946, NULL, 300205543, 'USCB829155', NULL, '0000-00-00', 1, 16, NULL, 5, 244, NULL, '2017-04-26 21:10:36', '2017-04-26 21:10:36'),
(947, NULL, 300205521, 'USCB829186', NULL, '0000-00-00', 1, 16, NULL, 5, 244, NULL, '2017-04-26 21:10:36', '2017-04-26 21:10:36'),
(948, NULL, 300205432, 'USCB969186', NULL, '0000-00-00', 1, 16, NULL, 5, 244, NULL, '2017-04-26 21:10:36', '2017-04-26 21:10:36'),
(949, NULL, 300205465, 'USLE053452', NULL, '0000-00-00', 1, 15, NULL, 5, 244, NULL, '2017-04-26 21:10:36', '2017-04-26 21:10:36'),
(950, NULL, 300205429, 'MX02755216', NULL, NULL, 1, 14, NULL, 20, 244, NULL, '2017-04-27 15:48:13', '2017-04-27 15:48:13'),
(951, NULL, 300205430, '2G39703561B', NULL, NULL, 1, 95, NULL, 20, 244, NULL, '2017-04-27 15:48:13', '2017-04-27 15:48:13'),
(952, NULL, 300205434, 'MX00265265', NULL, NULL, 1, 14, NULL, 20, 244, NULL, '2017-04-27 15:48:13', '2017-04-27 15:48:13'),
(953, NULL, 300205435, '80720529', NULL, NULL, 1, 111, NULL, 20, 244, NULL, '2017-04-27 15:48:13', '2017-04-27 15:48:13'),
(954, NULL, 300205438, 'MX95101036', NULL, NULL, 1, 105, NULL, 20, 244, NULL, '2017-04-27 15:48:13', '2017-04-27 15:48:13'),
(955, NULL, 300205439, 'MX95101035', NULL, NULL, 1, 105, NULL, 20, 244, NULL, '2017-04-27 15:48:13', '2017-04-27 15:48:13'),
(956, NULL, 300205446, 'USCB829173', NULL, NULL, 1, 16, NULL, 20, 244, NULL, '2017-04-27 15:48:13', '2017-04-27 15:48:13'),
(957, NULL, 300205448, 'MX02745852', NULL, NULL, 1, 14, NULL, 20, 244, NULL, '2017-04-27 15:48:13', '2017-04-27 15:48:13'),
(958, NULL, 300205450, 'USLD053823', NULL, NULL, 1, 15, NULL, 20, 244, NULL, '2017-04-27 15:48:13', '2017-04-27 15:48:13'),
(959, NULL, 300205452, 'MX95103088', NULL, NULL, 1, 105, NULL, 20, 244, NULL, '2017-04-27 15:48:13', '2017-04-27 15:48:13'),
(960, NULL, 300205455, 'USLH015698', NULL, NULL, 1, 15, NULL, 20, 244, NULL, '2017-04-27 15:48:13', '2017-04-27 15:48:13'),
(961, NULL, 300205456, 'MX95101607', NULL, NULL, 1, 105, NULL, 20, 244, NULL, '2017-04-27 15:48:13', '2017-04-27 15:48:13'),
(962, NULL, 300205457, 'MX00265281', NULL, NULL, 1, 14, NULL, 20, 244, NULL, '2017-04-27 15:48:13', '2017-04-27 15:48:13'),
(963, NULL, 300205460, 'LZE94507280', NULL, NULL, 1, 30, NULL, 20, 244, NULL, '2017-04-27 15:48:13', '2017-04-27 15:48:13'),
(964, NULL, 300205461, 'MX95100943', NULL, NULL, 1, 105, NULL, 20, 244, NULL, '2017-04-27 15:48:13', '2017-04-27 15:48:13'),
(965, NULL, 300205462, 'MX00265264', NULL, NULL, 1, 14, NULL, 20, 244, NULL, '2017-04-27 15:48:13', '2017-04-27 15:48:13'),
(966, NULL, 300205467, 'USLD53836', NULL, NULL, 1, 15, NULL, 20, 244, NULL, '2017-04-27 15:48:13', '2017-04-27 15:48:13'),
(967, NULL, 300205468, 'MX95100848', NULL, NULL, 1, 105, NULL, 20, 244, NULL, '2017-04-27 15:48:13', '2017-04-27 15:48:13'),
(968, NULL, 300205469, 'MX00265287', NULL, NULL, 1, 14, NULL, 20, 244, NULL, '2017-04-27 15:48:13', '2017-04-27 15:48:13'),
(969, NULL, 300205473, 'MX95101033', NULL, NULL, 1, 105, NULL, 20, 244, NULL, '2017-04-27 15:48:13', '2017-04-27 15:48:13'),
(970, NULL, 300205474, 'MX0265160', NULL, NULL, 1, 14, NULL, 20, 244, NULL, '2017-04-27 15:48:13', '2017-04-27 15:48:13'),
(971, NULL, 300205477, 'MX95101039', NULL, NULL, 1, 105, NULL, 20, 244, NULL, '2017-04-27 15:48:13', '2017-04-27 15:48:13'),
(972, NULL, 300205478, 'MX00265255', NULL, NULL, 1, 14, NULL, 20, 244, NULL, '2017-04-27 15:48:13', '2017-04-27 15:48:13'),
(973, NULL, 300205481, '20180039', NULL, NULL, 1, 111, NULL, 20, 244, NULL, '2017-04-27 15:48:13', '2017-04-27 15:48:13'),
(974, NULL, 300205483, 'MX00265232', NULL, '0000-00-00', 1, 14, NULL, 5, 244, NULL, '2017-04-27 15:48:13', '2017-04-27 15:48:13'),
(975, NULL, 300205487, 'MX95101030', NULL, NULL, 1, 105, NULL, 20, 244, NULL, '2017-04-27 15:48:13', '2017-04-27 15:48:13'),
(976, NULL, 300205488, 'MX00265158', NULL, NULL, 1, 14, NULL, 20, 244, NULL, '2017-04-27 15:48:13', '2017-04-27 15:48:13'),
(977, NULL, 300205492, 'MX95100841', NULL, NULL, 1, 105, NULL, 20, 244, NULL, '2017-04-27 15:48:13', '2017-04-27 15:48:13'),
(978, NULL, 300205493, 'MX00265203', NULL, NULL, 1, 14, NULL, 20, 244, NULL, '2017-04-27 15:48:13', '2017-04-27 15:48:13'),
(979, NULL, 300205494, '20180069', NULL, NULL, 1, 111, NULL, 20, 244, NULL, '2017-04-27 15:48:13', '2017-04-27 15:48:13'),
(980, NULL, 300205497, 'USLH015094', NULL, NULL, 1, 15, NULL, 20, 244, NULL, '2017-04-27 15:48:13', '2017-04-27 15:48:13'),
(981, NULL, 300205498, 'MX95100984', NULL, NULL, 1, 105, NULL, 20, 244, NULL, '2017-04-27 15:48:13', '2017-04-27 15:48:13'),
(982, NULL, 300205499, 'MX00265211', NULL, NULL, 1, 14, NULL, 20, 244, NULL, '2017-04-27 15:48:13', '2017-04-27 15:48:13'),
(983, NULL, 300205500, '9K11501438B', NULL, '0000-00-00', 1, 41, NULL, 5, 244, NULL, '2017-04-27 15:48:13', '2017-04-27 15:48:13'),
(984, NULL, 300205502, 'MX95101615', NULL, NULL, 1, 105, NULL, 20, 244, NULL, '2017-04-27 15:48:13', '2017-04-27 15:48:13'),
(985, NULL, 300205503, 'MX00265173', NULL, NULL, 1, 14, NULL, 20, 244, NULL, '2017-04-27 15:48:13', '2017-04-27 15:48:13'),
(986, NULL, 300205506, 'USLG051078', NULL, NULL, 1, 15, NULL, 20, 244, NULL, '2017-04-27 15:48:13', '2017-04-27 15:48:13'),
(987, NULL, 300205507, '20180042', NULL, '0000-00-00', 1, 111, NULL, 5, 244, NULL, '2017-04-27 15:48:13', '2017-04-27 15:48:13'),
(988, NULL, 300205508, 'MX95100851', NULL, NULL, 1, 105, NULL, 20, 244, NULL, '2017-04-27 15:48:13', '2017-04-27 15:48:13'),
(989, NULL, 300205509, 'MX00265175', NULL, NULL, 1, 14, NULL, 20, 244, NULL, '2017-04-27 15:48:13', '2017-04-27 15:48:13'),
(990, NULL, 300205513, 'USTC039054', NULL, NULL, 1, 15, NULL, 20, 244, NULL, '2017-04-27 15:48:13', '2017-04-27 15:48:13'),
(991, NULL, 300205514, '20180031', NULL, NULL, 1, 111, NULL, 20, 244, NULL, '2017-04-27 15:48:13', '2017-04-27 15:48:13'),
(992, NULL, 300205515, 'USLH015710', NULL, NULL, 1, 15, NULL, 20, 244, NULL, '2017-04-27 15:48:13', '2017-04-27 15:48:13'),
(993, NULL, 300205517, 'MX00265188', NULL, NULL, 1, 14, NULL, 20, 244, NULL, '2017-04-27 15:48:13', '2017-04-27 15:48:13'),
(994, NULL, 300205522, 'USCB829185', NULL, NULL, 1, 16, NULL, 20, 244, NULL, '2017-04-27 15:48:13', '2017-04-27 15:48:13'),
(995, NULL, 300205524, 'USCB829153', NULL, NULL, 1, 16, NULL, 20, 244, NULL, '2017-04-27 15:48:13', '2017-04-27 15:48:13'),
(996, NULL, 300205528, 'USCB969196', NULL, '0000-00-00', 1, 16, NULL, 5, 244, NULL, '2017-04-27 15:48:13', '2017-04-27 15:48:13'),
(997, NULL, 300205531, 'USCB829158', NULL, NULL, 1, 16, NULL, 20, 244, NULL, '2017-04-27 15:48:13', '2017-04-27 15:48:13'),
(998, NULL, 300205533, 'USCB829174', NULL, NULL, 1, 16, NULL, 20, 244, NULL, '2017-04-27 15:48:13', '2017-04-27 15:48:13'),
(999, NULL, 300205538, 'USCB829172', NULL, '0000-00-00', 1, 16, NULL, 5, 244, NULL, '2017-04-27 15:48:13', '2017-04-27 15:48:13'),
(1000, NULL, 300205539, 'USCB829166', NULL, NULL, 1, 16, NULL, 20, 244, NULL, '2017-04-27 15:48:13', '2017-04-27 15:48:13'),
(1001, NULL, 300205541, 'USCB829171', NULL, NULL, 1, 16, NULL, 20, 244, NULL, '2017-04-27 15:48:13', '2017-04-27 15:48:13'),
(1002, NULL, 300205542, 'USCB969175', NULL, NULL, 1, 16, NULL, 20, 244, NULL, '2017-04-27 15:48:13', '2017-04-27 15:48:13'),
(1003, NULL, 300205547, 'CNGRG97124', NULL, NULL, 1, 21, NULL, 20, 244, NULL, '2017-04-27 15:48:13', '2017-04-27 15:48:13'),
(1004, NULL, 300205555, 'JPGGC86409', NULL, NULL, 1, 21, NULL, 20, 244, NULL, '2017-04-27 15:48:13', '2017-04-27 15:48:13'),
(1005, NULL, 300205557, 'CNGRB96902', NULL, NULL, 1, 21, NULL, 20, 244, NULL, '2017-04-27 15:48:13', '2017-04-27 15:48:13'),
(1006, NULL, 300205563, 'MY03026137', NULL, NULL, 1, 105, NULL, 20, 244, NULL, '2017-04-27 15:48:13', '2017-04-27 15:48:13'),
(1007, NULL, 300205564, 'MX00265286', NULL, NULL, 1, 14, NULL, 20, 244, NULL, '2017-04-27 15:48:13', '2017-04-27 15:48:13'),
(1008, NULL, 300205570, 'MX95101040', NULL, NULL, 1, 105, NULL, 20, 244, NULL, '2017-04-27 15:48:13', '2017-04-27 15:48:13'),
(1009, NULL, 300205574, '20180077', NULL, NULL, 1, 111, NULL, 20, 244, NULL, '2017-04-27 15:48:13', '2017-04-27 15:48:13'),
(1010, NULL, 300205576, 'MX95101605', NULL, NULL, 1, 105, NULL, 20, 244, NULL, '2017-04-27 15:48:13', '2017-04-27 15:48:13'),
(1011, NULL, 300205577, 'MX00165636', NULL, NULL, 1, 14, NULL, 20, 244, NULL, '2017-04-27 15:48:13', '2017-04-27 15:48:13'),
(1012, NULL, 300205581, 'MX00265155', NULL, NULL, 1, 14, NULL, 20, 244, NULL, '2017-04-27 15:48:13', '2017-04-27 15:48:13'),
(1013, NULL, 300205585, 'MX95101481', NULL, NULL, 1, 105, NULL, 20, 244, NULL, '2017-04-27 15:48:13', '2017-04-27 15:48:13'),
(1014, NULL, 300205586, 'MX00265259', NULL, NULL, 1, 14, NULL, 20, 244, NULL, '2017-04-27 15:48:13', '2017-04-27 15:48:13'),
(1015, NULL, 300205591, 'MX00265248', NULL, NULL, 1, 14, NULL, 20, 244, NULL, '2017-04-27 15:48:13', '2017-04-27 15:48:13'),
(1016, NULL, 300205594, 'MX00265254', NULL, NULL, 1, 14, NULL, 20, 244, NULL, '2017-04-27 15:48:13', '2017-04-27 15:48:13'),
(1017, NULL, 300205598, 'MX00265186', NULL, NULL, 1, 14, NULL, 20, 244, NULL, '2017-04-27 15:48:13', '2017-04-27 15:48:13'),
(1018, NULL, 300205602, 'MX00265153', NULL, NULL, 1, 14, NULL, 20, 244, NULL, '2017-04-27 15:48:13', '2017-04-27 15:48:13'),
(1019, NULL, 300205605, 'LZE94507306', NULL, NULL, 1, 30, NULL, 20, 244, NULL, '2017-04-27 15:48:13', '2017-04-27 15:48:13'),
(1020, NULL, 300205606, 'MX00265282', NULL, NULL, 1, 14, NULL, 20, 244, NULL, '2017-04-27 15:48:13', '2017-04-27 15:48:13'),
(1021, NULL, 300205610, 'MX95100847', NULL, NULL, 1, 105, NULL, 20, 244, NULL, '2017-04-27 15:48:13', '2017-04-27 15:48:13'),
(1022, NULL, 300205611, 'MX00265263', NULL, NULL, 1, 14, NULL, 20, 244, NULL, '2017-04-27 15:48:13', '2017-04-27 15:48:13'),
(1023, NULL, 300205612, '20180028', NULL, '0000-00-00', 1, 111, NULL, 5, 244, NULL, '2017-04-27 15:48:13', '2017-04-27 15:48:13'),
(1024, NULL, 300205615, 'MX95100992', NULL, NULL, 1, 105, NULL, 20, 244, NULL, '2017-04-27 15:48:13', '2017-04-27 15:48:13'),
(1025, NULL, 300205616, 'MX00265214', NULL, NULL, 1, 14, NULL, 20, 244, NULL, '2017-04-27 15:48:13', '2017-04-27 15:48:13'),
(1026, NULL, 300205621, 'MX95100948', NULL, NULL, 1, 105, NULL, 20, 244, NULL, '2017-04-27 15:48:13', '2017-04-27 15:48:13'),
(1027, NULL, 300205622, 'MX02745792', NULL, NULL, 1, 14, NULL, 20, 244, NULL, '2017-04-27 15:48:13', '2017-04-27 15:48:13'),
(1028, NULL, 300205627, 'MX95101620', NULL, NULL, 1, 105, NULL, 20, 244, NULL, '2017-04-27 15:48:13', '2017-04-27 15:48:13'),
(1029, NULL, 300205628, 'LZE00415159', NULL, NULL, 1, 30, NULL, 20, 244, NULL, '2017-04-27 15:48:13', '2017-04-27 15:48:13'),
(1030, NULL, 300205630, 'MX00265276', NULL, '0000-00-00', 1, 14, NULL, 5, 244, NULL, '2017-04-27 15:48:13', '2017-04-27 15:48:13'),
(1031, NULL, 300205632, '30002739', NULL, '0000-00-00', 1, 37, NULL, 5, 244, NULL, '2017-04-27 15:48:13', '2017-04-27 15:48:13'),
(1032, NULL, 300205642, 'MX00325368', NULL, NULL, 1, 14, NULL, 20, 244, NULL, '2017-04-27 15:48:13', '2017-04-27 15:48:13'),
(1033, NULL, 300205643, '20180046', NULL, NULL, 1, 111, NULL, 20, 244, NULL, '2017-04-27 15:48:13', '2017-04-27 15:48:13'),
(1034, NULL, 300205647, 'MX02745823', NULL, NULL, 1, 14, NULL, 20, 244, NULL, '2017-04-27 15:48:13', '2017-04-27 15:48:13'),
(1035, NULL, 300205650, 'MX00775432', NULL, '0000-00-00', 1, 14, NULL, 5, 244, NULL, '2017-04-27 15:48:13', '2017-04-27 15:48:13'),
(1036, NULL, 300205654, 'MX02755060', NULL, NULL, 1, 14, NULL, 20, 244, NULL, '2017-04-27 15:48:13', '2017-04-27 15:48:13'),
(1037, NULL, 300205655, '9103006720B', NULL, '0000-00-00', 1, 41, NULL, 5, 244, NULL, '2017-04-27 15:48:13', '2017-04-27 15:48:13'),
(1038, NULL, 300205658, 'MX02755116', NULL, NULL, 1, 14, NULL, 20, 244, NULL, '2017-04-27 15:48:13', '2017-04-27 15:48:13'),
(1039, NULL, 300205662, 'MX02745820', NULL, NULL, 1, 14, NULL, 20, 244, NULL, '2017-04-27 15:48:13', '2017-04-27 15:48:13'),
(1040, NULL, 300205665, 'MX95100985', NULL, NULL, 1, 105, NULL, 20, 244, NULL, '2017-04-27 15:48:13', '2017-04-27 15:48:13'),
(1041, NULL, 300205669, 'MX02558064', NULL, NULL, 1, 105, NULL, 20, 244, NULL, '2017-04-27 15:48:13', '2017-04-27 15:48:13'),
(1042, NULL, 300205670, 'MX00265212', NULL, NULL, 1, 14, NULL, 20, 244, NULL, '2017-04-27 15:48:13', '2017-04-27 15:48:13'),
(1043, NULL, 300205674, 'MX02755027', NULL, NULL, 1, 14, NULL, 20, 244, NULL, '2017-04-27 15:48:13', '2017-04-27 15:48:13'),
(1044, NULL, 300205676, 'MX95101606', NULL, NULL, 1, 105, NULL, 20, 244, NULL, '2017-04-27 15:48:13', '2017-04-27 15:48:13'),
(1045, NULL, 300205677, 'MX00265205', NULL, NULL, 1, 14, NULL, 20, 244, NULL, '2017-04-27 15:48:13', '2017-04-27 15:48:13'),
(1046, NULL, 300205680, 'MX01945015', NULL, NULL, 1, 105, NULL, 20, 244, NULL, '2017-04-27 15:48:13', '2017-04-27 15:48:13'),
(1047, NULL, 300205681, 'MX00265231', NULL, NULL, 1, 14, NULL, 20, 244, NULL, '2017-04-27 15:48:13', '2017-04-27 15:48:13'),
(1048, NULL, 300205685, 'MX95100852', NULL, NULL, 1, 105, NULL, 20, 244, NULL, '2017-04-27 15:48:13', '2017-04-27 15:48:13'),
(1049, NULL, 300205686, 'MX00165635', NULL, NULL, 1, 14, NULL, 20, 244, NULL, '2017-04-27 15:48:13', '2017-04-27 15:48:13'),
(1050, NULL, 300205690, 'MX01844355', NULL, NULL, 1, 105, NULL, 20, 244, NULL, '2017-04-27 15:48:13', '2017-04-27 15:48:13'),
(1051, NULL, 300205691, 'MX0227559', NULL, NULL, 1, 14, NULL, 20, 244, NULL, '2017-04-27 15:48:13', '2017-04-27 15:48:13'),
(1052, NULL, 300205695, 'MX01844357', NULL, NULL, 1, 105, NULL, 20, 244, NULL, '2017-04-27 15:48:13', '2017-04-27 15:48:13'),
(1053, NULL, 300205696, 'MX02755114', NULL, NULL, 1, 14, NULL, 20, 244, NULL, '2017-04-27 15:48:13', '2017-04-27 15:48:13'),
(1054, NULL, 300205699, 'LZE00401819', NULL, NULL, 1, 30, NULL, 20, 244, NULL, '2017-04-27 15:48:13', '2017-04-27 15:48:13'),
(1055, NULL, 300205700, 'MX95103989', NULL, NULL, 1, 105, NULL, 20, 244, NULL, '2017-04-27 15:48:13', '2017-04-27 15:48:13'),
(1056, NULL, 300205701, 'MX00775460', NULL, NULL, 1, 14, NULL, 20, 244, NULL, '2017-04-27 15:48:13', '2017-04-27 15:48:13'),
(1057, NULL, 300205702, '9L24507106B', NULL, NULL, 1, 41, NULL, 20, 244, NULL, '2017-04-27 15:48:13', '2017-04-27 15:48:13'),
(1058, NULL, 300205704, 'MX02755004', NULL, NULL, 1, 14, NULL, 20, 244, NULL, '2017-04-27 15:48:13', '2017-04-27 15:48:13'),
(1059, NULL, 300205709, 'MX02745817', NULL, NULL, 1, 14, NULL, 20, 244, NULL, '2017-04-27 15:48:13', '2017-04-27 15:48:13'),
(1060, NULL, 300205715, 'MX01844356', NULL, '0000-00-00', 1, 105, NULL, 5, 244, NULL, '2017-04-27 15:48:13', '2017-04-27 15:48:13'),
(1061, NULL, 300205716, 'MX02745855', NULL, NULL, 1, 14, NULL, 20, 244, NULL, '2017-04-27 15:48:13', '2017-04-27 15:48:13'),
(1062, NULL, 300205725, 'MX02755123', NULL, NULL, 1, 14, NULL, 20, 244, NULL, '2017-04-27 15:48:13', '2017-04-27 15:48:13'),
(1063, NULL, 300205727, '9124501617B', NULL, '0000-00-00', 1, 41, NULL, 5, 244, NULL, '2017-04-27 15:48:13', '2017-04-27 15:48:13'),
(1064, NULL, 300205730, 'MX00775480', NULL, NULL, 1, 14, NULL, 20, 244, NULL, '2017-04-27 15:48:13', '2017-04-27 15:48:13'),
(1065, NULL, 300205732, 'USCB829179', NULL, NULL, 1, 16, NULL, 20, 244, NULL, '2017-04-27 15:48:13', '2017-04-27 15:48:13'),
(1066, NULL, 300205738, 'MX00265260', NULL, NULL, 1, 14, NULL, 20, 244, NULL, '2017-04-27 15:48:13', '2017-04-27 15:48:13'),
(1067, NULL, 300205739, '20180101', NULL, NULL, 1, 111, NULL, 20, 244, NULL, '2017-04-27 15:48:13', '2017-04-27 15:48:13'),
(1068, NULL, 300205740, '9K11501528B', NULL, NULL, 1, 41, NULL, 20, 244, NULL, '2017-04-27 15:48:13', '2017-04-27 15:48:13'),
(1069, NULL, 300205742, 'MX95101037', NULL, NULL, 1, 105, NULL, 20, 244, NULL, '2017-04-27 15:48:13', '2017-04-27 15:48:13'),
(1070, NULL, 300205743, 'MX00265275', NULL, NULL, 1, 14, NULL, 20, 244, NULL, '2017-04-27 15:48:13', '2017-04-27 15:48:13'),
(1071, NULL, 300205744, '9K11504776B', NULL, NULL, 1, 41, NULL, 20, 244, NULL, '2017-04-27 15:48:13', '2017-04-27 15:48:13'),
(1072, NULL, 300205746, 'MX95101031', NULL, NULL, 1, 105, NULL, 20, 244, NULL, '2017-04-27 15:48:13', '2017-04-27 15:48:13'),
(1073, NULL, 300205747, 'MX00265285', NULL, NULL, 1, 14, NULL, 20, 244, NULL, '2017-04-27 15:48:13', '2017-04-27 15:48:13'),
(1074, NULL, 300205750, 'MX95100677', NULL, NULL, 1, 105, NULL, 20, 244, NULL, '2017-04-27 15:48:13', '2017-04-27 15:48:13'),
(1075, NULL, 300205751, 'MX00265189', NULL, NULL, 1, 14, NULL, 20, 244, NULL, '2017-04-27 15:48:13', '2017-04-27 15:48:13'),
(1076, NULL, 300205756, 'MX00265247', NULL, NULL, 1, 14, NULL, 20, 244, NULL, '2017-04-27 15:48:13', '2017-04-27 15:48:13'),
(1077, NULL, 300205950, 'MX95100951', NULL, NULL, 1, 84, NULL, 20, 244, NULL, '2017-04-27 15:48:13', '2017-04-27 15:48:13'),
(1078, NULL, 300205951, 'MX00265252', NULL, NULL, 1, 71, NULL, 20, 244, NULL, '2017-04-27 15:48:13', '2017-04-27 15:48:13'),
(1079, NULL, 300205955, 'USLH015086', NULL, NULL, 1, 15, NULL, 20, 244, NULL, '2017-04-27 15:48:13', '2017-04-27 15:48:13'),
(1080, NULL, 300205956, 'MX95101614', NULL, NULL, 1, 105, NULL, 20, 244, NULL, '2017-04-27 15:48:13', '2017-04-27 15:48:13'),
(1081, NULL, 300205957, 'MX00265185', NULL, NULL, 1, 14, NULL, 20, 244, NULL, '2017-04-27 15:48:13', '2017-04-27 15:48:13'),
(1082, NULL, 300205961, 'MX95100850', NULL, NULL, 1, 105, NULL, 20, 244, NULL, '2017-04-27 15:48:13', '2017-04-27 15:48:13'),
(1083, NULL, 300205962, 'MX00265227', NULL, NULL, 1, 14, NULL, 20, 244, NULL, '2017-04-27 15:48:13', '2017-04-27 15:48:13'),
(1084, NULL, 300205963, '20180064', NULL, NULL, 1, 111, NULL, 20, 244, NULL, '2017-04-27 15:48:13', '2017-04-27 15:48:13'),
(1085, NULL, 300205966, 'USLFO51830', NULL, NULL, 1, 15, NULL, 20, 244, NULL, '2017-04-27 15:48:13', '2017-04-27 15:48:13'),
(1086, NULL, 300205967, 'CKU0000779', NULL, '0000-00-00', 1, 36, NULL, 5, 244, NULL, '2017-04-27 15:48:13', '2017-04-27 15:48:13'),
(1087, NULL, 300205968, 'CKU0000449', NULL, NULL, 1, 36, NULL, 20, 244, NULL, '2017-04-27 15:48:13', '2017-04-27 15:48:13'),
(1088, NULL, 300205975, 'USCB829165', NULL, NULL, 1, 16, NULL, 20, 244, NULL, '2017-04-27 15:48:13', '2017-04-27 15:48:13'),
(1089, NULL, 300205976, 'USCB829162', NULL, '0000-00-00', 1, 16, NULL, 5, 244, NULL, '2017-04-27 15:48:13', '2017-04-27 15:48:13'),
(1090, NULL, 300205978, 'MX00265250', NULL, NULL, 1, 14, NULL, 20, 244, NULL, '2017-04-27 15:48:13', '2017-04-27 15:48:13'),
(1091, NULL, 300205982, 'MX95100953', NULL, NULL, 1, 84, NULL, 20, 244, NULL, '2017-04-27 15:48:13', '2017-04-27 15:48:13'),
(1092, NULL, 300205983, 'MX00265277', NULL, NULL, 1, 14, NULL, 20, 244, NULL, '2017-04-27 15:48:13', '2017-04-27 15:48:13'),
(1095, NULL, 300205993, 'MX95100997', NULL, NULL, 1, 84, NULL, 20, 244, NULL, '2017-04-27 15:50:14', '2017-04-27 15:50:14'),
(1096, NULL, 300205994, 'MX95101034', NULL, '0000-00-00', 1, 84, NULL, 5, 244, NULL, '2017-04-27 15:50:14', '2017-04-27 15:50:14'),
(1097, NULL, 300205997, 'MX00265253', NULL, NULL, 1, 14, NULL, 20, 244, NULL, '2017-04-27 15:50:14', '2017-04-27 15:50:14'),
(1098, NULL, 300206000, 'MX95100949', NULL, NULL, 1, 84, NULL, 20, 244, NULL, '2017-04-27 15:50:14', '2017-04-27 15:50:14'),
(1099, NULL, 300206004, 'MX95100955', NULL, NULL, 1, 84, NULL, 20, 244, NULL, '2017-04-27 15:50:14', '2017-04-27 15:50:14'),
(1100, NULL, 300206006, 'MX00335281', NULL, NULL, 1, 14, NULL, 20, 244, NULL, '2017-04-27 15:50:14', '2017-04-27 15:50:14'),
(1101, NULL, 300206007, 'MX00265174', NULL, NULL, 1, 14, NULL, 20, 244, NULL, '2017-04-27 15:50:14', '2017-04-27 15:50:14'),
(1102, NULL, 300206010, 'MX95100990', NULL, NULL, 1, 84, NULL, 20, 244, NULL, '2017-04-27 15:50:14', '2017-04-27 15:50:14'),
(1103, NULL, 300206011, 'MX95101050', NULL, NULL, 1, 84, NULL, 20, 244, NULL, '2017-04-27 15:50:14', '2017-04-27 15:50:14'),
(1104, NULL, 300206012, 'MX00265176', NULL, NULL, 1, 14, NULL, 20, 244, NULL, '2017-04-27 15:50:14', '2017-04-27 15:50:14'),
(1105, NULL, 300206018, '20180068', NULL, '0000-00-00', 1, 110, NULL, 5, 244, NULL, '2017-04-27 15:50:14', '2017-04-27 15:50:14'),
(1106, NULL, 300206027, 'MX00265257', NULL, NULL, 1, 14, NULL, 20, 244, NULL, '2017-04-27 15:50:14', '2017-04-27 15:50:14'),
(1107, NULL, 300206031, 'MX00265161', NULL, NULL, 1, 14, NULL, 20, 244, NULL, '2017-04-27 15:50:14', '2017-04-27 15:50:14'),
(1108, NULL, 300206034, 'MX95101025', NULL, NULL, 1, 84, NULL, 20, 244, NULL, '2017-04-27 15:50:14', '2017-04-27 15:50:14'),
(1109, NULL, 300206037, 'MX95101616', NULL, NULL, 1, 84, NULL, 20, 244, NULL, '2017-04-27 15:50:14', '2017-04-27 15:50:14'),
(1110, NULL, 300206038, 'MX00265209', NULL, '0000-00-00', 1, 14, NULL, 5, 244, NULL, '2017-04-27 15:50:14', '2017-04-27 15:50:14'),
(1111, NULL, 300206040, 'LZE94236374', NULL, '0000-00-00', 1, 30, NULL, 5, 244, NULL, '2017-04-27 15:50:14', '2017-04-27 15:50:14'),
(1112, NULL, 300206041, 'MX95101024', NULL, NULL, 1, 84, NULL, 20, 244, NULL, '2017-04-27 15:50:14', '2017-04-27 15:50:14'),
(1113, NULL, 300206042, 'MX00265177', NULL, NULL, 1, 14, NULL, 20, 244, NULL, '2017-04-27 15:50:14', '2017-04-27 15:50:14'),
(1114, NULL, 300206043, '9K11504779B', NULL, NULL, 1, 41, NULL, 20, 244, NULL, '2017-04-27 15:50:14', '2017-04-27 15:50:14'),
(1115, NULL, 300206048, 'MX00165638', NULL, NULL, 1, 14, NULL, 20, 244, NULL, '2017-04-27 15:50:14', '2017-04-27 15:50:14'),
(1116, NULL, 300206055, 'MX00265278', NULL, NULL, 1, 14, NULL, 20, 244, NULL, '2017-04-27 15:50:14', '2017-04-27 15:50:14'),
(1117, NULL, 300206057, 'MX95101608', NULL, NULL, 1, 84, NULL, 20, 244, NULL, '2017-04-27 15:50:14', '2017-04-27 15:50:14'),
(1118, NULL, 300206062, 'MX95100952', NULL, '0000-00-00', 1, 84, NULL, 5, 244, NULL, '2017-04-27 15:50:14', '2017-04-27 15:50:14'),
(1119, NULL, 300206069, '20180020', NULL, NULL, 1, 110, NULL, 20, 244, NULL, '2017-04-27 15:50:14', '2017-04-27 15:50:14'),
(1120, NULL, 300206075, 'MX00265154', NULL, NULL, 1, 14, NULL, 20, 244, NULL, '2017-04-27 15:50:14', '2017-04-27 15:50:14'),
(1121, NULL, 300206076, 'USLH015095', NULL, NULL, 1, 15, NULL, 20, 244, NULL, '2017-04-27 15:50:14', '2017-04-27 15:50:14'),
(1122, NULL, 300206080, 'MX95101023', NULL, NULL, 1, 84, NULL, 20, 244, NULL, '2017-04-27 15:50:14', '2017-04-27 15:50:14'),
(1123, NULL, 300206082, '9K11501534B', NULL, '0000-00-00', 1, 41, NULL, 5, 244, NULL, '2017-04-27 15:50:14', '2017-04-27 15:50:14'),
(1124, NULL, 300206084, 'MX95100842', NULL, NULL, 1, 84, NULL, 20, 244, NULL, '2017-04-27 15:50:14', '2017-04-27 15:50:14'),
(1125, NULL, 300206085, 'MX00265267', NULL, NULL, 1, 14, NULL, 20, 244, NULL, '2017-04-27 15:50:14', '2017-04-27 15:50:14'),
(1126, NULL, 300206088, 'MX95101610', NULL, NULL, 1, 84, NULL, 20, 244, NULL, '2017-04-27 15:50:14', '2017-04-27 15:50:14'),
(1127, NULL, 300206089, 'MX00265262', NULL, NULL, 1, 14, NULL, 20, 244, NULL, '2017-04-27 15:50:14', '2017-04-27 15:50:14'),
(1128, NULL, 300206091, 'MX95101021', NULL, NULL, 1, 52, NULL, 20, 244, NULL, '2017-04-27 15:50:14', '2017-04-27 15:50:14'),
(1129, NULL, 300206092, 'MX00265258', NULL, NULL, 1, 14, NULL, 20, 244, NULL, '2017-04-27 15:50:14', '2017-04-27 15:50:14'),
(1130, NULL, 300206095, '20180061', NULL, NULL, 1, 110, NULL, 20, 244, NULL, '2017-04-27 15:50:14', '2017-04-27 15:50:14'),
(1131, NULL, 300206098, 'USLD053821', NULL, NULL, 1, 15, NULL, 20, 244, NULL, '2017-04-27 15:50:14', '2017-04-27 15:50:14'),
(1132, NULL, 300206099, 'USLG051176', NULL, NULL, 1, 15, NULL, 20, 244, NULL, '2017-04-27 15:50:14', '2017-04-27 15:50:14'),
(1133, NULL, 300206101, 'USLD053844', NULL, NULL, 1, 15, NULL, 20, 244, NULL, '2017-04-27 15:50:14', '2017-04-27 15:50:14'),
(1134, NULL, 300206105, 'MX95100998', NULL, NULL, 1, 52, NULL, 20, 244, NULL, '2017-04-27 15:50:14', '2017-04-27 15:50:14'),
(1135, NULL, 300206106, 'MX00265271', NULL, NULL, 1, 14, NULL, 20, 244, NULL, '2017-04-27 15:50:14', '2017-04-27 15:50:14'),
(1136, NULL, 300206113, 'MX00265274', NULL, NULL, 1, 14, NULL, 20, 244, NULL, '2017-04-27 15:50:14', '2017-04-27 15:50:14'),
(1137, NULL, 300206114, 'MX00265157', NULL, NULL, 1, 14, NULL, 20, 244, NULL, '2017-04-27 15:50:14', '2017-04-27 15:50:14'),
(1138, NULL, 300206115, 'MX00265190', NULL, NULL, 1, 14, NULL, 20, 244, NULL, '2017-04-27 15:50:14', '2017-04-27 15:50:14'),
(1139, NULL, 300206117, 'MX95100849', NULL, NULL, 1, 52, NULL, 20, 244, NULL, '2017-04-27 15:50:14', '2017-04-27 15:50:14'),
(1140, NULL, 300206118, 'MX95101609', NULL, NULL, 1, 52, NULL, 20, 244, NULL, '2017-04-27 15:50:14', '2017-04-27 15:50:14'),
(1141, NULL, 300206124, 'MX95103982', NULL, NULL, 1, 52, NULL, 20, 244, NULL, '2017-04-27 15:50:14', '2017-04-27 15:50:14'),
(1142, NULL, 300206127, 'C0005030146', NULL, NULL, 1, 41, NULL, 20, 244, NULL, '2017-04-27 15:50:14', '2017-04-27 15:50:14'),
(1143, NULL, 300207425, 'MX25160065', NULL, NULL, 1, 61, NULL, 20, 244, NULL, '2017-04-27 15:50:14', '2017-04-27 15:50:14'),
(1144, NULL, 300207427, 'MX25160009', NULL, NULL, 1, 61, NULL, 20, 244, NULL, '2017-04-27 15:50:14', '2017-04-27 15:50:14'),
(1145, NULL, 300207432, 'MX22140696', NULL, NULL, 1, 46, NULL, 20, 244, NULL, '2017-04-27 15:50:14', '2017-04-27 15:50:14'),
(1146, NULL, 300207435, 'MX22140551', NULL, NULL, 1, 46, NULL, 20, 244, NULL, '2017-04-27 15:50:14', '2017-04-27 15:50:14'),
(1147, NULL, 300207436, 'MX22842811', NULL, NULL, 1, 46, NULL, 20, 244, NULL, '2017-04-27 15:50:14', '2017-04-27 15:50:14'),
(1148, NULL, 300207437, 'MX22842805', NULL, NULL, 1, 46, NULL, 20, 244, NULL, '2017-04-27 15:50:14', '2017-04-27 15:50:14'),
(1149, NULL, 300207441, '7Z5V1W82F6200', NULL, NULL, 1, 78, NULL, 20, 244, NULL, '2017-04-27 15:50:14', '2017-04-27 15:50:14'),
(1150, NULL, 300207447, '7Z5V1W82F7080', NULL, NULL, 1, 78, NULL, 20, 244, NULL, '2017-04-27 15:50:14', '2017-04-27 15:50:14'),
(1151, NULL, 300207454, '7Z5V1W82F61CO', NULL, NULL, 1, 78, NULL, 20, 244, NULL, '2017-04-27 15:50:14', '2017-04-27 15:50:14'),
(1152, NULL, 300207456, '1K25800286B', NULL, NULL, 1, 41, NULL, 20, 244, NULL, '2017-04-27 15:50:14', '2017-04-27 15:50:14'),
(1153, NULL, 300207462, '1K25801744B', NULL, NULL, 1, 41, NULL, 20, 244, NULL, '2017-04-27 15:50:14', '2017-04-27 15:50:14'),
(1154, NULL, 300207471, 'HCA22206577', NULL, NULL, 1, 93, NULL, 20, 244, NULL, '2017-04-27 15:50:14', '2017-04-27 15:50:14'),
(1155, NULL, 300207493, '6X2CKN9ZAOCF', NULL, NULL, 1, 72, NULL, 20, 244, NULL, '2017-04-27 15:50:14', '2017-04-27 15:50:14'),
(1156, NULL, 300207496, '6X2CKN9ZALTR', NULL, NULL, 1, 72, NULL, 20, 244, NULL, '2017-04-27 15:50:14', '2017-04-27 15:50:14'),
(1157, NULL, 300207503, '6X2CKN9ZAIKV', NULL, NULL, 1, 72, NULL, 20, 244, NULL, '2017-04-27 15:50:14', '2017-04-27 15:50:14'),
(1158, NULL, 300207532, '6X2CKN9ZAODM', NULL, NULL, 1, 72, NULL, 20, 244, NULL, '2017-04-27 15:50:14', '2017-04-27 15:50:14'),
(1159, NULL, 300207536, '6X2CKN9ZAOB4', NULL, '0000-00-00', 1, 72, NULL, 5, 244, NULL, '2017-04-27 15:50:14', '2017-04-27 15:50:14'),
(1160, NULL, 300207537, '6X2CKN9ZAORB', NULL, '0000-00-00', 1, 72, NULL, 5, 244, NULL, '2017-04-27 15:50:14', '2017-04-27 15:50:14'),
(1161, NULL, 300207567, '303CP28KC357', NULL, '0000-00-00', 1, 106, NULL, 5, 244, NULL, '2017-04-27 15:50:14', '2017-04-27 15:50:14'),
(1162, NULL, 300207606, '302CP28KC381', NULL, NULL, 1, 106, NULL, 20, 244, NULL, '2017-04-27 15:50:14', '2017-04-27 15:50:14'),
(1163, NULL, 300207609, '302CP28KC430', NULL, NULL, 1, 106, NULL, 20, 244, NULL, '2017-04-27 15:50:14', '2017-04-27 15:50:14'),
(1164, NULL, 300207610, '302CP28KB932', NULL, NULL, 1, 106, NULL, 20, 244, NULL, '2017-04-27 15:50:14', '2017-04-27 15:50:14'),
(1165, NULL, 300207645, 'BOFGA02127', NULL, '0000-00-00', 1, 39, NULL, 5, 244, NULL, '2017-04-27 15:50:14', '2017-04-27 15:50:14'),
(1166, NULL, 300207670, 'BOFGA02532', NULL, NULL, 1, 39, NULL, 20, 244, NULL, '2017-04-27 15:50:14', '2017-04-27 15:50:14'),
(1167, NULL, 300207729, 'BOMN3NU03Q5', NULL, '0000-00-00', 1, 108, NULL, 5, 244, NULL, '2017-04-27 15:50:14', '2017-04-27 15:50:14'),
(1168, NULL, 300207773, 'E03A14679', NULL, NULL, 1, 32, NULL, 20, 244, NULL, '2017-04-27 15:50:14', '2017-04-27 15:50:14'),
(1169, NULL, 300207775, 'E03A14615', NULL, '0000-00-00', 1, 32, NULL, 5, 244, NULL, '2017-04-27 15:50:14', '2017-04-27 15:50:14'),
(1170, NULL, 300207776, 'E03A91600', NULL, NULL, 1, 32, NULL, 20, 244, NULL, '2017-04-27 15:50:14', '2017-04-27 15:50:14'),
(1171, NULL, 300207778, 'E03A14610', NULL, NULL, 1, 32, NULL, 20, 244, NULL, '2017-04-27 15:50:14', '2017-04-27 15:50:14'),
(1172, NULL, 300207780, 'E03A14674', NULL, NULL, 1, 32, NULL, 20, 244, NULL, '2017-04-27 15:50:14', '2017-04-27 15:50:14'),
(1173, NULL, 300207784, 'E03A91597', NULL, NULL, 1, 32, NULL, 20, 244, NULL, '2017-04-27 15:50:14', '2017-04-27 15:50:14'),
(1174, NULL, 300207785, 'E03A91581', NULL, NULL, 1, 32, NULL, 20, 244, NULL, '2017-04-27 15:50:14', '2017-04-27 15:50:14'),
(1175, NULL, 300207787, 'E03A91595', NULL, NULL, 1, 32, NULL, 20, 244, NULL, '2017-04-27 15:50:14', '2017-04-27 15:50:14'),
(1176, NULL, 300207788, 'E03A91584', NULL, NULL, 1, 32, NULL, 20, 244, NULL, '2017-04-27 15:50:14', '2017-04-27 15:50:14'),
(1177, NULL, 300207791, 'E03A91578', NULL, NULL, 1, 32, NULL, 20, 244, NULL, '2017-04-27 15:50:14', '2017-04-27 15:50:14'),
(1178, NULL, 300207801, 'E03A14591', NULL, NULL, 1, 32, NULL, 20, 244, NULL, '2017-04-27 15:50:14', '2017-04-27 15:50:14'),
(1179, NULL, 300207803, 'E03A14684', NULL, NULL, 1, 32, NULL, 20, 244, NULL, '2017-04-27 15:50:14', '2017-04-27 15:50:14'),
(1180, NULL, 300207807, 'E03A14586', NULL, NULL, 1, 32, NULL, 20, 244, NULL, '2017-04-27 15:50:14', '2017-04-27 15:50:14'),
(1181, NULL, 300207809, 'E03A91603', NULL, NULL, 1, 32, NULL, 20, 244, NULL, '2017-04-27 15:50:14', '2017-04-27 15:50:14'),
(1182, NULL, 300207811, 'E03A14605', NULL, NULL, 1, 32, NULL, 20, 244, NULL, '2017-04-27 15:50:14', '2017-04-27 15:50:14'),
(1183, NULL, 300207813, 'E03A14685', NULL, NULL, 1, 32, NULL, 20, 244, NULL, '2017-04-27 15:50:14', '2017-04-27 15:50:14'),
(1184, NULL, 300207814, 'E03A14677', NULL, NULL, 1, 32, NULL, 20, 244, NULL, '2017-04-27 15:50:14', '2017-04-27 15:50:14'),
(1185, NULL, 300207815, 'E03A14588', NULL, '0000-00-00', 1, 32, NULL, 5, 244, NULL, '2017-04-27 15:50:14', '2017-04-27 15:50:14'),
(1186, NULL, 300207824, 'E03A14603', NULL, NULL, 1, 32, NULL, 20, 244, NULL, '2017-04-27 15:50:14', '2017-04-27 15:50:14'),
(1187, NULL, 300207825, 'E03A14592', NULL, NULL, 1, 32, NULL, 20, 244, NULL, '2017-04-27 15:50:14', '2017-04-27 15:50:14'),
(1188, NULL, 300207828, 'E03A14616', NULL, NULL, 1, 32, NULL, 20, 244, NULL, '2017-04-27 15:50:14', '2017-04-27 15:50:14'),
(1189, NULL, 300207829, 'E03A14604', NULL, NULL, 1, 32, NULL, 20, 244, NULL, '2017-04-27 15:50:14', '2017-04-27 15:50:14'),
(1190, NULL, 300207830, 'E03A91586', NULL, NULL, 1, 32, NULL, 20, 244, NULL, '2017-04-27 15:50:14', '2017-04-27 15:50:14'),
(1191, NULL, 300207833, 'E03A91606', NULL, NULL, 1, 32, NULL, 20, 244, NULL, '2017-04-27 15:50:14', '2017-04-27 15:50:14'),
(1192, NULL, 300207834, 'E03A14683', NULL, '0000-00-00', 1, 32, NULL, 5, 244, NULL, '2017-04-27 15:50:14', '2017-04-27 15:50:14'),
(1193, NULL, 300207841, 'E03A14602', NULL, '0000-00-00', 1, 32, NULL, 5, 244, NULL, '2017-04-27 15:50:14', '2017-04-27 15:50:14'),
(1194, NULL, 300207843, 'E03A14675', NULL, NULL, 1, 32, NULL, 20, 244, NULL, '2017-04-27 15:50:14', '2017-04-27 15:50:14');
INSERT INTO `inventarios` (`id`, `folio_resguardo`, `numero_inventario`, `numero_serie`, `comentario_baja`, `fecha_baja`, `status`, `modelo_id`, `oficialia_id`, `area_id`, `responsable_id`, `resguardo_id`, `created_at`, `updated_at`) VALUES
(1195, NULL, 300207846, 'E-02-J-46315', NULL, NULL, 1, 31, NULL, 20, 244, NULL, '2017-04-27 15:50:14', '2017-04-27 15:50:14'),
(1196, NULL, 300207847, 'E-02-J-46324', NULL, NULL, 1, 31, NULL, 20, 244, NULL, '2017-04-27 15:50:14', '2017-04-27 15:50:14'),
(1197, NULL, 300207848, 'E-02-K-05399', NULL, '0000-00-00', 1, 31, NULL, 5, 244, NULL, '2017-04-27 15:50:14', '2017-04-27 15:50:14'),
(1198, NULL, 300207849, 'E-02-J-46322', NULL, NULL, 1, 31, NULL, 20, 244, NULL, '2017-04-27 15:50:14', '2017-04-27 15:50:14'),
(1199, NULL, 300207850, 'E-02-J-46313', NULL, NULL, 1, 31, NULL, 20, 244, NULL, '2017-04-27 15:50:14', '2017-04-27 15:50:14'),
(1200, NULL, 300207851, 'E-02-J-46307', NULL, NULL, 1, 31, NULL, 20, 244, NULL, '2017-04-27 15:50:14', '2017-04-27 15:50:14'),
(1201, NULL, 300207853, 'E-02-J-46308', NULL, NULL, 1, 31, NULL, 20, 244, NULL, '2017-04-27 15:50:14', '2017-04-27 15:50:14'),
(1202, NULL, 300207854, 'E-02-J-46314', NULL, NULL, 1, 31, NULL, 20, 244, NULL, '2017-04-27 15:50:14', '2017-04-27 15:50:14'),
(1203, NULL, 300208083, 'SBRJGR00338', NULL, NULL, 1, 21, NULL, 20, 244, NULL, '2017-04-27 15:50:14', '2017-04-27 15:50:14'),
(1204, NULL, 300208086, 'SBRJGR00515', NULL, NULL, 1, 21, NULL, 20, 244, NULL, '2017-04-27 15:50:14', '2017-04-27 15:50:14'),
(1205, NULL, 300208087, 'SBRJGR00263', NULL, NULL, 1, 21, NULL, 20, 244, NULL, '2017-04-27 15:50:14', '2017-04-27 15:50:14'),
(1206, NULL, 300208092, 'SBRJGR00091', NULL, NULL, 1, 21, NULL, 20, 244, NULL, '2017-04-27 15:50:14', '2017-04-27 15:50:14'),
(1207, NULL, 300208095, 'SBRJGR00197', NULL, NULL, 1, 21, NULL, 20, 244, NULL, '2017-04-27 15:50:14', '2017-04-27 15:50:14'),
(1208, NULL, 300208099, 'SBRJGC01652', NULL, NULL, 1, 21, NULL, 20, 244, NULL, '2017-04-27 15:50:14', '2017-04-27 15:50:14'),
(1209, NULL, 300208103, 'SBRJGR00375', NULL, NULL, 1, 21, NULL, 20, 244, NULL, '2017-04-27 15:50:14', '2017-04-27 15:50:14'),
(1210, NULL, 300208106, 'SBRJGR00082', NULL, NULL, 1, 21, NULL, 20, 244, NULL, '2017-04-27 15:50:14', '2017-04-27 15:50:14'),
(1211, NULL, 300208112, 'SBRJGR00113', NULL, '0000-00-00', 1, 21, NULL, 5, 244, NULL, '2017-04-27 15:50:14', '2017-04-27 15:50:14'),
(1212, NULL, 300208113, 'SBRJGR00005', NULL, NULL, 1, 21, NULL, 20, 244, NULL, '2017-04-27 15:50:14', '2017-04-27 15:50:14'),
(1213, NULL, 300208114, 'SBRJGR00169', NULL, NULL, 1, 21, NULL, 20, 244, NULL, '2017-04-27 15:50:14', '2017-04-27 15:50:14'),
(1214, NULL, 300208123, 'SJPGGN20518', NULL, NULL, 1, 21, NULL, 20, 244, NULL, '2017-04-27 15:50:14', '2017-04-27 15:50:14'),
(1215, NULL, 300225825, 'MXD44001J4', NULL, '0000-00-00', 1, 69, NULL, 5, 244, NULL, '2017-04-27 15:50:14', '2017-04-27 15:50:14'),
(1216, NULL, 300225828, 'MXD44001F4', NULL, '0000-00-00', 1, 69, NULL, 5, 244, NULL, '2017-04-27 15:50:14', '2017-04-27 15:50:14'),
(1217, NULL, 300225829, 'MXD44001R9', NULL, '0000-00-00', 1, 69, NULL, 5, 244, NULL, '2017-04-27 15:50:14', '2017-04-27 15:50:14'),
(1218, NULL, 300225833, 'MXD44001G6', NULL, NULL, 1, 69, NULL, 20, 244, NULL, '2017-04-27 15:50:14', '2017-04-27 15:50:14'),
(1219, NULL, 300225837, 'MXD42202RV', NULL, '0000-00-00', 1, 69, NULL, 5, 244, NULL, '2017-04-27 15:50:14', '2017-04-27 15:50:14'),
(1220, NULL, 300225838, 'MXD4350DWY', NULL, NULL, 1, 69, NULL, 20, 244, NULL, '2017-04-27 15:50:14', '2017-04-27 15:50:14'),
(1221, NULL, 300225839, 'MXD4350FYB', NULL, '0000-00-00', 1, 69, NULL, 5, 244, NULL, '2017-04-27 15:50:14', '2017-04-27 15:50:14'),
(1222, NULL, 300225841, 'MXD4350DJG', NULL, NULL, 1, 69, NULL, 20, 244, NULL, '2017-04-27 15:50:14', '2017-04-27 15:50:14'),
(1223, NULL, 300225848, 'MXD44001DB', NULL, '0000-00-00', 1, 69, NULL, 5, 244, NULL, '2017-04-27 15:50:14', '2017-04-27 15:50:14'),
(1224, NULL, 300225876, 'CNC4281C61', NULL, NULL, 1, 74, NULL, 20, 244, NULL, '2017-04-27 15:50:14', '2017-04-27 15:50:14'),
(1225, NULL, 300225877, 'CNC4281C2V', NULL, NULL, 1, 74, NULL, 20, 244, NULL, '2017-04-27 15:50:14', '2017-04-27 15:50:14'),
(1226, NULL, 300225878, 'CNC4281C7K', NULL, '0000-00-00', 1, 74, NULL, 5, 244, NULL, '2017-04-27 15:50:14', '2017-04-27 15:50:14'),
(1227, NULL, 300225879, 'CNC4330WVB', NULL, '0000-00-00', 1, 74, NULL, 5, 244, NULL, '2017-04-27 15:50:14', '2017-04-27 15:50:14'),
(1228, NULL, 300225880, 'CNC4330WVK', NULL, '0000-00-00', 1, 74, NULL, 5, 244, NULL, '2017-04-27 15:50:14', '2017-04-27 15:50:14'),
(1229, NULL, 300225881, 'CNC4281C2R', NULL, NULL, 1, 74, NULL, 20, 244, NULL, '2017-04-27 15:50:14', '2017-04-27 15:50:14'),
(1230, NULL, 300225882, 'CNC4281C63', NULL, NULL, 1, 74, NULL, 20, 244, NULL, '2017-04-27 15:50:14', '2017-04-27 15:50:14'),
(1231, NULL, 300225883, 'CNC4330WVM', NULL, NULL, 1, 74, NULL, 20, 244, NULL, '2017-04-27 15:50:14', '2017-04-27 15:50:14'),
(1232, NULL, 300225884, 'CNC4281C7Q', NULL, NULL, 1, 74, NULL, 20, 244, NULL, '2017-04-27 15:50:14', '2017-04-27 15:50:14'),
(1233, NULL, 300225885, 'CNC4281C4X', NULL, NULL, 1, 74, NULL, 20, 244, NULL, '2017-04-27 15:50:14', '2017-04-27 15:50:14'),
(1234, NULL, 300225886, 'CNC4330WV8', NULL, NULL, 1, 74, NULL, 20, 244, NULL, '2017-04-27 15:50:14', '2017-04-27 15:50:14'),
(1235, NULL, 300225887, 'CNC4281C80', NULL, '0000-00-00', 1, 74, NULL, 5, 244, NULL, '2017-04-27 15:50:14', '2017-04-27 15:50:14'),
(1236, NULL, 300225888, 'CNC4281C5Y', NULL, '0000-00-00', 1, 74, NULL, 5, 244, NULL, '2017-04-27 15:50:14', '2017-04-27 15:50:14'),
(1237, NULL, 300225889, 'CNC4330WW8', NULL, '0000-00-00', 1, 74, NULL, 5, 244, NULL, '2017-04-27 15:50:14', '2017-04-27 15:50:14'),
(1238, NULL, 300225891, 'CNC4281C2S', NULL, '0000-00-00', 1, 74, NULL, 5, 244, NULL, '2017-04-27 15:50:14', '2017-04-27 15:50:14'),
(1239, NULL, 300225892, 'CNC4330WTM', NULL, NULL, 1, 74, NULL, 20, 244, NULL, '2017-04-27 15:50:14', '2017-04-27 15:50:14'),
(1240, NULL, 300225895, 'CNC4281C7L', NULL, NULL, 1, 74, NULL, 20, 244, NULL, '2017-04-27 15:50:14', '2017-04-27 15:50:14'),
(1241, NULL, 300225896, 'CNC4330WTN', NULL, '0000-00-00', 1, 74, NULL, 5, 244, NULL, '2017-04-27 15:50:14', '2017-04-27 15:50:14'),
(1242, NULL, 300225897, 'CNC4281C7C', NULL, NULL, 1, 74, NULL, 20, 244, NULL, '2017-04-27 15:50:14', '2017-04-27 15:50:14'),
(1243, NULL, 300225898, 'CNC4281C77', NULL, NULL, 1, 74, NULL, 20, 244, NULL, '2017-04-27 15:50:14', '2017-04-27 15:50:14'),
(1244, NULL, 300225899, 'CNC4281C5K', NULL, NULL, 1, 74, NULL, 20, 244, NULL, '2017-04-27 15:50:14', '2017-04-27 15:50:14'),
(1245, NULL, 300225900, 'CNC4281C55', NULL, NULL, 1, 74, NULL, 20, 244, NULL, '2017-04-27 15:50:14', '2017-04-27 15:50:14'),
(1246, NULL, 300225901, 'CNC4281C2X', NULL, NULL, 1, 74, NULL, 20, 244, NULL, '2017-04-27 15:50:14', '2017-04-27 15:50:14'),
(1247, NULL, 300225902, 'CNC4281C7F', NULL, '0000-00-00', 1, 74, NULL, 5, 244, NULL, '2017-04-27 15:50:14', '2017-04-27 15:50:14'),
(1248, NULL, 300225937, 'C0408079213', NULL, '0000-00-00', 1, 96, NULL, 5, 244, NULL, '2017-04-27 15:50:14', '2017-04-27 15:50:14'),
(1249, NULL, 300225938, 'C0408077969', NULL, NULL, 1, 96, NULL, 20, 244, NULL, '2017-04-27 15:50:14', '2017-04-27 15:50:14'),
(1250, NULL, 300225949, 'C0407127762', NULL, '0000-00-00', 1, 96, NULL, 5, 244, NULL, '2017-04-27 15:50:14', '2017-04-27 15:50:14'),
(1251, NULL, 300225950, 'C0407138269', NULL, '0000-00-00', 1, 96, NULL, 5, 244, NULL, '2017-04-27 15:50:14', '2017-04-27 15:50:14'),
(1252, NULL, 300225986, '0407082656', NULL, NULL, 1, 80, NULL, 20, 244, NULL, '2017-04-27 15:50:14', '2017-04-27 15:50:14'),
(1253, NULL, 300225991, '0407058818', NULL, NULL, 1, 80, NULL, 20, 244, NULL, '2017-04-27 15:50:14', '2017-04-27 15:50:14'),
(1254, NULL, 300226000, '0407058801', NULL, NULL, 1, 80, NULL, 20, 244, NULL, '2017-04-27 15:50:14', '2017-04-27 15:50:14'),
(1255, NULL, 300232444, 'CNBGD34592', NULL, NULL, 1, 22, NULL, 20, 244, NULL, '2017-04-27 15:50:14', '2017-04-27 15:50:14'),
(1256, NULL, 300232446, 'CNBGG94944', NULL, NULL, 1, 22, NULL, 20, 244, NULL, '2017-04-27 15:50:14', '2017-04-27 15:50:14'),
(1257, NULL, 300232447, 'CNBGH97517', NULL, NULL, 1, 22, NULL, 20, 244, NULL, '2017-04-27 15:50:14', '2017-04-27 15:50:14'),
(1258, NULL, 300232448, 'CNBGG21659', NULL, NULL, 1, 22, NULL, 20, 244, NULL, '2017-04-27 15:50:14', '2017-04-27 15:50:14'),
(1259, NULL, 300232449, 'CNBGH97510', NULL, NULL, 1, 22, NULL, 20, 244, NULL, '2017-04-27 15:50:14', '2017-04-27 15:50:14'),
(1260, NULL, 300232532, '33094-007', NULL, '0000-00-00', 1, 55, NULL, 5, 244, NULL, '2017-04-27 15:50:14', '2017-04-27 15:50:14'),
(1261, NULL, 300232533, '33094-008', NULL, '0000-00-00', 1, 55, NULL, 5, 244, NULL, '2017-04-27 15:50:14', '2017-04-27 15:50:14'),
(1262, NULL, 300236037, 'E05H09056', NULL, NULL, 1, 32, NULL, 20, 244, NULL, '2017-04-27 15:50:14', '2017-04-27 15:50:14'),
(1263, NULL, 300236049, 'E05H09054', NULL, NULL, 1, 32, NULL, 20, 244, NULL, '2017-04-27 15:50:14', '2017-04-27 15:50:14'),
(1264, NULL, 300236057, 'E05H09057', NULL, NULL, 1, 32, NULL, 20, 244, NULL, '2017-04-27 15:50:14', '2017-04-27 15:50:14'),
(1265, NULL, 300237436, 'CNGKC15617', NULL, NULL, 1, 18, NULL, 20, 244, NULL, '2017-04-27 15:50:14', '2017-04-27 15:50:14'),
(1266, NULL, 300237439, 'CNGKB13969', NULL, NULL, 1, 18, NULL, 20, 244, NULL, '2017-04-27 15:50:14', '2017-04-27 15:50:14'),
(1267, NULL, 300237440, 'CNGKB13975', NULL, NULL, 1, 18, NULL, 20, 244, NULL, '2017-04-27 15:50:14', '2017-04-27 15:50:14'),
(1268, NULL, 300237442, 'CNGKB15124', NULL, NULL, 1, 18, NULL, 20, 244, NULL, '2017-04-27 15:50:14', '2017-04-27 15:50:14'),
(1269, NULL, 300266241, 'CNGJF31272', NULL, NULL, 1, 18, NULL, 20, 244, NULL, '2017-04-27 15:50:14', '2017-04-27 15:50:14'),
(1270, NULL, 300266248, 'CNGKM05122', NULL, NULL, 1, 18, NULL, 20, 244, NULL, '2017-04-27 15:50:14', '2017-04-27 15:50:14'),
(1271, NULL, 300266255, 'CNGJF28927', NULL, NULL, 1, 18, NULL, 20, 244, NULL, '2017-04-27 15:50:14', '2017-04-27 15:50:14'),
(1272, NULL, 300266257, 'CNGKM05113', NULL, NULL, 1, 18, NULL, 20, 244, NULL, '2017-04-27 15:50:14', '2017-04-27 15:50:14'),
(1273, NULL, 300266259, 'E06H01513', NULL, NULL, 1, 32, NULL, 20, 244, NULL, '2017-04-27 15:50:14', '2017-04-27 15:50:14'),
(1274, NULL, 300266262, 'E06H01490', NULL, NULL, 1, 32, NULL, 20, 244, NULL, '2017-04-27 15:50:14', '2017-04-27 15:50:14'),
(1275, NULL, 300266281, 'E06H01505', NULL, NULL, 1, 32, NULL, 20, 244, NULL, '2017-04-27 15:50:14', '2017-04-27 15:50:14'),
(1276, NULL, 300266286, 'E06H01503', NULL, NULL, 1, 32, NULL, 20, 244, NULL, '2017-04-27 15:50:14', '2017-04-27 15:50:14'),
(1277, NULL, 300266293, 'E06H01478', NULL, '0000-00-00', 1, 32, NULL, 5, 244, NULL, '2017-04-27 15:50:14', '2017-04-27 15:50:14'),
(1278, NULL, 300266297, 'E06H01493', NULL, '0000-00-00', 1, 32, NULL, 5, 244, NULL, '2017-04-27 15:50:14', '2017-04-27 15:50:14'),
(1279, NULL, 300266342, NULL, NULL, '0000-00-00', 1, 95, NULL, 5, 244, NULL, '2017-04-27 15:50:14', '2017-04-27 15:50:14'),
(1280, NULL, 300266349, 'CNN62412FN', NULL, NULL, 1, 48, NULL, 20, 244, NULL, '2017-04-27 15:50:14', '2017-04-27 15:50:14'),
(1283, NULL, 300266386, NULL, NULL, NULL, 1, 95, NULL, 20, 244, NULL, '2017-04-27 16:01:29', '2017-04-27 16:01:29'),
(1284, NULL, 300266393, 'CNN62412F6', NULL, '0000-00-00', 1, 48, NULL, 5, 244, NULL, '2017-04-27 16:01:29', '2017-04-27 16:01:29'),
(1285, NULL, 300266413, 'CNN62412F8', NULL, '0000-00-00', 1, 48, NULL, 5, 244, NULL, '2017-04-27 16:01:29', '2017-04-27 16:01:29'),
(1286, NULL, 300266436, 'MXJ63201NZ', NULL, NULL, 1, 7, NULL, 20, 244, NULL, '2017-04-27 16:01:29', '2017-04-27 16:01:29'),
(1287, NULL, 300266448, 'MXJ63201PW', NULL, NULL, 1, 7, NULL, 20, 244, NULL, '2017-04-27 16:01:29', '2017-04-27 16:01:29'),
(1288, NULL, 300266484, 'MXJ63201PG', NULL, NULL, 1, 7, NULL, 20, 244, NULL, '2017-04-27 16:01:29', '2017-04-27 16:01:29'),
(1289, NULL, 300266490, NULL, NULL, '0000-00-00', 1, 95, NULL, 5, 244, NULL, '2017-04-27 16:01:29', '2017-04-27 16:01:29'),
(1290, NULL, 300266496, 'MXJ6290CV5', NULL, '0000-00-00', 1, 7, NULL, 5, 244, NULL, '2017-04-27 16:01:29', '2017-04-27 16:01:29'),
(1291, NULL, 300269768, 'YJ9W710153892', NULL, NULL, 1, 94, NULL, 20, 244, NULL, '2017-04-27 16:01:29', '2017-04-27 16:01:29'),
(1292, NULL, 300269769, 'YJ9W710153891', NULL, NULL, 1, 94, NULL, 20, 244, NULL, '2017-04-27 16:01:29', '2017-04-27 16:01:29'),
(1293, NULL, 300275336, 'MXJ6470GXK', NULL, '0000-00-00', 1, 23, NULL, 5, 244, NULL, '2017-04-27 16:01:29', '2017-04-27 16:01:29'),
(1294, NULL, 300275337, 'MXJ70205B5', NULL, '0000-00-00', 1, 23, NULL, 5, 244, NULL, '2017-04-27 16:01:29', '2017-04-27 16:01:29'),
(1295, NULL, 300275338, 'MXJ6470GXV', NULL, '0000-00-00', 1, 23, NULL, 5, 244, NULL, '2017-04-27 16:01:29', '2017-04-27 16:01:29'),
(1296, NULL, 300275339, 'MXJ70205B8', NULL, '0000-00-00', 1, 23, NULL, 5, 244, NULL, '2017-04-27 16:01:29', '2017-04-27 16:01:29'),
(1297, NULL, 300275341, 'MXJ6470GXM', NULL, '0000-00-00', 1, 23, NULL, 5, 244, NULL, '2017-04-27 16:01:29', '2017-04-27 16:01:29'),
(1298, NULL, 300275343, 'MXJ6470H65', NULL, '0000-00-00', 1, 23, NULL, 5, 244, NULL, '2017-04-27 16:01:29', '2017-04-27 16:01:29'),
(1299, NULL, 300275345, 'MXJ6470HGR', NULL, '0000-00-00', 1, 23, NULL, 5, 244, NULL, '2017-04-27 16:01:29', '2017-04-27 16:01:29'),
(1300, NULL, 300275346, 'MXJ6470GXS', NULL, '0000-00-00', 1, 23, NULL, 5, 244, NULL, '2017-04-27 16:01:29', '2017-04-27 16:01:29'),
(1301, NULL, 300275347, NULL, NULL, '0000-00-00', 1, 23, NULL, 5, 244, NULL, '2017-04-27 16:01:29', '2017-04-27 16:01:29'),
(1302, NULL, 300275349, 'MXJ70205BC', NULL, '0000-00-00', 1, 23, NULL, 5, 244, NULL, '2017-04-27 16:01:29', '2017-04-27 16:01:29'),
(1303, NULL, 300275350, 'MXJ6470H6Y', NULL, '0000-00-00', 1, 23, NULL, 5, 244, NULL, '2017-04-27 16:01:29', '2017-04-27 16:01:29'),
(1304, NULL, 300275353, 'MXJ647070H6X', NULL, '0000-00-00', 1, 23, NULL, 5, 244, NULL, '2017-04-27 16:01:29', '2017-04-27 16:01:29'),
(1305, NULL, 300275357, 'MXJ647070GXN', NULL, '0000-00-00', 1, 23, NULL, 5, 244, NULL, '2017-04-27 16:01:29', '2017-04-27 16:01:29'),
(1306, NULL, 300275360, NULL, NULL, '0000-00-00', 1, 23, NULL, 5, 244, NULL, '2017-04-27 16:01:29', '2017-04-27 16:01:29'),
(1307, NULL, 300275361, NULL, NULL, '0000-00-00', 1, 23, NULL, 5, 244, NULL, '2017-04-27 16:01:29', '2017-04-27 16:01:29'),
(1308, NULL, 300275362, NULL, NULL, '0000-00-00', 1, 23, NULL, 5, 244, NULL, '2017-04-27 16:01:29', '2017-04-27 16:01:29'),
(1309, NULL, 300275364, 'CNN62402PF', NULL, NULL, 1, 48, NULL, 20, 244, NULL, '2017-04-27 16:01:29', '2017-04-27 16:01:29'),
(1310, NULL, 300275377, 'CNN6240CPD', NULL, NULL, 1, 48, NULL, 20, 244, NULL, '2017-04-27 16:01:29', '2017-04-27 16:01:29'),
(1311, NULL, 300275381, 'CNN6240X50', NULL, NULL, 1, 48, NULL, 20, 244, NULL, '2017-04-27 16:01:29', '2017-04-27 16:01:29'),
(1312, NULL, 300275385, 'CNN6451XPY', NULL, '0000-00-00', 1, 48, NULL, 5, 244, NULL, '2017-04-27 16:01:29', '2017-04-27 16:01:29'),
(1313, NULL, 300275395, 'CNB1R02385', NULL, NULL, 1, 23, NULL, 20, 244, NULL, '2017-04-27 16:01:29', '2017-04-27 16:01:29'),
(1314, NULL, 300275396, 'CNB1R01453', NULL, '0000-00-00', 1, 23, NULL, 5, 244, NULL, '2017-04-27 16:01:29', '2017-04-27 16:01:29'),
(1315, NULL, 300275397, 'CNB1S01849', NULL, NULL, 1, 23, NULL, 20, 244, NULL, '2017-04-27 16:01:29', '2017-04-27 16:01:29'),
(1316, NULL, 300275408, 'CNB1R02050', NULL, '0000-00-00', 1, 23, NULL, 5, 244, NULL, '2017-04-27 16:01:29', '2017-04-27 16:01:29'),
(1317, NULL, 300275527, '316A17756', NULL, NULL, 1, 54, NULL, 20, 244, NULL, '2017-04-27 16:01:29', '2017-04-27 16:01:29'),
(1318, NULL, 300275528, '316A17753', NULL, NULL, 1, 54, NULL, 20, 244, NULL, '2017-04-27 16:01:29', '2017-04-27 16:01:29'),
(1319, NULL, 300275529, '316A17755', NULL, NULL, 1, 54, NULL, 20, 244, NULL, '2017-04-27 16:01:29', '2017-04-27 16:01:29'),
(1320, NULL, 300275530, '316A18248', NULL, '0000-00-00', 1, 54, NULL, 5, 244, NULL, '2017-04-27 16:01:29', '2017-04-27 16:01:29'),
(1321, NULL, 300275531, '316A18247', NULL, '0000-00-00', 1, 54, NULL, 5, 244, NULL, '2017-04-27 16:01:29', '2017-04-27 16:01:29'),
(1322, NULL, 300275532, '316A18246', NULL, '0000-00-00', 1, 54, NULL, 5, 244, NULL, '2017-04-27 16:01:29', '2017-04-27 16:01:29'),
(1323, NULL, 300275537, '316A17837', NULL, NULL, 1, 54, NULL, 20, 244, NULL, '2017-04-27 16:01:29', '2017-04-27 16:01:29'),
(1324, NULL, 300275543, '316A18104', NULL, NULL, 1, 54, NULL, 20, 244, NULL, '2017-04-27 16:01:29', '2017-04-27 16:01:29'),
(1325, NULL, 300275544, '316A18101', NULL, NULL, 1, 54, NULL, 20, 244, NULL, '2017-04-27 16:01:29', '2017-04-27 16:01:29'),
(1326, NULL, 300275551, '316A17347', NULL, NULL, 1, 54, NULL, 20, 244, NULL, '2017-04-27 16:01:29', '2017-04-27 16:01:29'),
(1327, NULL, 300275554, '316A18131', NULL, NULL, 1, 54, NULL, 20, 244, NULL, '2017-04-27 16:01:29', '2017-04-27 16:01:29'),
(1328, NULL, 300275558, '316A16998', NULL, '0000-00-00', 1, 54, NULL, 5, 244, NULL, '2017-04-27 16:01:29', '2017-04-27 16:01:29'),
(1329, NULL, 300275559, '316A16999', NULL, NULL, 1, 54, NULL, 20, 244, NULL, '2017-04-27 16:01:29', '2017-04-27 16:01:29'),
(1330, NULL, 300275561, '316A16997', NULL, NULL, 1, 54, NULL, 20, 244, NULL, '2017-04-27 16:01:29', '2017-04-27 16:01:29'),
(1331, NULL, 300275567, '316A17792', NULL, NULL, 1, 54, NULL, 20, 244, NULL, '2017-04-27 16:01:29', '2017-04-27 16:01:29'),
(1332, NULL, 300275570, '316A18045', NULL, NULL, 1, 54, NULL, 20, 244, NULL, '2017-04-27 16:01:29', '2017-04-27 16:01:29'),
(1333, NULL, 300275579, '316A17851', NULL, NULL, 1, 54, NULL, 20, 244, NULL, '2017-04-27 16:01:29', '2017-04-27 16:01:29'),
(1334, NULL, 300275582, '11176120724439', NULL, NULL, 1, 51, NULL, 20, 244, NULL, '2017-04-27 16:01:29', '2017-04-27 16:01:29'),
(1335, NULL, 300275583, '11176120724438', NULL, NULL, 1, 51, NULL, 20, 244, NULL, '2017-04-27 16:01:29', '2017-04-27 16:01:29'),
(1336, NULL, 300275584, '11176120724448', NULL, NULL, 1, 51, NULL, 20, 244, NULL, '2017-04-27 16:01:29', '2017-04-27 16:01:29'),
(1337, NULL, 300275586, '11176120724446', NULL, NULL, 1, 51, NULL, 20, 244, NULL, '2017-04-27 16:01:29', '2017-04-27 16:01:29'),
(1338, NULL, 300275587, '11176120724451', NULL, NULL, 1, 51, NULL, 20, 244, NULL, '2017-04-27 16:01:29', '2017-04-27 16:01:29'),
(1339, NULL, 300275588, '11176120724445', NULL, NULL, 1, 51, NULL, 20, 244, NULL, '2017-04-27 16:01:29', '2017-04-27 16:01:29'),
(1340, NULL, 300275593, '11176120724449', NULL, '0000-00-00', 1, 51, NULL, 5, 244, NULL, '2017-04-27 16:01:29', '2017-04-27 16:01:29'),
(1341, NULL, 300276105, '316A17189', NULL, '0000-00-00', 1, 54, NULL, 5, 244, NULL, '2017-04-27 16:01:29', '2017-04-27 16:01:29'),
(1342, NULL, 300276112, '316A17173', NULL, NULL, 1, 54, NULL, 20, 244, NULL, '2017-04-27 16:01:29', '2017-04-27 16:01:29'),
(1343, NULL, 300276116, '316905331', NULL, NULL, 1, 54, NULL, 20, 244, NULL, '2017-04-27 16:01:29', '2017-04-27 16:01:29'),
(1344, NULL, 300276121, '316A17674', NULL, '0000-00-00', 1, 54, NULL, 5, 244, NULL, '2017-04-27 16:01:29', '2017-04-27 16:01:29'),
(1345, NULL, 300276130, '316A18181', NULL, NULL, 1, 54, NULL, 20, 244, NULL, '2017-04-27 16:01:29', '2017-04-27 16:01:29'),
(1346, NULL, 300276323, 'MXJ71208P3', NULL, NULL, 1, 23, NULL, 20, 244, NULL, '2017-04-27 16:01:29', '2017-04-27 16:01:29'),
(1347, NULL, 300276327, 'CNN6432F6M', NULL, NULL, 1, 48, NULL, 20, 244, NULL, '2017-04-27 16:01:29', '2017-04-27 16:01:29'),
(1348, NULL, 300276328, 'CNN6432F6R', NULL, NULL, 1, 48, NULL, 20, 244, NULL, '2017-04-27 16:01:29', '2017-04-27 16:01:29'),
(1349, NULL, 300340477, 'CNJ1F73956', NULL, NULL, 1, 20, NULL, 20, 244, NULL, '2017-04-27 16:01:29', '2017-04-27 16:01:29'),
(1350, NULL, 300340478, 'CNJ1D80167', NULL, '0000-00-00', 1, 20, NULL, 5, 244, NULL, '2017-04-27 16:01:29', '2017-04-27 16:01:29'),
(1351, NULL, 300341291, '1290071', NULL, NULL, 1, 50, NULL, 20, 244, NULL, '2017-04-27 16:01:29', '2017-04-27 16:01:29'),
(1352, NULL, 300341292, '1290072', NULL, '0000-00-00', 1, 50, NULL, 5, 244, NULL, '2017-04-27 16:01:29', '2017-04-27 16:01:29'),
(1353, NULL, 300341293, '1290129', NULL, NULL, 1, 50, NULL, 20, 244, NULL, '2017-04-27 16:01:29', '2017-04-27 16:01:29'),
(1354, NULL, 300341302, '1290798', NULL, '0000-00-00', 1, 50, NULL, 5, 244, NULL, '2017-04-27 16:01:29', '2017-04-27 16:01:29'),
(1355, NULL, 300341303, '1290799', NULL, NULL, 1, 50, NULL, 20, 244, NULL, '2017-04-27 16:01:29', '2017-04-27 16:01:29'),
(1356, NULL, 300341304, '1290800', NULL, '0000-00-00', 1, 50, NULL, 5, 244, NULL, '2017-04-27 16:01:29', '2017-04-27 16:01:29'),
(1357, NULL, 300341310, '1290826', NULL, '0000-00-00', 1, 50, NULL, 5, 244, NULL, '2017-04-27 16:01:29', '2017-04-27 16:01:29'),
(1358, NULL, 300341324, '1290921', NULL, '0000-00-00', 1, 50, NULL, 5, 244, NULL, '2017-04-27 16:01:29', '2017-04-27 16:01:29'),
(1359, NULL, 300341305, '1290805', NULL, NULL, 1, 50, '01001', 17, 34, NULL, '2017-04-27 21:28:28', '2017-04-27 21:28:28'),
(1360, NULL, 300341320, '1290852', NULL, NULL, 1, 50, '13007', 17, 122, NULL, '2017-04-27 21:28:28', '2017-04-27 21:28:28'),
(1361, NULL, 409211, '48173346', NULL, NULL, 1, 103, '13006', 17, 213, NULL, '2017-04-27 21:28:28', '2017-04-27 21:28:28'),
(1362, NULL, 409213, '48173369', NULL, NULL, 1, 103, '15001', 17, 191, NULL, '2017-04-27 21:28:28', '2017-04-27 21:28:28'),
(1363, NULL, 409227, '48173546', NULL, NULL, 1, 103, '17002', 17, 243, NULL, '2017-04-27 21:28:28', '2017-04-27 21:28:28'),
(1364, NULL, 409229, '48173548', NULL, NULL, 1, 103, '16001', 17, 80, NULL, '2017-04-27 21:28:28', '2017-04-27 21:28:28'),
(1365, NULL, 409204, '48173549', NULL, NULL, 1, 103, '01003', 17, 160, NULL, '2017-04-27 21:28:28', '2017-04-27 21:28:28'),
(1366, NULL, 409225, '48173550', NULL, NULL, 1, 103, '18001', 17, 207, NULL, '2017-04-27 21:28:28', '2017-04-27 21:28:28'),
(1367, NULL, 409228, '48173552', NULL, NULL, 1, 103, '03007', 17, 69, NULL, '2017-04-27 21:28:28', '2017-04-27 21:28:28'),
(1368, NULL, 409236, '48173639', NULL, NULL, 1, 103, '12004', 17, 204, NULL, '2017-04-27 21:28:28', '2017-04-27 21:28:28'),
(1369, NULL, 409219, '48174201', NULL, NULL, 1, 103, '12004', 17, 204, NULL, '2017-04-27 21:28:28', '2017-04-27 21:28:28'),
(1370, NULL, 409218, '48174249', NULL, NULL, 1, 103, '04006', 17, 93, NULL, '2017-04-27 21:28:28', '2017-04-27 21:28:28'),
(1371, NULL, 409214, '48174269', NULL, NULL, 1, 103, '05001', 17, 82, NULL, '2017-04-27 21:28:28', '2017-04-27 21:28:28'),
(1372, NULL, 409223, '48174276', NULL, NULL, 1, 103, '02007', 17, 29, NULL, '2017-04-27 21:28:28', '2017-04-27 21:28:28'),
(1373, NULL, 409222, '48174277', NULL, NULL, 1, 103, '12004', 17, 204, NULL, '2017-04-27 21:28:28', '2017-04-27 21:28:28'),
(1374, NULL, 409234, '48174288', NULL, NULL, 1, 103, '09002', 17, 83, NULL, '2017-04-27 21:28:28', '2017-04-27 21:28:28'),
(1375, NULL, 409210, '48174301', NULL, NULL, 1, 103, '10002', 17, 158, NULL, '2017-04-27 21:28:28', '2017-04-27 21:28:28'),
(1376, NULL, 300226009, '0407002930', NULL, NULL, 1, 80, '12005', 17, 99, NULL, '2017-04-27 21:28:28', '2017-04-27 21:28:28'),
(1377, NULL, 300225987, '0407054784', NULL, NULL, 1, 80, '12003', 17, 76, NULL, '2017-04-27 21:28:28', '2017-04-27 21:28:28'),
(1378, NULL, 300225999, '0407054796', NULL, NULL, 1, 80, '15002', 17, 212, NULL, '2017-04-27 21:28:28', '2017-04-27 21:28:28'),
(1379, NULL, 300225994, '0407082659', NULL, NULL, 1, 80, '15001', 17, 191, NULL, '2017-04-27 21:28:28', '2017-04-27 21:28:28'),
(1380, NULL, 300239608, '102068302', NULL, NULL, 1, 49, '13005', 17, 15, NULL, '2017-04-27 21:28:28', '2017-04-27 21:28:28'),
(1381, NULL, 409114, '110411-0570084', NULL, NULL, 1, 66, '16001', 17, 80, NULL, '2017-04-27 21:28:28', '2017-04-27 21:28:28'),
(1382, NULL, 409112, '110411-0570209', NULL, NULL, 1, 66, '14002', 17, 197, NULL, '2017-04-27 21:28:28', '2017-04-27 21:28:28'),
(1383, NULL, 409127, '110411-0570211', NULL, NULL, 1, 66, '03011', 17, 109, NULL, '2017-04-27 21:28:28', '2017-04-27 21:28:28'),
(1384, NULL, 409113, '110411-0570482', NULL, NULL, 1, 66, '17007', 17, 131, NULL, '2017-04-27 21:28:28', '2017-04-27 21:28:28'),
(1385, NULL, 409116, '110411-0570561', NULL, NULL, 1, 66, '02007', 17, 29, NULL, '2017-04-27 21:28:28', '2017-04-27 21:28:28'),
(1386, NULL, 409117, '110411-0570601', NULL, NULL, 1, 66, '14002', 17, 197, NULL, '2017-04-27 21:28:28', '2017-04-27 21:28:28'),
(1387, NULL, 409119, '110411-0570604', NULL, NULL, 1, 66, '12004', 17, 204, NULL, '2017-04-27 21:28:28', '2017-04-27 21:28:28'),
(1388, NULL, 409120, '110411-0570621', NULL, NULL, 1, 66, '01005', 17, 208, NULL, '2017-04-27 21:28:28', '2017-04-27 21:28:28'),
(1389, NULL, 409122, '110411-0570673', NULL, NULL, 1, 66, '09002', 17, 83, NULL, '2017-04-27 21:28:28', '2017-04-27 21:28:28'),
(1390, NULL, 409126, '110411-0570964', NULL, NULL, 1, 66, '10006', 17, 237, NULL, '2017-04-27 21:28:28', '2017-04-27 21:28:28'),
(1391, NULL, 409128, '110930-0570461', NULL, NULL, 1, 66, '18001', 17, 207, NULL, '2017-04-27 21:28:28', '2017-04-27 21:28:28'),
(1392, NULL, 409150, '110930-0570463', NULL, NULL, 1, 66, '12004', 17, 204, NULL, '2017-04-27 21:28:28', '2017-04-27 21:28:28'),
(1393, NULL, 409155, '110930-0570464', NULL, NULL, 1, 66, '12004', 17, 204, NULL, '2017-04-27 21:28:28', '2017-04-27 21:28:28'),
(1394, NULL, 409162, '110930-0570467', NULL, NULL, 1, 66, '01004', 17, 144, NULL, '2017-04-27 21:28:28', '2017-04-27 21:28:28'),
(1395, NULL, 409137, '110930-0570481', NULL, NULL, 1, 66, '12004', 17, 204, NULL, '2017-04-27 21:28:28', '2017-04-27 21:28:28'),
(1396, NULL, 409134, '110930-0570482', NULL, NULL, 1, 66, '16001', 17, 80, NULL, '2017-04-27 21:28:28', '2017-04-27 21:28:28'),
(1397, NULL, 409178, '110930-0570483', NULL, NULL, 1, 66, '06005', 17, NULL, NULL, '2017-04-27 21:28:28', '2017-04-27 21:28:28'),
(1398, NULL, 409189, '110930-0570512', NULL, NULL, 1, 66, '01004', 17, 144, NULL, '2017-04-27 21:28:28', '2017-04-27 21:28:28'),
(1399, NULL, 409145, '110930-0570843', NULL, NULL, 1, 66, '06013', 17, 125, NULL, '2017-04-27 21:28:28', '2017-04-27 21:28:28'),
(1400, NULL, 409148, '110930-0570844', NULL, NULL, 1, 66, '02007', 17, 29, NULL, '2017-04-27 21:28:28', '2017-04-27 21:28:28'),
(1401, NULL, 409202, '110930-0570850', NULL, NULL, 1, 66, '01003', 17, 160, NULL, '2017-04-27 21:28:28', '2017-04-27 21:28:28'),
(1402, NULL, 409160, '111013-0570882', NULL, NULL, 1, 66, '06005', 17, NULL, NULL, '2017-04-27 21:28:28', '2017-04-27 21:28:28'),
(1403, NULL, 409156, '111013-0570883', NULL, NULL, 1, 66, '13006', 17, 213, NULL, '2017-04-27 21:28:28', '2017-04-27 21:28:28'),
(1404, NULL, 409199, '111013-0570884', NULL, NULL, 1, 66, '04006', 17, 93, NULL, '2017-04-27 21:28:28', '2017-04-27 21:28:28'),
(1405, NULL, 409191, '111026-0570721', NULL, NULL, 1, 66, '01004', 17, 144, NULL, '2017-04-27 21:28:28', '2017-04-27 21:28:28'),
(1406, NULL, 409139, '111026-0570722', NULL, NULL, 1, 66, '17005', 17, 85, NULL, '2017-04-27 21:28:28', '2017-04-27 21:28:28'),
(1407, NULL, 409129, '111026-0570724', NULL, NULL, 1, 66, '14002', 17, 197, NULL, '2017-04-27 21:28:28', '2017-04-27 21:28:28'),
(1408, NULL, 409195, '111026-0570741', NULL, NULL, 1, 66, '12004', 17, 204, NULL, '2017-04-27 21:28:28', '2017-04-27 21:28:28'),
(1409, NULL, 409163, '111026-0570744', NULL, NULL, 1, 66, '17005', 17, 85, NULL, '2017-04-27 21:28:28', '2017-04-27 21:28:28'),
(1410, NULL, 409135, '111026-0570769', NULL, NULL, 1, 66, '01004', 17, 144, NULL, '2017-04-27 21:28:28', '2017-04-27 21:28:28'),
(1411, NULL, 409193, '111026-0570772', NULL, NULL, 1, 66, '10002', 17, 158, NULL, '2017-04-27 21:28:28', '2017-04-27 21:28:28'),
(1412, NULL, 409149, '111026-0570780', NULL, NULL, 1, 66, '12004', 17, 204, NULL, '2017-04-27 21:28:28', '2017-04-27 21:28:28'),
(1413, NULL, 409131, '111026-0570803', NULL, NULL, 1, 66, '01005', 17, 208, NULL, '2017-04-27 21:28:28', '2017-04-27 21:28:28'),
(1414, NULL, 409185, '111026-0570804', NULL, NULL, 1, 66, '04006', 17, 93, NULL, '2017-04-27 21:28:28', '2017-04-27 21:28:28'),
(1415, NULL, 409180, '111026-0570822', NULL, NULL, 1, 66, '10008', 17, 177, NULL, '2017-04-27 21:28:28', '2017-04-27 21:28:28'),
(1416, NULL, 409166, '111102-0570057', NULL, NULL, 1, 66, '08003', 17, 195, NULL, '2017-04-27 21:28:28', '2017-04-27 21:28:28'),
(1417, NULL, 409159, '111102-0570058', NULL, NULL, 1, 66, '08003', 17, 195, NULL, '2017-04-27 21:28:28', '2017-04-27 21:28:28'),
(1418, NULL, 409168, '111102-0570060', NULL, NULL, 1, 66, '01004', 17, 144, NULL, '2017-04-27 21:28:28', '2017-04-27 21:28:28'),
(1419, NULL, 409158, '111102-0570082', NULL, NULL, 1, 66, '09002', 17, 83, NULL, '2017-04-27 21:28:28', '2017-04-27 21:28:28'),
(1420, NULL, 409144, '111102-0570097', NULL, NULL, 1, 66, '12004', 17, 204, NULL, '2017-04-27 21:28:28', '2017-04-27 21:28:28'),
(1421, NULL, 409152, '111102-0570099', NULL, NULL, 1, 66, '01004', 17, 144, NULL, '2017-04-27 21:28:28', '2017-04-27 21:28:28'),
(1422, NULL, 409147, '111128-0570013', NULL, NULL, 1, 66, '14002', 17, 197, NULL, '2017-04-27 21:28:28', '2017-04-27 21:28:28'),
(1423, NULL, 409154, '111128-0570015', NULL, NULL, 1, 66, '01004', 17, 144, NULL, '2017-04-27 21:28:28', '2017-04-27 21:28:28'),
(1424, NULL, 409146, '111128-0570016', NULL, NULL, 1, 66, '15001', 17, 191, NULL, '2017-04-27 21:28:28', '2017-04-27 21:28:28'),
(1425, NULL, 409172, '111128-0570043', NULL, NULL, 1, 66, '17005', 17, 85, NULL, '2017-04-27 21:28:28', '2017-04-27 21:28:28'),
(1426, NULL, 409153, '111129-0570014', NULL, NULL, 1, 66, '03011', 17, 109, NULL, '2017-04-27 21:28:28', '2017-04-27 21:28:28'),
(1427, NULL, 300275589, '11176120724443', NULL, NULL, 1, 51, '01001', 17, 34, NULL, '2017-04-27 21:28:28', '2017-04-27 21:28:28'),
(1428, NULL, 300275590, '11176120724444', NULL, NULL, 1, 51, '18002', 17, 13, NULL, '2017-04-27 21:28:28', '2017-04-27 21:28:28'),
(1429, NULL, 300275592, '11176120724452', NULL, NULL, 1, 51, '16003', 17, NULL, NULL, '2017-04-27 21:28:28', '2017-04-27 21:28:28'),
(1430, NULL, 300341289, '1290069', NULL, NULL, 1, 50, '12010', 17, 186, NULL, '2017-04-27 21:28:28', '2017-04-27 21:28:28'),
(1431, NULL, 300341290, '1290070', NULL, NULL, 1, 50, '14004', 17, 226, NULL, '2017-04-27 21:28:28', '2017-04-27 21:28:28'),
(1432, NULL, 300341294, '1290130', NULL, NULL, 1, 50, '06008', 17, 235, NULL, '2017-04-27 21:28:28', '2017-04-27 21:28:28'),
(1433, NULL, 300341298, '1290198', NULL, NULL, 1, 50, '12010', 17, 186, NULL, '2017-04-27 21:28:28', '2017-04-27 21:28:28'),
(1434, NULL, 300341301, '1290797', NULL, NULL, 1, 50, '12010', 17, 186, NULL, '2017-04-27 21:28:28', '2017-04-27 21:28:28'),
(1435, NULL, 300341308, '1290808', NULL, NULL, 1, 50, '17004', 17, 240, NULL, '2017-04-27 21:28:28', '2017-04-27 21:28:28'),
(1436, NULL, 300341309, '1290825', NULL, NULL, 1, 50, '06008', 17, 235, NULL, '2017-04-27 21:28:28', '2017-04-27 21:28:28'),
(1437, NULL, 300341312, '1290828', NULL, NULL, 1, 50, '13002', 17, 42, NULL, '2017-04-27 21:28:28', '2017-04-27 21:28:28'),
(1438, NULL, 300341314, '1290838', NULL, NULL, 1, 50, '04001', 17, 187, NULL, '2017-04-27 21:28:28', '2017-04-27 21:28:28'),
(1439, NULL, 300341316, '1290840', NULL, NULL, 1, 50, '06008', 17, 235, NULL, '2017-04-27 21:28:28', '2017-04-27 21:28:28'),
(1440, NULL, 300341321, '1290881', NULL, NULL, 1, 50, '16005', 17, 26, NULL, '2017-04-27 21:28:28', '2017-04-27 21:28:28'),
(1441, NULL, 300341325, '1290922', NULL, NULL, 1, 50, '06008', 17, 235, NULL, '2017-04-27 21:28:28', '2017-04-27 21:28:28'),
(1442, NULL, 300341328, '1290937', NULL, NULL, 1, 50, '13007', 17, 122, NULL, '2017-04-27 21:28:28', '2017-04-27 21:28:28'),
(1443, NULL, 300341329, '1290938', NULL, NULL, 1, 50, '13007', 17, 122, NULL, '2017-04-27 21:28:28', '2017-04-27 21:28:28'),
(1444, NULL, 300341331, '1290940', NULL, NULL, 1, 50, '12010', 17, 186, NULL, '2017-04-27 21:28:28', '2017-04-27 21:28:28'),
(1445, NULL, 300341335, '1290944', NULL, NULL, 1, 50, '13007', 17, 122, NULL, '2017-04-27 21:28:28', '2017-04-27 21:28:28'),
(1446, NULL, 300341339, '1290952', NULL, NULL, 1, 50, '12001', 17, 70, NULL, '2017-04-27 21:28:28', '2017-04-27 21:28:28'),
(1447, NULL, 300341343, '1290956', NULL, NULL, 1, 50, '14008', 17, 6, NULL, '2017-04-27 21:28:28', '2017-04-27 21:28:28'),
(1448, NULL, 300341345, '1290970', NULL, NULL, 1, 50, '12001', 17, 70, NULL, '2017-04-27 21:28:28', '2017-04-27 21:28:28'),
(1449, NULL, 300341346, '1290971', NULL, NULL, 1, 50, '12001', 17, 70, NULL, '2017-04-27 21:28:28', '2017-04-27 21:28:28'),
(1450, NULL, 300341347, '1290972', NULL, NULL, 1, 50, '12006', 17, 193, NULL, '2017-04-27 21:28:28', '2017-04-27 21:28:28'),
(1451, NULL, 300341353, '1291582', NULL, NULL, 1, 50, '02004', 17, 192, NULL, '2017-04-27 21:28:28', '2017-04-27 21:28:28'),
(1452, NULL, 300207557, '302CP28KB972', NULL, NULL, 1, 106, '12002', 17, 39, NULL, '2017-04-27 21:28:28', '2017-04-27 21:28:28'),
(1453, NULL, 300207597, '302CP28KB977', NULL, NULL, 1, 106, '12002', 17, 39, NULL, '2017-04-27 21:28:28', '2017-04-27 21:28:28'),
(1454, NULL, 300207612, '302CP28KC008', NULL, NULL, 1, 106, '12002', 17, 39, NULL, '2017-04-27 21:28:28', '2017-04-27 21:28:28'),
(1455, NULL, 300207619, '302CP28KC028', NULL, NULL, 1, 106, '01003', 17, 160, NULL, '2017-04-27 21:28:28', '2017-04-27 21:28:28'),
(1456, NULL, 300207614, '302CP28KC336', NULL, NULL, 1, 106, '12002', 17, 39, NULL, '2017-04-27 21:28:28', '2017-04-27 21:28:28'),
(1457, NULL, 300207613, '302CP28KC360', NULL, NULL, 1, 106, '12004', 17, 204, NULL, '2017-04-27 21:28:28', '2017-04-27 21:28:28'),
(1458, NULL, 300207569, '302CP28KC486', NULL, NULL, 1, 106, '12002', 17, 39, NULL, '2017-04-27 21:28:28', '2017-04-27 21:28:28'),
(1459, NULL, 300207549, '302CP28KC500', NULL, NULL, 1, 106, '03010', 17, 35, NULL, '2017-04-27 21:28:28', '2017-04-27 21:28:28'),
(1460, NULL, 300207560, '302CP28KC501', NULL, NULL, 1, 106, '18006', 17, 155, NULL, '2017-04-27 21:28:28', '2017-04-27 21:28:28'),
(1461, NULL, 300207617, '302CP28KC503', NULL, NULL, 1, 106, '08002', 17, NULL, NULL, '2017-04-27 21:28:28', '2017-04-27 21:28:28'),
(1462, NULL, 300207615, '302CP28KC505', NULL, NULL, 1, 106, '13001', 17, NULL, NULL, '2017-04-27 21:28:28', '2017-04-27 21:28:28'),
(1463, NULL, 300207593, '302CP28KC519', NULL, NULL, 1, 106, '12002', 17, 39, NULL, '2017-04-27 21:28:28', '2017-04-27 21:28:28'),
(1464, NULL, 300276134, '316907760', NULL, NULL, 1, 54, '18005', 17, 55, NULL, '2017-04-27 21:28:28', '2017-04-27 21:28:28'),
(1465, NULL, 300275560, '316A17000', NULL, NULL, 1, 54, '14004', 17, 226, NULL, '2017-04-27 21:28:28', '2017-04-27 21:28:28'),
(1466, NULL, 300276113, '316A17190', NULL, NULL, 1, 54, '11008', 17, NULL, NULL, '2017-04-27 21:28:28', '2017-04-27 21:28:28'),
(1467, NULL, 300275550, '316A17346', NULL, NULL, 1, 54, '06008', 17, 235, NULL, '2017-04-27 21:28:28', '2017-04-27 21:28:28'),
(1468, NULL, 300276131, '316A17546', NULL, NULL, 1, 54, '11007', 17, NULL, NULL, '2017-04-27 21:28:28', '2017-04-27 21:28:28'),
(1469, NULL, 300276122, '316A17664', NULL, NULL, 1, 54, '06008', 17, 235, NULL, '2017-04-27 21:28:28', '2017-04-27 21:28:28'),
(1470, NULL, 300276127, '316A17690', NULL, NULL, 1, 54, '04001', 17, 187, NULL, '2017-04-27 21:28:28', '2017-04-27 21:28:28'),
(1471, NULL, 300276104, '316A17692', NULL, NULL, 1, 54, '13002', 17, 42, NULL, '2017-04-27 21:28:28', '2017-04-27 21:28:28'),
(1472, NULL, 300275522, '316A17737', NULL, NULL, 1, 54, '14005', 17, 48, NULL, '2017-04-27 21:28:28', '2017-04-27 21:28:28'),
(1473, NULL, 300275525, '316A17738', NULL, NULL, 1, 54, '04003', 17, 43, NULL, '2017-04-27 21:28:28', '2017-04-27 21:28:28'),
(1474, NULL, 300275523, '316A17739', NULL, NULL, 1, 54, '16001', 17, 80, NULL, '2017-04-27 21:28:28', '2017-04-27 21:28:28'),
(1475, NULL, 300275524, '316A17740', NULL, NULL, 1, 54, '06023', 17, NULL, NULL, '2017-04-27 21:28:28', '2017-04-27 21:28:28'),
(1476, NULL, 300275538, '316A17745', NULL, NULL, 1, 54, '06008', 17, 235, NULL, '2017-04-27 21:28:28', '2017-04-27 21:28:28'),
(1477, NULL, 300275539, '316A17747', NULL, NULL, 1, 54, '18003', 17, 162, NULL, '2017-04-27 21:28:28', '2017-04-27 21:28:28'),
(1478, NULL, 300275540, '316A17748', NULL, NULL, 1, 54, '16003', 17, NULL, NULL, '2017-04-27 21:28:28', '2017-04-27 21:28:28'),
(1479, NULL, 300275526, '316A17754', NULL, NULL, 1, 54, '08004', 17, NULL, NULL, '2017-04-27 21:28:28', '2017-04-27 21:28:28'),
(1480, NULL, 300275566, '316A17790', NULL, NULL, 1, 54, '08001', 17, 56, NULL, '2017-04-27 21:28:28', '2017-04-27 21:28:28'),
(1481, NULL, 300275536, '316A17839', NULL, NULL, 1, 54, '06023', 17, NULL, NULL, '2017-04-27 21:28:28', '2017-04-27 21:28:28'),
(1482, NULL, 300275571, '316A18047', NULL, NULL, 1, 54, '11006', 17, 136, NULL, '2017-04-27 21:28:28', '2017-04-27 21:28:28'),
(1483, NULL, 300275572, '316A18048', NULL, NULL, 1, 54, '11006', 17, 136, NULL, '2017-04-27 21:28:28', '2017-04-27 21:28:28'),
(1484, NULL, 300275562, '316A18054', NULL, NULL, 1, 54, '18005', 17, 55, NULL, '2017-04-27 21:28:28', '2017-04-27 21:28:28'),
(1485, NULL, 300275565, '316A18055', NULL, NULL, 1, 54, '02004', 17, 192, NULL, '2017-04-27 21:28:28', '2017-04-27 21:28:28'),
(1486, NULL, 300275556, '316A18129', NULL, NULL, 1, 54, '06008', 17, 235, NULL, '2017-04-27 21:28:28', '2017-04-27 21:28:28'),
(1487, NULL, 300275533, '316A18245', NULL, NULL, 1, 54, '02005', 17, 169, NULL, '2017-04-27 21:28:28', '2017-04-27 21:28:28'),
(1488, NULL, 300275549, '316A18273', NULL, NULL, 1, 54, '06008', 17, 235, NULL, '2017-04-27 21:28:28', '2017-04-27 21:28:28'),
(1489, NULL, 300275547, '316A18274', NULL, NULL, 1, 54, '07003', 17, 184, NULL, '2017-04-27 21:28:28', '2017-04-27 21:28:28'),
(1490, NULL, 300343688, '3CQ8343285', NULL, NULL, 1, 11, '01007', 17, 8, NULL, '2017-04-27 21:28:28', '2017-04-27 21:28:28'),
(1491, NULL, 300343666, '3CQ834328F', NULL, NULL, 1, 11, '15001', 17, 191, NULL, '2017-04-27 21:28:28', '2017-04-27 21:28:28'),
(1492, NULL, 300343692, '3CQ834328X', NULL, NULL, 1, 11, '04008', 17, 58, NULL, '2017-04-27 21:28:28', '2017-04-27 21:28:28'),
(1493, NULL, 300343728, '3CQ8343293', NULL, NULL, 1, 11, '07001', 17, 91, NULL, '2017-04-27 21:28:28', '2017-04-27 21:28:28'),
(1494, NULL, 300343694, '3CQ834329C', NULL, NULL, 1, 11, '01009', 17, 14, NULL, '2017-04-27 21:28:28', '2017-04-27 21:28:28'),
(1495, NULL, 300343718, '3CQ834329H', NULL, NULL, 1, 11, '14001', 17, 87, NULL, '2017-04-27 21:28:28', '2017-04-27 21:28:28'),
(1496, NULL, 300343730, '3CQ834329J', NULL, NULL, 1, 11, '14001', 17, 87, NULL, '2017-04-27 21:28:28', '2017-04-27 21:28:28'),
(1497, NULL, 300343684, '3CQ834329N', NULL, NULL, 1, 11, '01007', 17, 8, NULL, '2017-04-27 21:28:28', '2017-04-27 21:28:28'),
(1498, NULL, 300343696, '3CQ834329S', NULL, NULL, 1, 11, '02005', 17, 169, NULL, '2017-04-27 21:28:28', '2017-04-27 21:28:28'),
(1499, NULL, 300343732, '3CQ83432B0', NULL, NULL, 1, 11, '14001', 17, 87, NULL, '2017-04-27 21:28:28', '2017-04-27 21:28:28'),
(1500, NULL, 300207500, '6X2CKN9Z413D', NULL, NULL, 1, 72, '12002', 17, 39, NULL, '2017-04-27 21:28:28', '2017-04-27 21:28:28'),
(1501, NULL, 300207540, '6X2CKN9ZA12N', NULL, NULL, 1, 72, '12002', 17, 39, NULL, '2017-04-27 21:28:28', '2017-04-27 21:28:28'),
(1502, NULL, 300207501, '6X2CKN9ZA19M', NULL, NULL, 1, 72, '03010', 17, 35, NULL, '2017-04-27 21:28:28', '2017-04-27 21:28:28'),
(1503, NULL, 300207543, '6X2CKN9ZA2A7', NULL, NULL, 1, 72, '08002', 17, NULL, NULL, '2017-04-27 21:28:28', '2017-04-27 21:28:28'),
(1504, NULL, 300207544, '6X2CKN9ZA2CW', NULL, NULL, 1, 72, '01003', 17, 160, NULL, '2017-04-27 21:28:28', '2017-04-27 21:28:28'),
(1505, NULL, 300207539, '6X2CKN9ZA2K3', NULL, NULL, 1, 72, '12004', 17, 204, NULL, '2017-04-27 21:28:28', '2017-04-27 21:28:28'),
(1506, NULL, 300207511, '6X2CKN9ZA2S6', NULL, NULL, 1, 72, '12004', 17, 204, NULL, '2017-04-27 21:28:28', '2017-04-27 21:28:28'),
(1507, NULL, 300207476, '6X2CKN9ZA2ZA', NULL, NULL, 1, 9, '04006', 17, 93, NULL, '2017-04-27 21:28:28', '2017-04-27 21:28:28'),
(1508, NULL, 300207545, '6X2CKN9ZA35M', NULL, NULL, 1, 72, '01003', 17, 160, NULL, '2017-04-27 21:28:28', '2017-04-27 21:28:28'),
(1509, NULL, 300207502, '6X2CKN9ZA36B', NULL, NULL, 1, 72, '18006', 17, 155, NULL, '2017-04-27 21:28:28', '2017-04-27 21:28:28'),
(1510, NULL, 300207514, '6X2CKN9ZA3IG', NULL, NULL, 1, 72, '12002', 17, 39, NULL, '2017-04-27 21:28:28', '2017-04-27 21:28:28'),
(1511, NULL, 300207523, '6X2CKN9ZAIF4', NULL, NULL, 1, 72, '12002', 17, 39, NULL, '2017-04-27 21:28:28', '2017-04-27 21:28:28'),
(1512, NULL, 300207541, '6X2CKN9ZAOAX', NULL, NULL, 1, 72, '13001', 17, NULL, NULL, '2017-04-27 21:28:28', '2017-04-27 21:28:28'),
(1513, NULL, 300207535, '6X2CKN9ZAOPO', NULL, NULL, 1, 72, '06006', 17, 165, NULL, '2017-04-27 21:28:28', '2017-04-27 21:28:28'),
(1514, NULL, 300207452, '7Z5V1W82F7380', NULL, NULL, 1, 78, '17008', 17, 107, NULL, '2017-04-27 21:28:28', '2017-04-27 21:28:28'),
(1515, NULL, 300207442, '7Z5V1W82F73C0', NULL, NULL, 1, 78, '06006', 17, 165, NULL, '2017-04-27 21:28:28', '2017-04-27 21:28:28'),
(1516, NULL, 300205984, '9103004214B', NULL, NULL, 1, 41, '05001', 17, 82, NULL, '2017-04-27 21:28:28', '2017-04-27 21:28:28'),
(1517, NULL, 300206005, '9103004271B', NULL, NULL, 1, 41, '12009', 17, 63, NULL, '2017-04-27 21:28:28', '2017-04-27 21:28:28'),
(1518, NULL, 300206073, '9103006713B', NULL, NULL, 1, 41, '12009', 17, 63, NULL, '2017-04-27 21:28:28', '2017-04-27 21:28:28'),
(1519, NULL, 300205600, '9103006715B', NULL, NULL, 1, 41, '05005', 17, 199, NULL, '2017-04-27 21:28:28', '2017-04-27 21:28:28'),
(1520, NULL, 300189143, 'APT-9X03106', NULL, NULL, 1, 58, '06021', 17, 161, NULL, '2017-04-27 21:28:28', '2017-04-27 21:28:28'),
(1521, NULL, 411296, 'AV8KA11080214', NULL, NULL, 1, 104, '11001', 17, 94, NULL, '2017-04-27 21:28:28', '2017-04-27 21:28:28'),
(1522, NULL, 300207692, 'B0FGA020XB', NULL, NULL, 1, 39, '01003', 17, 160, NULL, '2017-04-27 21:28:28', '2017-04-27 21:28:28'),
(1523, NULL, 300207698, 'BMN3NT3C2X', NULL, NULL, 1, 108, '13001', 17, NULL, NULL, '2017-04-27 21:28:28', '2017-04-27 21:28:28'),
(1524, NULL, 300207731, 'BMN3NUO3RR', NULL, NULL, 1, 108, '12002', 17, 39, NULL, '2017-04-27 21:28:28', '2017-04-27 21:28:28'),
(1525, NULL, 300207631, 'BOFGA020X6', NULL, NULL, 1, 39, '12002', 17, 39, NULL, '2017-04-27 21:28:28', '2017-04-27 21:28:28'),
(1526, NULL, 300207687, 'BOFGA02101', NULL, NULL, 1, 39, '12002', 17, 39, NULL, '2017-04-27 21:28:28', '2017-04-27 21:28:28'),
(1527, NULL, 300207683, 'BOFGA021ZC', NULL, NULL, 1, 39, '06006', 17, 165, NULL, '2017-04-27 21:28:28', '2017-04-27 21:28:28'),
(1528, NULL, 300207655, 'BOFGA02270', NULL, NULL, 1, 39, '12002', 17, 39, NULL, '2017-04-27 21:28:28', '2017-04-27 21:28:28'),
(1529, NULL, 300207646, 'BOFGA0227F', NULL, NULL, 1, 39, '12002', 17, 39, NULL, '2017-04-27 21:28:28', '2017-04-27 21:28:28'),
(1530, NULL, 300207680, 'BOFGA0227N', NULL, NULL, 1, 39, '12002', 17, 39, NULL, '2017-04-27 21:28:28', '2017-04-27 21:28:28'),
(1531, NULL, 300207657, 'BOFGA02401', NULL, NULL, 1, 39, '12002', 17, 39, NULL, '2017-04-27 21:28:28', '2017-04-27 21:28:28'),
(1532, NULL, 300207643, 'BOFGA024SB', NULL, NULL, 1, 39, '18001', 17, 207, NULL, '2017-04-27 21:28:28', '2017-04-27 21:28:28'),
(1533, NULL, 300207648, 'BOFGA024TL', NULL, NULL, 1, 39, '11002', 17, 97, NULL, '2017-04-27 21:28:28', '2017-04-27 21:28:28'),
(1534, NULL, 300207649, 'BOFGA024UJ', NULL, NULL, 1, 39, '03001', 17, 129, NULL, '2017-04-27 21:28:28', '2017-04-27 21:28:28'),
(1535, NULL, 300207688, 'BOFGA024WS', NULL, NULL, 1, 39, '12002', 17, 39, NULL, '2017-04-27 21:28:28', '2017-04-27 21:28:28'),
(1536, NULL, 300207658, 'BOFGA024WW', NULL, NULL, 1, 39, '11002', 17, 97, NULL, '2017-04-27 21:28:28', '2017-04-27 21:28:28'),
(1537, NULL, 300207684, 'BOFGA024WZ', NULL, NULL, 1, 39, '06006', 17, 165, NULL, '2017-04-27 21:28:28', '2017-04-27 21:28:28'),
(1538, NULL, 300207668, 'BOFGA024YI', NULL, NULL, 1, 39, '12002', 17, 39, NULL, '2017-04-27 21:28:28', '2017-04-27 21:28:28'),
(1539, NULL, 300207686, 'BOFGA02561', NULL, NULL, 1, 39, '13001', 17, NULL, NULL, '2017-04-27 21:28:28', '2017-04-27 21:28:28'),
(1540, NULL, 300207644, 'BOFGA0256G', NULL, NULL, 1, 39, '12002', 17, 39, NULL, '2017-04-27 21:28:28', '2017-04-27 21:28:28'),
(1541, NULL, 300207693, 'BOFGA0256K', NULL, NULL, 1, 39, '01003', 17, 160, NULL, '2017-04-27 21:28:28', '2017-04-27 21:28:28'),
(1542, NULL, 300207705, 'BOMN3NT3C44', NULL, NULL, 1, 108, '12002', 17, 39, NULL, '2017-04-27 21:28:28', '2017-04-27 21:28:28'),
(1543, NULL, 300207724, 'BOMN3NT3C4Y', NULL, NULL, 1, 108, '16002', 17, 86, NULL, '2017-04-27 21:28:28', '2017-04-27 21:28:28'),
(1544, NULL, 300207700, 'BOMN3NT3CF2', NULL, NULL, 1, 108, '01003', 17, 160, NULL, '2017-04-27 21:28:28', '2017-04-27 21:28:28'),
(1545, NULL, 300207761, 'BOMN3NT3E7D', NULL, NULL, 1, 108, '12004', 17, 204, NULL, '2017-04-27 21:28:28', '2017-04-27 21:28:28'),
(1546, NULL, 300207745, 'BOMN3NT3EAU', NULL, NULL, 1, 108, '01003', 17, 160, NULL, '2017-04-27 21:28:28', '2017-04-27 21:28:28'),
(1547, NULL, 300207727, 'BOMN3NT49PS', NULL, NULL, 1, 108, '12002', 17, 39, NULL, '2017-04-27 21:28:28', '2017-04-27 21:28:28'),
(1548, NULL, 300207758, 'BOMN3NT49Q3', NULL, NULL, 1, 108, '06000', 17, NULL, NULL, '2017-04-27 21:28:28', '2017-04-27 21:28:28'),
(1549, NULL, 300207730, 'BOMN3NT49RS', NULL, NULL, 1, 108, '12002', 17, 39, NULL, '2017-04-27 21:28:28', '2017-04-27 21:28:28'),
(1550, NULL, 300207704, 'BOMN3NT49SH', NULL, NULL, 1, 108, '12002', 17, 39, NULL, '2017-04-27 21:28:28', '2017-04-27 21:28:28'),
(1551, NULL, 300207757, 'BOMN3NT49T9', NULL, NULL, 1, 108, '06000', 17, NULL, NULL, '2017-04-27 21:28:28', '2017-04-27 21:28:28'),
(1552, NULL, 300207734, 'BOMN3NT49TS', NULL, NULL, 1, 108, '12002', 17, 39, NULL, '2017-04-27 21:28:28', '2017-04-27 21:28:28'),
(1553, NULL, 300207723, 'BOMN3NUO354', NULL, NULL, 1, 108, '03001', 17, 129, NULL, '2017-04-27 21:28:28', '2017-04-27 21:28:28'),
(1554, NULL, 300225948, 'C0407137983', NULL, NULL, 1, 96, '07002', 17, 102, NULL, '2017-04-27 21:28:28', '2017-04-27 21:28:28'),
(1555, NULL, 300225951, 'C0407138265', NULL, NULL, 1, 96, '18006', 17, 155, NULL, '2017-04-27 21:28:28', '2017-04-27 21:28:28'),
(1556, NULL, 300225954, 'C0407138279', NULL, NULL, 1, 96, '12003', 17, 76, NULL, '2017-04-27 21:28:28', '2017-04-27 21:28:28'),
(1557, NULL, 300225943, 'C0408077918', NULL, NULL, 1, 96, '06003', 17, 32, NULL, '2017-04-27 21:28:28', '2017-04-27 21:28:28'),
(1558, NULL, 300225944, 'C0408078049', NULL, NULL, 1, 96, '06003', 17, 32, NULL, '2017-04-27 21:28:28', '2017-04-27 21:28:28'),
(1559, NULL, 300225945, 'C0408078069', NULL, NULL, 1, 96, '11009', 17, 198, NULL, '2017-04-27 21:28:28', '2017-04-27 21:28:28'),
(1560, NULL, 300225931, 'C0408079228', NULL, NULL, 1, 96, '01003', 17, 160, NULL, '2017-04-27 21:28:28', '2017-04-27 21:28:28'),
(1561, NULL, 300225942, 'C0408149215', NULL, NULL, 1, 96, '06003', 17, 32, NULL, '2017-04-27 21:28:28', '2017-04-27 21:28:28'),
(1562, NULL, 300175372, 'C193990277', NULL, NULL, 1, 97, '18004', 17, 180, NULL, '2017-04-27 21:28:28', '2017-04-27 21:28:28'),
(1563, NULL, 409255, 'C600E001474', NULL, NULL, 1, 102, '10002', 17, 158, NULL, '2017-04-27 21:28:28', '2017-04-27 21:28:28'),
(1564, NULL, 300343094, 'CNB1M19773', NULL, NULL, 1, 24, '06020', 17, 223, NULL, '2017-04-27 21:28:28', '2017-04-27 21:28:28'),
(1565, NULL, 300343095, 'CNB1M19805', NULL, NULL, 1, 24, '11004', 17, NULL, NULL, '2017-04-27 21:28:28', '2017-04-27 21:28:28'),
(1566, NULL, 300343129, 'CNB1M19809', NULL, NULL, 1, 24, '17006', 17, 168, NULL, '2017-04-27 21:28:28', '2017-04-27 21:28:28'),
(1567, NULL, 300343096, 'CNB1M19811', NULL, NULL, 1, 24, '01008', 17, 134, NULL, '2017-04-27 21:28:28', '2017-04-27 21:28:28'),
(1568, NULL, 300343122, 'CNB1M19814', NULL, NULL, 1, 24, '06020', 17, 223, NULL, '2017-04-27 21:28:28', '2017-04-27 21:28:28'),
(1569, NULL, 300343130, 'CNB1M19816', NULL, NULL, 1, 24, '08003', 17, 195, NULL, '2017-04-27 21:28:28', '2017-04-27 21:28:28'),
(1570, NULL, 300343106, 'CNB1M19820', NULL, NULL, 1, 24, '01007', 17, 8, NULL, '2017-04-27 21:28:28', '2017-04-27 21:28:28'),
(1571, NULL, 300343123, 'CNB1M19822', NULL, NULL, 1, 24, '02006', 17, 203, NULL, '2017-04-27 21:28:28', '2017-04-27 21:28:28'),
(1572, NULL, 300343116, 'CNB1M19948', NULL, NULL, 1, 24, '14003', 17, 242, NULL, '2017-04-27 21:28:28', '2017-04-27 21:28:28'),
(1573, NULL, 300343132, 'CNB1M19950', NULL, NULL, 1, 24, '18007', 17, 101, NULL, '2017-04-27 21:28:28', '2017-04-27 21:28:28'),
(1574, NULL, 300343117, 'CNB1M19954', NULL, NULL, 1, 24, '06020', 17, 223, NULL, '2017-04-27 21:28:28', '2017-04-27 21:28:28'),
(1575, NULL, 300343141, 'CNB1M19957', NULL, NULL, 1, 24, '02005', 17, 169, NULL, '2017-04-27 21:28:28', '2017-04-27 21:28:28'),
(1576, NULL, 300343101, 'CNB1M19992', NULL, NULL, 1, 24, '01008', 17, 134, NULL, '2017-04-27 21:28:28', '2017-04-27 21:28:28'),
(1577, NULL, 300275400, 'CNB1S01840', NULL, NULL, 1, 23, '03010', 17, 35, NULL, '2017-04-27 21:28:28', '2017-04-27 21:28:28'),
(1578, NULL, 300275392, 'CNB1S01850', NULL, NULL, 1, 23, '03007', 17, 69, NULL, '2017-04-27 21:28:28', '2017-04-27 21:28:28'),
(1579, NULL, 300232451, 'CNBGD36461', NULL, NULL, 1, 22, '10004', 17, NULL, NULL, '2017-04-27 21:28:28', '2017-04-27 21:28:28'),
(1580, NULL, 300238063, 'CNC52021RC', NULL, NULL, 1, 4, '15001', 17, 191, NULL, '2017-04-27 21:28:28', '2017-04-27 21:28:28'),
(1581, NULL, 300238039, 'CNC52021YC', NULL, NULL, 1, 4, '06003', 17, 32, NULL, '2017-04-27 21:28:28', '2017-04-27 21:28:28'),
(1582, NULL, 300238007, 'CNC520294Q', NULL, NULL, 1, 4, '04001', 17, 187, NULL, '2017-04-27 21:28:28', '2017-04-27 21:28:28'),
(1583, NULL, 300275406, 'CND1R01538', NULL, NULL, 1, 23, '06023', 17, NULL, NULL, '2017-04-27 21:28:28', '2017-04-27 21:28:28'),
(1584, NULL, 300275399, 'CND1R01549', NULL, NULL, 1, 23, '06018', 17, 18, NULL, '2017-04-27 21:28:28', '2017-04-27 21:28:28'),
(1585, NULL, 300276331, 'CND1S08716', NULL, NULL, 1, 20, '04001', 17, 187, NULL, '2017-04-27 21:28:28', '2017-04-27 21:28:28'),
(1586, NULL, 300276329, 'CND1S09578', NULL, NULL, 1, 20, '13002', 17, 42, NULL, '2017-04-27 21:28:28', '2017-04-27 21:28:28'),
(1587, NULL, 300276332, 'CND1S09586', NULL, NULL, 1, 20, '03001', 17, 129, NULL, '2017-04-27 21:28:28', '2017-04-27 21:28:28'),
(1588, NULL, 300232442, 'CNGGG50650', NULL, NULL, 1, 22, '11009', 17, 198, NULL, '2017-04-27 21:28:28', '2017-04-27 21:28:28'),
(1589, NULL, 300266256, 'CNGJF28931', NULL, NULL, 1, 18, '12005', 17, 99, NULL, '2017-04-27 21:28:28', '2017-04-27 21:28:28'),
(1590, NULL, 300266240, 'CNGJF31275', NULL, NULL, 1, 18, '16001', 17, 80, NULL, '2017-04-27 21:28:28', '2017-04-27 21:28:28'),
(1591, NULL, 300237452, 'CNGKC15619', NULL, NULL, 1, 18, '05001', 17, 82, NULL, '2017-04-27 21:28:28', '2017-04-27 21:28:28'),
(1592, NULL, 300237460, 'CNGKC15620', NULL, NULL, 1, 18, '15001', 17, 191, NULL, '2017-04-27 21:28:28', '2017-04-27 21:28:28');
INSERT INTO `inventarios` (`id`, `folio_resguardo`, `numero_inventario`, `numero_serie`, `comentario_baja`, `fecha_baja`, `status`, `modelo_id`, `oficialia_id`, `area_id`, `responsable_id`, `resguardo_id`, `created_at`, `updated_at`) VALUES
(1593, NULL, 300266238, 'CNGKM05101', NULL, NULL, 1, 18, '16005', 17, 26, NULL, '2017-04-27 21:28:28', '2017-04-27 21:28:28'),
(1594, NULL, 300266234, 'CNGKM05115', NULL, NULL, 1, 18, '01001', 17, 34, NULL, '2017-04-27 21:28:28', '2017-04-27 21:28:28'),
(1595, NULL, 300340473, 'CNJ1B06293', NULL, NULL, 1, 20, '06008', 17, 235, NULL, '2017-04-27 21:28:28', '2017-04-27 21:28:28'),
(1596, NULL, 300340493, 'CNJ1D80218', NULL, NULL, 1, 20, '08001', 17, 56, NULL, '2017-04-27 21:28:28', '2017-04-27 21:28:28'),
(1597, NULL, 300340488, 'CNJ1D80707', NULL, NULL, 1, 20, '18004', 17, 180, NULL, '2017-04-27 21:28:28', '2017-04-27 21:28:28'),
(1598, NULL, 300340490, 'CNJ1G03957', NULL, NULL, 1, 20, '04001', 17, 187, NULL, '2017-04-27 21:28:28', '2017-04-27 21:28:28'),
(1599, NULL, 300340485, 'CNJ1G08172', NULL, NULL, 1, 20, '12010', 17, 186, NULL, '2017-04-27 21:28:28', '2017-04-27 21:28:28'),
(1600, NULL, 300275366, 'CNN62402Y80', NULL, NULL, 1, 48, '18001', 17, 207, NULL, '2017-04-27 21:28:28', '2017-04-27 21:28:28'),
(1601, NULL, 300275371, 'CNN62407P8', NULL, NULL, 1, 48, '06009', 17, 22, NULL, '2017-04-27 21:28:28', '2017-04-27 21:28:28'),
(1602, NULL, 300275373, 'CNN6240X55', NULL, NULL, 1, 48, '11006', 17, 136, NULL, '2017-04-27 21:28:28', '2017-04-27 21:28:28'),
(1603, NULL, 300275390, 'CNN6240X5D', NULL, NULL, 1, 48, '13002', 17, 42, NULL, '2017-04-27 21:28:28', '2017-04-27 21:28:28'),
(1604, NULL, 300275370, 'CNN6240XTM', NULL, NULL, 1, 48, '06009', 17, 22, NULL, '2017-04-27 21:28:28', '2017-04-27 21:28:28'),
(1605, NULL, 300275363, 'CNN6240Y13', NULL, NULL, 1, 48, '04003', 17, 43, NULL, '2017-04-27 21:28:28', '2017-04-27 21:28:28'),
(1606, NULL, 300275382, 'CNN6240Y8L', NULL, NULL, 1, 48, '06018', 17, 18, NULL, '2017-04-27 21:28:28', '2017-04-27 21:28:28'),
(1607, NULL, 300275388, 'CNN6240ZPC', NULL, NULL, 1, 48, '01001', 17, 34, NULL, '2017-04-27 21:28:28', '2017-04-27 21:28:28'),
(1608, NULL, 300266421, 'CNN624120Y', NULL, NULL, 1, 48, '07002', 17, 102, NULL, '2017-04-27 21:28:28', '2017-04-27 21:28:28'),
(1609, NULL, 300266465, 'CNN6241211', NULL, NULL, 1, 48, '12010', 17, 186, NULL, '2017-04-27 21:28:28', '2017-04-27 21:28:28'),
(1610, NULL, 300266441, 'CNN6241212', NULL, NULL, 1, 48, '04001', 17, 187, NULL, '2017-04-27 21:28:28', '2017-04-27 21:28:28'),
(1611, NULL, 300266449, 'CNN6241215', NULL, NULL, 1, 48, '02001', 17, 121, NULL, '2017-04-27 21:28:28', '2017-04-27 21:28:28'),
(1612, NULL, 300266373, 'CNN6241216', NULL, NULL, 1, 48, '12010', 17, 186, NULL, '2017-04-27 21:28:28', '2017-04-27 21:28:28'),
(1613, NULL, 300266401, 'CNN6241218', NULL, NULL, 1, 48, '11001', 17, 94, NULL, '2017-04-27 21:28:28', '2017-04-27 21:28:28'),
(1614, NULL, 300266357, 'CNN624121B', NULL, NULL, 1, 48, '01001', 17, 34, NULL, '2017-04-27 21:28:28', '2017-04-27 21:28:28'),
(1615, NULL, 300266353, 'CNN624121G', NULL, NULL, 1, 48, '12010', 17, 186, NULL, '2017-04-27 21:28:28', '2017-04-27 21:28:28'),
(1616, NULL, 300266433, 'CNN624121H', NULL, NULL, 1, 48, '02001', 17, 121, NULL, '2017-04-27 21:28:28', '2017-04-27 21:28:28'),
(1617, NULL, 300266485, 'CNN624121L', NULL, NULL, 1, 48, '07002', 17, 102, NULL, '2017-04-27 21:28:28', '2017-04-27 21:28:28'),
(1618, NULL, 300266469, 'CNN624121N', NULL, NULL, 1, 48, '04003', 17, 43, NULL, '2017-04-27 21:28:28', '2017-04-27 21:28:28'),
(1619, NULL, 300266453, 'CNN62412F5', NULL, NULL, 1, 48, '12010', 17, 186, NULL, '2017-04-27 21:28:28', '2017-04-27 21:28:28'),
(1620, NULL, 300266461, 'CNN62412F7', NULL, NULL, 1, 48, '12010', 17, 186, NULL, '2017-04-27 21:28:28', '2017-04-27 21:28:28'),
(1621, NULL, 300266341, 'CNN62412FD', NULL, NULL, 1, 48, '01001', 17, 34, NULL, '2017-04-27 21:28:28', '2017-04-27 21:28:28'),
(1622, NULL, 300266397, 'CNN62412FF', NULL, NULL, 1, 48, '01001', 17, 34, NULL, '2017-04-27 21:28:28', '2017-04-27 21:28:28'),
(1623, NULL, 300266425, 'CNN62412FM', NULL, NULL, 1, 48, '12010', 17, 186, NULL, '2017-04-27 21:28:28', '2017-04-27 21:28:28'),
(1624, NULL, 300266437, 'CNN62412FP', NULL, NULL, 1, 48, '06009', 17, 22, NULL, '2017-04-27 21:28:28', '2017-04-27 21:28:28'),
(1625, NULL, 300266409, 'CNN62412FR', NULL, NULL, 1, 48, '11001', 17, 94, NULL, '2017-04-27 21:28:28', '2017-04-27 21:28:28'),
(1626, NULL, 300276325, 'CNN6432F6Q', NULL, NULL, 1, 48, '18002', 17, 13, NULL, '2017-04-27 21:28:28', '2017-04-27 21:28:28'),
(1627, NULL, 300275391, 'CNN6451XQ5', NULL, NULL, 1, 48, '12010', 17, 186, NULL, '2017-04-27 21:28:28', '2017-04-27 21:28:28'),
(1628, NULL, 300319449, 'CNN7220583', NULL, NULL, 1, 105, '11012', 17, 138, NULL, '2017-04-27 21:28:28', '2017-04-27 21:28:28'),
(1629, NULL, 300319431, 'CNN72205RL', NULL, NULL, 1, 105, '02007', 17, 29, NULL, '2017-04-27 21:28:28', '2017-04-27 21:28:28'),
(1630, NULL, 300319439, 'CNN72205RR', NULL, NULL, 1, 105, '11012', 17, 138, NULL, '2017-04-27 21:28:28', '2017-04-27 21:28:28'),
(1631, NULL, 300319445, 'CNN72205S1', NULL, NULL, 1, 105, '10004', 17, NULL, NULL, '2017-04-27 21:28:28', '2017-04-27 21:28:28'),
(1632, NULL, 300319482, 'CNN7321BJK', NULL, NULL, 1, 105, '01003', 17, 160, NULL, '2017-04-27 21:28:28', '2017-04-27 21:28:28'),
(1633, NULL, 300319520, 'CNN7331GLS', NULL, NULL, 1, 105, '09003', 17, 182, NULL, '2017-04-27 21:28:28', '2017-04-27 21:28:28'),
(1634, NULL, 300319543, 'CNN7361HM5', NULL, NULL, 1, 105, '09003', 17, 182, NULL, '2017-04-27 21:28:28', '2017-04-27 21:28:28'),
(1635, NULL, 300319551, 'CNN737025F', NULL, NULL, 1, 105, '13006', 17, 213, NULL, '2017-04-27 21:28:28', '2017-04-27 21:28:28'),
(1636, NULL, 300319555, 'CNN737025H', NULL, NULL, 1, 105, '14002', 17, 197, NULL, '2017-04-27 21:28:28', '2017-04-27 21:28:28'),
(1637, NULL, 300319565, 'CNN73703M9', NULL, NULL, 1, 105, '06005', 17, NULL, NULL, '2017-04-27 21:28:28', '2017-04-27 21:28:28'),
(1638, NULL, 300343146, 'CNU8471YCD', NULL, NULL, 1, 59, '06020', 17, 223, NULL, '2017-04-27 21:28:28', '2017-04-27 21:28:28'),
(1639, NULL, 300343148, 'CNU8471YZ6', NULL, NULL, 1, 59, '06020', 17, 223, NULL, '2017-04-27 21:28:28', '2017-04-27 21:28:28'),
(1640, NULL, 300207819, 'E02K15961', NULL, NULL, 1, 32, '07001', 17, 91, NULL, '2017-04-27 21:28:28', '2017-04-27 21:28:28'),
(1641, NULL, 300207842, 'E03A14595', NULL, NULL, 1, 32, '06003', 17, 32, NULL, '2017-04-27 21:28:28', '2017-04-27 21:28:28'),
(1642, NULL, 300207827, 'E03A14606', NULL, NULL, 1, 32, '11004', 17, NULL, NULL, '2017-04-27 21:28:28', '2017-04-27 21:28:28'),
(1643, NULL, 300207835, 'E03A14609', NULL, NULL, 1, 32, '13001', 17, NULL, NULL, '2017-04-27 21:28:28', '2017-04-27 21:28:28'),
(1644, NULL, 300207795, 'E03A14613', NULL, NULL, 1, 32, '12002', 17, 39, NULL, '2017-04-27 21:28:28', '2017-04-27 21:28:28'),
(1645, NULL, 300207790, 'E03A91596', NULL, NULL, 1, 32, '12004', 17, 204, NULL, '2017-04-27 21:28:28', '2017-04-27 21:28:28'),
(1646, NULL, 300236027, 'E04G03805', NULL, NULL, 1, 32, '11009', 17, 198, NULL, '2017-04-27 21:28:28', '2017-04-27 21:28:28'),
(1647, NULL, 300236048, 'E05H09053', NULL, NULL, 1, 32, '15001', 17, 191, NULL, '2017-04-27 21:28:28', '2017-04-27 21:28:28'),
(1648, NULL, 300236035, 'E05H09080', NULL, NULL, 1, 32, '02002', 17, 181, NULL, '2017-04-27 21:28:28', '2017-04-27 21:28:28'),
(1649, NULL, 300266268, 'E06H01476', NULL, NULL, 1, 32, '12008', 17, 153, NULL, '2017-04-27 21:28:28', '2017-04-27 21:28:28'),
(1650, NULL, 300266285, 'E06H01483', NULL, NULL, 1, 32, '06022', 17, 196, NULL, '2017-04-27 21:28:28', '2017-04-27 21:28:28'),
(1651, NULL, 300266292, 'E06H01488', NULL, NULL, 1, 32, '17001', 17, 143, NULL, '2017-04-27 21:28:28', '2017-04-27 21:28:28'),
(1652, NULL, 300266261, 'E06H01489', NULL, NULL, 1, 32, '13003', 17, 92, NULL, '2017-04-27 21:28:28', '2017-04-27 21:28:28'),
(1653, NULL, 300266291, 'E06H01492', NULL, NULL, 1, 32, '17001', 17, 143, NULL, '2017-04-27 21:28:28', '2017-04-27 21:28:28'),
(1654, NULL, 300266282, 'E06H01494', NULL, NULL, 1, 32, '13003', 17, 92, NULL, '2017-04-27 21:28:28', '2017-04-27 21:28:28'),
(1655, NULL, 300266283, 'E06H01498', NULL, NULL, 1, 32, '06022', 17, 196, NULL, '2017-04-27 21:28:28', '2017-04-27 21:28:28'),
(1656, NULL, 300266267, 'E06H01509', NULL, NULL, 1, 32, '01001', 17, 34, NULL, '2017-04-27 21:28:28', '2017-04-27 21:28:28'),
(1657, NULL, 300266258, 'E06H01510', NULL, NULL, 1, 32, '12008', 17, 153, NULL, '2017-04-27 21:28:28', '2017-04-27 21:28:28'),
(1658, NULL, 300266264, 'E06N01455', NULL, NULL, 1, 32, '07002', 17, 102, NULL, '2017-04-27 21:28:28', '2017-04-27 21:28:28'),
(1659, NULL, 395107, 'E10G22492', NULL, NULL, 1, 32, '03001', 17, 129, NULL, '2017-04-27 21:28:28', '2017-04-27 21:28:28'),
(1660, NULL, 395108, 'E10G22502', NULL, NULL, 1, 32, '08003', 17, 195, NULL, '2017-04-27 21:28:28', '2017-04-27 21:28:28'),
(1661, NULL, 395134, 'E10G23231', NULL, NULL, 1, 32, '06020', 17, 223, NULL, '2017-04-27 21:28:28', '2017-04-27 21:28:28'),
(1662, NULL, 395133, 'E10G23391', NULL, NULL, 1, 32, '09001', 17, 211, NULL, '2017-04-27 21:28:28', '2017-04-27 21:28:28'),
(1663, NULL, 395121, 'E10G23892', NULL, NULL, 1, 32, '03001', 17, 129, NULL, '2017-04-27 21:28:28', '2017-04-27 21:28:28'),
(1664, NULL, 395120, 'E10G23960', NULL, NULL, 1, 32, '06021', 17, 161, NULL, '2017-04-27 21:28:28', '2017-04-27 21:28:28'),
(1665, NULL, 395119, 'E10G23965', NULL, NULL, 1, 32, '07001', 17, 91, NULL, '2017-04-27 21:28:28', '2017-04-27 21:28:28'),
(1666, NULL, 395124, 'E10G24638', NULL, NULL, 1, 32, '18003', 17, 162, NULL, '2017-04-27 21:28:28', '2017-04-27 21:28:28'),
(1667, NULL, 395111, 'E10I48329', NULL, NULL, 1, 32, '13004', 17, 103, NULL, '2017-04-27 21:28:28', '2017-04-27 21:28:28'),
(1668, NULL, 395110, 'E10I48348', NULL, NULL, 1, 32, '18007', 17, 101, NULL, '2017-04-27 21:28:28', '2017-04-27 21:28:28'),
(1669, NULL, 515010170005580, 'E14J26343', NULL, NULL, 1, 109, '09004', 17, 222, NULL, '2017-04-27 21:28:28', '2017-04-27 21:28:28'),
(1670, NULL, 515010170005582, 'E14J26384', NULL, NULL, 1, 109, '04009', 17, 124, NULL, '2017-04-27 21:28:28', '2017-04-27 21:28:28'),
(1671, NULL, 515010170005583, 'E14J26387', NULL, NULL, 1, 109, '06005', 17, NULL, NULL, '2017-04-27 21:28:28', '2017-04-27 21:28:28'),
(1672, NULL, 515010170005584, 'E14J27164', NULL, NULL, 1, 109, '16001', 17, 80, NULL, '2017-04-27 21:28:28', '2017-04-27 21:28:28'),
(1673, NULL, 515010170005592, 'E14J28593', NULL, NULL, 1, 109, '09004', 17, 222, NULL, '2017-04-27 21:28:28', '2017-04-27 21:28:28'),
(1674, NULL, 515010170005586, 'E14J28607', NULL, NULL, 1, 109, '03007', 17, 69, NULL, '2017-04-27 21:28:28', '2017-04-27 21:28:28'),
(1675, NULL, 515010170005587, 'E14J28622', NULL, NULL, 1, 109, '06025', 17, 50, NULL, '2017-04-27 21:28:28', '2017-04-27 21:28:28'),
(1676, NULL, 515010170005588, 'E14J28656', NULL, NULL, 1, 109, '06025', 17, 50, NULL, '2017-04-27 21:28:28', '2017-04-27 21:28:28'),
(1677, NULL, 515010170005589, 'E14J28675', NULL, NULL, 1, 109, '09004', 17, 222, NULL, '2017-04-27 21:28:28', '2017-04-27 21:28:28'),
(1678, NULL, 515010170005590, 'E14J28676', NULL, NULL, 1, 109, '12004', 17, 204, NULL, '2017-04-27 21:28:28', '2017-04-27 21:28:28'),
(1679, NULL, 515010170005591, 'E14J28679', NULL, NULL, 1, 109, '13006', 17, 213, NULL, '2017-04-27 21:28:28', '2017-04-27 21:28:28'),
(1680, NULL, 515010170005585, 'E14J28684', NULL, NULL, 1, 109, '07004', 17, 178, NULL, '2017-04-27 21:28:28', '2017-04-27 21:28:28'),
(1681, NULL, 515010170005595, 'E14J29782', NULL, NULL, 1, 109, '06025', 17, 50, NULL, '2017-04-27 21:28:28', '2017-04-27 21:28:28'),
(1682, NULL, 515010170005597, 'E14J29807', NULL, NULL, 1, 109, '18001', 17, 207, NULL, '2017-04-27 21:28:28', '2017-04-27 21:28:28'),
(1683, NULL, 515010170005603, 'E14J29823', NULL, NULL, 1, 109, '06021', 17, 161, NULL, '2017-04-27 21:28:28', '2017-04-27 21:28:28'),
(1684, NULL, 515010170005599, 'E14J29829', NULL, NULL, 1, 109, '06025', 17, 50, NULL, '2017-04-27 21:28:28', '2017-04-27 21:28:28'),
(1685, NULL, 515010170005600, 'E14J29837', NULL, NULL, 1, 109, '11004', 17, NULL, NULL, '2017-04-27 21:28:28', '2017-04-27 21:28:28'),
(1686, NULL, 515010170005602, 'E14J29859', NULL, NULL, 1, 109, '03006', 17, 95, NULL, '2017-04-27 21:28:28', '2017-04-27 21:28:28'),
(1687, NULL, 515010170005598, 'E14J30018', NULL, NULL, 1, 109, '18001', 17, 207, NULL, '2017-04-27 21:28:28', '2017-04-27 21:28:28'),
(1688, NULL, 300292441, 'ESCO4080267510B23A4213', NULL, NULL, 1, 105, '12004', 17, 204, NULL, '2017-04-27 21:28:28', '2017-04-27 21:28:28'),
(1689, NULL, 300292453, 'ESCO4080267510B3E74213', NULL, NULL, 1, 105, '12004', 17, 204, NULL, '2017-04-27 21:28:28', '2017-04-27 21:28:28'),
(1690, NULL, 300266265, 'F06N01474', NULL, NULL, 1, 32, '12008', 17, 153, NULL, '2017-04-27 21:28:28', '2017-04-27 21:28:28'),
(1691, NULL, 300342250, 'FCH12299PXJ', NULL, NULL, 1, 43, '18003', 17, 162, NULL, '2017-04-27 21:28:28', '2017-04-27 21:28:28'),
(1692, NULL, 300342209, 'FCH1229A2L4', NULL, NULL, 1, 42, '17004', 17, 240, NULL, '2017-04-27 21:28:28', '2017-04-27 21:28:28'),
(1693, NULL, 300342214, 'FCH1229A2W5', NULL, NULL, 1, 42, '11001', 17, 94, NULL, '2017-04-27 21:28:28', '2017-04-27 21:28:28'),
(1694, NULL, 300342260, 'FCH1229BKV8', NULL, NULL, 1, 43, '16003', 17, NULL, NULL, '2017-04-27 21:28:28', '2017-04-27 21:28:28'),
(1695, NULL, 300342270, 'FCH1229BL23', NULL, NULL, 1, 43, '01001', 17, 34, NULL, '2017-04-27 21:28:28', '2017-04-27 21:28:28'),
(1696, NULL, 300342230, 'FCH1229BLNG', NULL, NULL, 1, 43, '14003', 17, 242, NULL, '2017-04-27 21:28:28', '2017-04-27 21:28:28'),
(1697, NULL, 300342241, 'FCH1229BM6N', NULL, NULL, 1, 43, '04005', 17, 93, NULL, '2017-04-27 21:28:28', '2017-04-27 21:28:28'),
(1698, NULL, 300342261, 'FCH1229BMT0', NULL, NULL, 1, 43, '18003', 17, 162, NULL, '2017-04-27 21:28:28', '2017-04-27 21:28:28'),
(1699, NULL, 300342231, 'FCH1229BNC0', NULL, NULL, 1, 43, '14005', 17, 48, NULL, '2017-04-27 21:28:28', '2017-04-27 21:28:28'),
(1700, NULL, 300342242, 'FCH1229BNEG', NULL, NULL, 1, 43, '11005', 17, 179, NULL, '2017-04-27 21:28:28', '2017-04-27 21:28:28'),
(1701, NULL, 300342252, 'FCH1229BR36', NULL, NULL, 1, 43, '06024', 17, 194, NULL, '2017-04-27 21:28:28', '2017-04-27 21:28:28'),
(1702, NULL, 300342262, 'FCH1229BSCV', NULL, NULL, 1, 43, '13004', 17, 103, NULL, '2017-04-27 21:28:28', '2017-04-27 21:28:28'),
(1703, NULL, 300342232, 'FCH123096L9', NULL, NULL, 1, 43, '11007', 17, NULL, NULL, '2017-04-27 21:28:28', '2017-04-27 21:28:28'),
(1704, NULL, 300342243, 'FCH123096LL', NULL, NULL, 1, 43, '06024', 17, 194, NULL, '2017-04-27 21:28:28', '2017-04-27 21:28:28'),
(1705, NULL, 300342253, 'FCH123096MT', NULL, NULL, 1, 43, '01008', 17, 134, NULL, '2017-04-27 21:28:28', '2017-04-27 21:28:28'),
(1706, NULL, 300342263, 'FCH123096QJ', NULL, NULL, 1, 43, '11005', 17, 179, NULL, '2017-04-27 21:28:28', '2017-04-27 21:28:28'),
(1707, NULL, 300342273, 'FCH123099DL', NULL, NULL, 1, 43, '11011', 17, 117, NULL, '2017-04-27 21:28:28', '2017-04-27 21:28:28'),
(1708, NULL, 300342282, 'FCH12309ACN', NULL, NULL, 1, 43, '06020', 17, 223, NULL, '2017-04-27 21:28:28', '2017-04-27 21:28:28'),
(1709, NULL, 300342216, 'FCH1231AEV1', NULL, NULL, 1, 42, '06021', 17, 161, NULL, '2017-04-27 21:28:28', '2017-04-27 21:28:28'),
(1710, NULL, 300342233, 'FCH12329FZ6', NULL, NULL, 1, 43, '04001', 17, 187, NULL, '2017-04-27 21:28:28', '2017-04-27 21:28:28'),
(1711, NULL, 300342264, 'FCH12329G1X', NULL, NULL, 1, 43, '14005', 17, 48, NULL, '2017-04-27 21:28:28', '2017-04-27 21:28:28'),
(1712, NULL, 300342283, 'FCH12329G3M', NULL, NULL, 1, 43, '16005', 17, 26, NULL, '2017-04-27 21:28:28', '2017-04-27 21:28:28'),
(1713, NULL, 300342234, 'FCH12329GA2', NULL, NULL, 1, 43, '11005', 17, 179, NULL, '2017-04-27 21:28:28', '2017-04-27 21:28:28'),
(1714, NULL, 300342245, 'FCH12329GGE', NULL, NULL, 1, 43, '13004', 17, 103, NULL, '2017-04-27 21:28:28', '2017-04-27 21:28:28'),
(1715, NULL, 300342255, 'FCH12329GJE', NULL, NULL, 1, 43, '02004', 17, 192, NULL, '2017-04-27 21:28:28', '2017-04-27 21:28:28'),
(1716, NULL, 300342265, 'FCH12329H07', NULL, NULL, 1, 43, '09001', 17, 211, NULL, '2017-04-27 21:28:28', '2017-04-27 21:28:28'),
(1717, NULL, 300342275, 'FCH12329HBP', NULL, NULL, 1, 43, '02004', 17, 192, NULL, '2017-04-27 21:28:28', '2017-04-27 21:28:28'),
(1718, NULL, 300342256, 'FCH12329YWN', NULL, NULL, 1, 43, '07006', 17, 19, NULL, '2017-04-27 21:28:28', '2017-04-27 21:28:28'),
(1719, NULL, 300342266, 'FCH12329Z6C', NULL, NULL, 1, 43, '08001', 17, 56, NULL, '2017-04-27 21:28:28', '2017-04-27 21:28:28'),
(1720, NULL, 300342236, 'FCH12329ZLF', NULL, NULL, 1, 43, '02004', 17, 192, NULL, '2017-04-27 21:28:28', '2017-04-27 21:28:28'),
(1721, NULL, 300342247, 'FCH12329ZMA', NULL, NULL, 1, 43, '01008', 17, 134, NULL, '2017-04-27 21:28:28', '2017-04-27 21:28:28'),
(1722, NULL, 300342257, 'FCH12329ZNP', NULL, NULL, 1, 43, '04001', 17, 187, NULL, '2017-04-27 21:28:28', '2017-04-27 21:28:28'),
(1723, NULL, 300342277, 'FCH12329ZQ6', NULL, NULL, 1, 43, '01008', 17, 134, NULL, '2017-04-27 21:28:28', '2017-04-27 21:28:28'),
(1724, NULL, 300342286, 'FCH12329ZUF', NULL, NULL, 1, 43, '02003', 17, 47, NULL, '2017-04-27 21:28:28', '2017-04-27 21:28:28'),
(1725, NULL, 300342248, 'FCH1232A01R', NULL, NULL, 1, 43, '01008', 17, 134, NULL, '2017-04-27 21:28:28', '2017-04-27 21:28:28'),
(1726, NULL, 300342258, 'FCH1232A02F', NULL, NULL, 1, 43, '01008', 17, 134, NULL, '2017-04-27 21:28:28', '2017-04-27 21:28:28'),
(1727, NULL, 300342287, 'FCH1232A04P', NULL, NULL, 1, 43, '02003', 17, 47, NULL, '2017-04-27 21:28:28', '2017-04-27 21:28:28'),
(1728, NULL, 300342249, 'FCH1232A2RU', NULL, NULL, 1, 43, '12006', 17, 193, NULL, '2017-04-27 21:28:28', '2017-04-27 21:28:28'),
(1729, NULL, 300342269, 'FCH1232B71V', NULL, NULL, 1, 43, '12006', 17, 193, NULL, '2017-04-27 21:28:28', '2017-04-27 21:28:28'),
(1730, NULL, 300342288, 'FCH12338NUT', NULL, NULL, 1, 43, '02003', 17, 47, NULL, '2017-04-27 21:28:28', '2017-04-27 21:28:28'),
(1731, NULL, 300207618, 'JY9Q561', NULL, NULL, 1, 106, '01003', 17, 160, NULL, '2017-04-27 21:28:28', '2017-04-27 21:28:28'),
(1732, NULL, 300178060, 'K6371090220P', NULL, NULL, 1, 112, '18004', 17, 180, NULL, '2017-04-27 21:28:28', '2017-04-27 21:28:28'),
(1733, NULL, 300205660, 'LZN02321905', NULL, NULL, 1, 30, '05005', 17, 199, NULL, '2017-04-27 21:28:28', '2017-04-27 21:28:28'),
(1734, NULL, 408981, 'MJVLKVM', NULL, NULL, 1, 101, '14006', 17, 149, NULL, '2017-04-27 21:28:28', '2017-04-27 21:28:28'),
(1735, NULL, 408938, 'MJVLKVV', NULL, NULL, 1, 101, '01007', 17, 8, NULL, '2017-04-27 21:28:28', '2017-04-27 21:28:28'),
(1736, NULL, 408942, 'MJVLKVZ', NULL, NULL, 1, 101, '12007', 17, 202, NULL, '2017-04-27 21:28:28', '2017-04-27 21:28:28'),
(1737, NULL, 408944, 'MJVLKWB', NULL, NULL, 1, 101, '01007', 17, 8, NULL, '2017-04-27 21:28:28', '2017-04-27 21:28:28'),
(1738, NULL, 408945, 'MJVLKWC', NULL, NULL, 1, 101, '12007', 17, 202, NULL, '2017-04-27 21:28:28', '2017-04-27 21:28:28'),
(1739, NULL, 408946, 'MJVLKWD', NULL, NULL, 1, 101, '01006', 17, 28, NULL, '2017-04-27 21:28:28', '2017-04-27 21:28:28'),
(1740, NULL, 408947, 'MJVLKWE', NULL, NULL, 1, 101, '01006', 17, 28, NULL, '2017-04-27 21:28:28', '2017-04-27 21:28:28'),
(1741, NULL, 408949, 'MJVLKWG', NULL, NULL, 1, 101, '14004', 17, 226, NULL, '2017-04-27 21:28:28', '2017-04-27 21:28:28'),
(1742, NULL, 408951, 'MJVLKWK', NULL, NULL, 1, 101, '01006', 17, 28, NULL, '2017-04-27 21:28:28', '2017-04-27 21:28:28'),
(1743, NULL, 408953, 'MJVLKWM', NULL, NULL, 1, 101, '12009', 17, 63, NULL, '2017-04-27 21:28:28', '2017-04-27 21:28:28'),
(1744, NULL, 408954, 'MJVLKWN', NULL, NULL, 1, 101, '04008', 17, 58, NULL, '2017-04-27 21:28:28', '2017-04-27 21:28:28'),
(1745, NULL, 408955, 'MJVLKWP', NULL, NULL, 1, 101, '17007', 17, 131, NULL, '2017-04-27 21:28:28', '2017-04-27 21:28:28'),
(1746, NULL, 408983, 'MJVLKWT', NULL, NULL, 1, 101, '09001', 17, 211, NULL, '2017-04-27 21:28:28', '2017-04-27 21:28:28'),
(1747, NULL, 408984, 'MJVLKWV', NULL, NULL, 1, 101, '13004', 17, 103, NULL, '2017-04-27 21:28:28', '2017-04-27 21:28:28'),
(1748, NULL, 408987, 'MJVLKWY', NULL, NULL, 1, 101, '06020', 17, 223, NULL, '2017-04-27 21:28:28', '2017-04-27 21:28:28'),
(1749, NULL, 408988, 'MJVLKWZ', NULL, NULL, 1, 101, '12009', 17, 63, NULL, '2017-04-27 21:28:28', '2017-04-27 21:28:28'),
(1750, NULL, 408989, 'MJVLKXA', NULL, NULL, 1, 101, '03001', 17, 129, NULL, '2017-04-27 21:28:28', '2017-04-27 21:28:28'),
(1751, NULL, 408957, 'MJVLKXE', NULL, NULL, 1, 101, '04008', 17, 58, NULL, '2017-04-27 21:28:28', '2017-04-27 21:28:28'),
(1752, NULL, 408959, 'MJVLKXG', NULL, NULL, 1, 101, '12009', 17, 63, NULL, '2017-04-27 21:28:28', '2017-04-27 21:28:28'),
(1753, NULL, 408962, 'MJVLKXL', NULL, NULL, 1, 101, '12009', 17, 63, NULL, '2017-04-27 21:28:28', '2017-04-27 21:28:28'),
(1754, NULL, 408963, 'MJVLKXM', NULL, NULL, 1, 101, '02006', 17, 203, NULL, '2017-04-27 21:28:28', '2017-04-27 21:28:28'),
(1755, NULL, 408964, 'MJVLKXN', NULL, NULL, 1, 101, '15001', 17, 191, NULL, '2017-04-27 21:28:28', '2017-04-27 21:28:28'),
(1756, NULL, 408966, 'MJVLKXR', NULL, NULL, 1, 101, '04001', 17, 187, NULL, '2017-04-27 21:28:28', '2017-04-27 21:28:28'),
(1757, NULL, 408968, 'MJVLKXV', NULL, NULL, 1, 101, '01006', 17, 28, NULL, '2017-04-27 21:28:28', '2017-04-27 21:28:28'),
(1758, NULL, 408970, 'MJVLKXX', NULL, NULL, 1, 101, '02006', 17, 203, NULL, '2017-04-27 21:28:28', '2017-04-27 21:28:28'),
(1759, NULL, 408971, 'MJVLKXY', NULL, NULL, 1, 101, '10005', 17, 73, NULL, '2017-04-27 21:28:28', '2017-04-27 21:28:28'),
(1760, NULL, 408972, 'MJVLKXZ', NULL, NULL, 1, 101, '03001', 17, 129, NULL, '2017-04-27 21:28:28', '2017-04-27 21:28:28'),
(1761, NULL, 408974, 'MJVLKYB', NULL, NULL, 1, 101, '08003', 17, 195, NULL, '2017-04-27 21:28:28', '2017-04-27 21:28:28'),
(1762, NULL, 408975, 'MJVLKYC', NULL, NULL, 1, 101, '12009', 17, 63, NULL, '2017-04-27 21:28:28', '2017-04-27 21:28:28'),
(1763, NULL, 408978, 'MJVLKYF', NULL, NULL, 1, 101, '13004', 17, 103, NULL, '2017-04-27 21:28:28', '2017-04-27 21:28:28'),
(1764, NULL, 408979, 'MJVLKYG', NULL, NULL, 1, 101, '01006', 17, 28, NULL, '2017-04-27 21:28:28', '2017-04-27 21:28:28'),
(1765, NULL, 300206081, 'MX00265228', NULL, NULL, 1, 14, '12009', 17, 63, NULL, '2017-04-27 21:28:28', '2017-04-27 21:28:28'),
(1766, NULL, 300207434, 'MX20611240', NULL, NULL, 1, 46, '17003', 17, 141, NULL, '2017-04-27 21:28:28', '2017-04-27 21:28:28'),
(1767, NULL, 300207431, 'MX22140687', NULL, NULL, 1, 46, '06006', 17, 165, NULL, '2017-04-27 21:28:28', '2017-04-27 21:28:28'),
(1768, NULL, 300207430, 'MX22841894', NULL, NULL, 1, 46, '07005', 17, 27, NULL, '2017-04-27 21:28:28', '2017-04-27 21:28:28'),
(1769, NULL, 300207433, 'MX22842791', NULL, NULL, 1, 46, '07005', 17, 27, NULL, '2017-04-27 21:28:28', '2017-04-27 21:28:28'),
(1770, NULL, 300207420, 'MX25150270', NULL, NULL, 1, 61, '01003', 17, 160, NULL, '2017-04-27 21:28:28', '2017-04-27 21:28:28'),
(1771, NULL, 300207423, 'MX25150276', NULL, NULL, 1, 61, '18004', 17, 180, NULL, '2017-04-27 21:28:28', '2017-04-27 21:28:28'),
(1772, NULL, 300205441, 'MX95100856', NULL, NULL, 1, 105, '05005', 17, 199, NULL, '2017-04-27 21:28:28', '2017-04-27 21:28:28'),
(1773, NULL, 300206047, 'MX95100950', NULL, NULL, 1, 84, '10001', 17, NULL, NULL, '2017-04-27 21:28:28', '2017-04-27 21:28:28'),
(1774, NULL, 300206121, 'MX95100989', NULL, NULL, 1, 52, '07006', 17, 19, NULL, '2017-04-27 21:28:28', '2017-04-27 21:28:28'),
(1775, NULL, 300205673, 'MX95101026', NULL, NULL, 1, 105, '01003', 17, 160, NULL, '2017-04-27 21:28:28', '2017-04-27 21:28:28'),
(1776, NULL, 300205590, 'MX95101603', NULL, NULL, 1, 105, '12009', 17, 63, NULL, '2017-04-27 21:28:28', '2017-04-27 21:28:28'),
(1777, NULL, 300225842, 'MXD4350D41', NULL, NULL, 1, 69, '04001', 17, 187, NULL, '2017-04-27 21:28:28', '2017-04-27 21:28:28'),
(1778, NULL, 300225845, 'MXD4350DBN', NULL, NULL, 1, 69, '18004', 17, 180, NULL, '2017-04-27 21:28:28', '2017-04-27 21:28:28'),
(1779, NULL, 300225836, 'MXD4350DJF', NULL, NULL, 1, 69, '06003', 17, 32, NULL, '2017-04-27 21:28:28', '2017-04-27 21:28:28'),
(1780, NULL, 300225840, 'MXD4350DWV', NULL, NULL, 1, 69, '06003', 17, 32, NULL, '2017-04-27 21:28:28', '2017-04-27 21:28:28'),
(1781, NULL, 300225847, 'MXD440013T', NULL, NULL, 1, 69, '06005', 17, NULL, NULL, '2017-04-27 21:28:28', '2017-04-27 21:28:28'),
(1782, NULL, 300225826, 'MXD44001C4', NULL, NULL, 1, 69, '02001', 17, 121, NULL, '2017-04-27 21:28:28', '2017-04-27 21:28:28'),
(1783, NULL, 300225824, 'MXD44001FF', NULL, NULL, 1, 69, '13001', 17, NULL, NULL, '2017-04-27 21:28:28', '2017-04-27 21:28:28'),
(1784, NULL, 300225834, 'MXD44001G1', NULL, NULL, 1, 69, '16001', 17, 80, NULL, '2017-04-27 21:28:28', '2017-04-27 21:28:28'),
(1785, NULL, 300225827, 'MXD44001RC', NULL, NULL, 1, 69, '02002', 17, 181, NULL, '2017-04-27 21:28:28', '2017-04-27 21:28:28'),
(1786, NULL, 300225831, 'MXD44001Y1', NULL, NULL, 1, 69, '04002', 17, 5, NULL, '2017-04-27 21:28:28', '2017-04-27 21:28:28'),
(1787, NULL, 300225830, 'MXD44001Y8', NULL, NULL, 1, 69, '13001', 17, NULL, NULL, '2017-04-27 21:28:28', '2017-04-27 21:28:28'),
(1788, NULL, 300225823, 'MXD440022L', NULL, NULL, 1, 69, '07001', 17, 91, NULL, '2017-04-27 21:28:28', '2017-04-27 21:28:28'),
(1789, NULL, 300266360, 'MXJ6290CTG', NULL, NULL, 1, 7, '12010', 17, 186, NULL, '2017-04-27 21:28:28', '2017-04-27 21:28:28'),
(1790, NULL, 300266416, 'MXJ6290CV2', NULL, NULL, 1, 7, '11006', 17, 136, NULL, '2017-04-27 21:28:28', '2017-04-27 21:28:28'),
(1791, NULL, 300266344, 'MXJ63201N7', NULL, NULL, 1, 7, '11009', 17, 198, NULL, '2017-04-27 21:28:28', '2017-04-27 21:28:28'),
(1792, NULL, 300266376, 'MXJ63201PD', NULL, NULL, 1, 7, '12010', 17, 186, NULL, '2017-04-27 21:28:28', '2017-04-27 21:28:28'),
(1793, NULL, 300266352, 'MXJ6320INX', NULL, NULL, 1, 7, '01001', 17, 34, NULL, '2017-04-27 21:28:28', '2017-04-27 21:28:28'),
(1794, NULL, 300275358, 'MXJ647070GXQ', NULL, NULL, 1, 23, '06009', 17, 22, NULL, '2017-04-27 21:28:28', '2017-04-27 21:28:28'),
(1795, NULL, 300275352, 'MXJ647070GXR', NULL, NULL, 1, 23, '01001', 17, 34, NULL, '2017-04-27 21:28:28', '2017-04-27 21:28:28'),
(1796, NULL, 300275354, 'MXJ647070H6V', NULL, NULL, 1, 23, '07002', 17, 102, NULL, '2017-04-27 21:28:28', '2017-04-27 21:28:28'),
(1797, NULL, 300275344, 'MXJ6470GXT', NULL, NULL, 1, 23, '11006', 17, 136, NULL, '2017-04-27 21:28:28', '2017-04-27 21:28:28'),
(1798, NULL, 300275334, 'MXJ6470H6W', NULL, NULL, 1, 23, '12010', 17, 186, NULL, '2017-04-27 21:28:28', '2017-04-27 21:28:28'),
(1799, NULL, 300275335, 'MXJ702056B6', NULL, NULL, 1, 23, '07002', 17, 102, NULL, '2017-04-27 21:28:28', '2017-04-27 21:28:28'),
(1800, NULL, 300275348, 'MXJ70205B7', NULL, NULL, 1, 23, '12010', 17, 186, NULL, '2017-04-27 21:28:28', '2017-04-27 21:28:28'),
(1801, NULL, 300275355, 'MXJ70205BD', NULL, NULL, 1, 23, '06009', 17, 22, NULL, '2017-04-27 21:28:28', '2017-04-27 21:28:28'),
(1802, NULL, 300276319, 'MXJ71208P4', NULL, NULL, 1, 23, '18005', 17, 55, NULL, '2017-04-27 21:28:28', '2017-04-27 21:28:28'),
(1803, NULL, 300276320, 'MXJ71208P5', NULL, NULL, 1, 23, '18005', 17, 55, NULL, '2017-04-27 21:28:28', '2017-04-27 21:28:28'),
(1804, NULL, 300343687, 'MXJ84904BF', NULL, NULL, 1, 70, '16004', 17, 175, NULL, '2017-04-27 21:28:28', '2017-04-27 21:28:28'),
(1805, NULL, 300343699, 'MXJ84904BG', NULL, NULL, 1, 70, '07001', 17, 91, NULL, '2017-04-27 21:28:28', '2017-04-27 21:28:28'),
(1806, NULL, 300343691, 'MXJ84904BT', NULL, NULL, 1, 70, '07003', 17, 184, NULL, '2017-04-27 21:28:28', '2017-04-27 21:28:28'),
(1807, NULL, 300343681, 'MXJ84904BZ', NULL, NULL, 1, 70, '18007', 17, 101, NULL, '2017-04-27 21:28:28', '2017-04-27 21:28:28'),
(1808, NULL, 300343705, 'MXJ84904C1', NULL, NULL, 1, 70, '02006', 17, 203, NULL, '2017-04-27 21:28:28', '2017-04-27 21:28:28'),
(1809, NULL, 300343717, 'MXJ84904C2', NULL, NULL, 1, 11, '01007', 17, 8, NULL, '2017-04-27 21:28:28', '2017-04-27 21:28:28'),
(1810, NULL, 300343707, 'MXJ84904C7', NULL, NULL, 1, 70, '12003', 17, 76, NULL, '2017-04-27 21:28:28', '2017-04-27 21:28:28'),
(1811, NULL, 300343685, 'MXJ84904CC', NULL, NULL, 1, 70, '02005', 17, 169, NULL, '2017-04-27 21:28:28', '2017-04-27 21:28:28'),
(1812, NULL, 300343697, 'MXJ84904CD', NULL, NULL, 1, 70, '16004', 17, 175, NULL, '2017-04-27 21:28:28', '2017-04-27 21:28:28'),
(1813, NULL, 300343709, 'MXJ84904CF', NULL, NULL, 1, 70, '06021', 17, 161, NULL, '2017-04-27 21:28:28', '2017-04-27 21:28:28'),
(1814, NULL, 300208102, 'SBRJGR00208', NULL, NULL, 1, 21, '07001', 17, 91, NULL, '2017-04-27 21:28:28', '2017-04-27 21:28:28'),
(1815, NULL, 395173, 'SCNC041RCTP', NULL, NULL, 1, 26, '06021', 17, 161, NULL, '2017-04-27 21:28:28', '2017-04-27 21:28:28'),
(1816, NULL, 300258162, 'T328021425', NULL, NULL, 1, 86, '01001', 17, 34, NULL, '2017-04-27 21:28:28', '2017-04-27 21:28:28'),
(1817, NULL, 300258160, 'T328029111', NULL, NULL, 1, 86, '01001', 17, 34, NULL, '2017-04-27 21:28:28', '2017-04-27 21:28:28'),
(1818, NULL, 300258161, 'T328035268', NULL, NULL, 1, 86, '11010', 17, 117, NULL, '2017-04-27 21:28:28', '2017-04-27 21:28:28'),
(1819, NULL, 300224789, 'TU83998096', NULL, NULL, 1, 56, '07004', 17, 178, NULL, '2017-04-27 21:28:28', '2017-04-27 21:28:28'),
(1820, NULL, 300224788, 'TU83998107', NULL, NULL, 1, 56, '11001', 17, 94, NULL, '2017-04-27 21:28:28', '2017-04-27 21:28:28'),
(1821, NULL, 300224860, 'TU84019554', NULL, NULL, 1, 56, '18006', 17, 155, NULL, '2017-04-27 21:28:28', '2017-04-27 21:28:28'),
(1822, NULL, 300224790, 'TU84519814', NULL, NULL, 1, 56, '18003', 17, 162, NULL, '2017-04-27 21:28:28', '2017-04-27 21:28:28'),
(1823, NULL, 300224780, 'TU84520296', NULL, NULL, 1, 56, '09004', 17, 222, NULL, '2017-04-27 21:28:28', '2017-04-27 21:28:28'),
(1824, NULL, 300238245, 'TU86002907', NULL, NULL, 1, 56, '18006', 17, 155, NULL, '2017-04-27 21:28:28', '2017-04-27 21:28:28'),
(1825, NULL, 300205532, 'USCB829139', NULL, NULL, 1, 16, '08002', 17, NULL, NULL, '2017-04-27 21:28:28', '2017-04-27 21:28:28'),
(1826, NULL, 300205633, 'USCB829150', NULL, NULL, 1, 16, '12009', 17, 63, NULL, '2017-04-27 21:28:28', '2017-04-27 21:28:28'),
(1827, NULL, 409041, 'V1TVR39', NULL, NULL, 1, 107, '01009', 17, 14, NULL, '2017-04-27 21:28:28', '2017-04-27 21:28:28'),
(1828, NULL, 408992, 'V1TVR46', NULL, NULL, 1, 107, '06020', 17, 223, NULL, '2017-04-27 21:28:28', '2017-04-27 21:28:28'),
(1829, NULL, 409042, 'V1VNX65', NULL, NULL, 1, 107, '01009', 17, 14, NULL, '2017-04-27 21:28:28', '2017-04-27 21:28:28'),
(1830, NULL, 409037, 'V1YHG51', NULL, NULL, 1, 107, '12009', 17, 63, NULL, '2017-04-27 21:28:28', '2017-04-27 21:28:28'),
(1831, NULL, 409051, 'V1YTT09', NULL, NULL, 1, 107, '12009', 17, 63, NULL, '2017-04-27 21:28:28', '2017-04-27 21:28:28'),
(1832, NULL, 409019, 'V1YVY13', NULL, NULL, 1, 107, '12009', 17, 63, NULL, '2017-04-27 21:28:28', '2017-04-27 21:28:28'),
(1833, NULL, 515010080003967, 'VNB3277587', NULL, NULL, 1, 17, '09004', 17, 222, NULL, '2017-04-27 21:28:28', '2017-04-27 21:28:28'),
(1834, NULL, 515010080003970, 'VNB3277588', NULL, NULL, 1, 17, '11004', 17, NULL, NULL, '2017-04-27 21:28:28', '2017-04-27 21:28:28'),
(1835, NULL, 515010080003981, 'VNB3277593', NULL, NULL, 1, 17, '05001', 17, 82, NULL, '2017-04-27 21:28:28', '2017-04-27 21:28:28'),
(1836, NULL, 515010080003977, 'VNB3338369', NULL, NULL, 1, 17, '01001', 17, 34, NULL, '2017-04-27 21:28:28', '2017-04-27 21:28:28'),
(1837, NULL, 515010080004050, 'VNB3338524', NULL, NULL, 1, 17, '11004', 17, NULL, NULL, '2017-04-27 21:28:28', '2017-04-27 21:28:28'),
(1838, NULL, 409108, 'VNB3B41764', NULL, NULL, 1, 17, '13006', 17, 213, NULL, '2017-04-27 21:28:28', '2017-04-27 21:28:28'),
(1839, NULL, 409062, 'VNB3B50679', NULL, NULL, 1, 17, '06020', 17, 223, NULL, '2017-04-27 21:28:28', '2017-04-27 21:28:28'),
(1840, NULL, 409064, 'VNB3B50685', NULL, NULL, 1, 17, '12009', 17, 63, NULL, '2017-04-27 21:28:28', '2017-04-27 21:28:28'),
(1841, NULL, 409065, 'VNB3B50686', NULL, NULL, 1, 17, '13004', 17, 103, NULL, '2017-04-27 21:28:28', '2017-04-27 21:28:28'),
(1842, NULL, 409066, 'VNB3B50687', NULL, NULL, 1, 17, '17007', 17, 131, NULL, '2017-04-27 21:28:28', '2017-04-27 21:28:28'),
(1843, NULL, 409068, 'VNB3B50689', NULL, NULL, 1, 17, '13004', 17, 103, NULL, '2017-04-27 21:28:28', '2017-04-27 21:28:28'),
(1844, NULL, 409070, 'VNB3B50691', NULL, NULL, 1, 17, '18007', 17, 101, NULL, '2017-04-27 21:28:28', '2017-04-27 21:28:28'),
(1845, NULL, 409072, 'VNB3B50693', NULL, NULL, 1, 17, '18001', 17, 207, NULL, '2017-04-27 21:28:28', '2017-04-27 21:28:28'),
(1846, NULL, 409074, 'VNB3B50695', NULL, NULL, 1, 17, '01008', 17, 134, NULL, '2017-04-27 21:28:28', '2017-04-27 21:28:28'),
(1847, NULL, 409077, 'VNB3B50699', NULL, NULL, 1, 17, '15001', 17, 191, NULL, '2017-04-27 21:28:28', '2017-04-27 21:28:28'),
(1848, NULL, 409078, 'VNB3B50702', NULL, NULL, 1, 17, '12009', 17, 63, NULL, '2017-04-27 21:28:28', '2017-04-27 21:28:28'),
(1849, NULL, 409081, 'VNB3B50753', NULL, NULL, 1, 17, '04007', 17, 81, NULL, '2017-04-27 21:28:28', '2017-04-27 21:28:28'),
(1850, NULL, 409082, 'VNB3B50755', NULL, NULL, 1, 17, '08003', 17, 195, NULL, '2017-04-27 21:28:28', '2017-04-27 21:28:28'),
(1851, NULL, 409083, 'VNB3B50757', NULL, NULL, 1, 17, '12009', 17, 63, NULL, '2017-04-27 21:28:28', '2017-04-27 21:28:28'),
(1852, NULL, 409084, 'VNB3B50760', NULL, NULL, 1, 17, '12009', 17, 63, NULL, '2017-04-27 21:28:28', '2017-04-27 21:28:28'),
(1853, NULL, 409085, 'VNB3B50762', NULL, NULL, 1, 17, '14006', 17, 149, NULL, '2017-04-27 21:28:28', '2017-04-27 21:28:28'),
(1854, NULL, 409086, 'VNB3B50763', NULL, NULL, 1, 17, '15001', 17, 191, NULL, '2017-04-27 21:28:28', '2017-04-27 21:28:28'),
(1855, NULL, 409089, 'VNB3D35435', NULL, NULL, 1, 17, '15001', 17, 191, NULL, '2017-04-27 21:28:28', '2017-04-27 21:28:28'),
(1856, NULL, 409090, 'VNB3D35440', NULL, NULL, 1, 17, '01008', 17, 134, NULL, '2017-04-27 21:28:28', '2017-04-27 21:28:28'),
(1857, NULL, 409091, 'VNB3D35453', NULL, NULL, 1, 17, '10003', 17, 111, NULL, '2017-04-27 21:28:28', '2017-04-27 21:28:28'),
(1858, NULL, 409092, 'VNB3D35454', NULL, NULL, 1, 17, '13006', 17, 213, NULL, '2017-04-27 21:28:28', '2017-04-27 21:28:28'),
(1859, NULL, 409093, 'VNB3D35455', NULL, NULL, 1, 17, '10003', 17, 111, NULL, '2017-04-27 21:28:28', '2017-04-27 21:28:28'),
(1860, NULL, 409094, 'VNB3D35456', NULL, NULL, 1, 17, '04007', 17, 81, NULL, '2017-04-27 21:28:28', '2017-04-27 21:28:28'),
(1861, NULL, 409095, 'VNB3D35457', NULL, NULL, 1, 17, '18003', 17, 162, NULL, '2017-04-27 21:28:28', '2017-04-27 21:28:28'),
(1862, NULL, 409096, 'VNB3D35458', NULL, NULL, 1, 17, '02006', 17, 203, NULL, '2017-04-27 21:28:28', '2017-04-27 21:28:28'),
(1863, NULL, 409097, 'VNB3D35459', NULL, NULL, 1, 17, '01008', 17, 134, NULL, '2017-04-27 21:28:28', '2017-04-27 21:28:28'),
(1864, NULL, 409098, 'VNB3D35460', NULL, NULL, 1, 17, '01005', 17, 208, NULL, '2017-04-27 21:28:28', '2017-04-27 21:28:28'),
(1865, NULL, 409099, 'VNB3D35464', NULL, NULL, 1, 17, '09001', 17, 211, NULL, '2017-04-27 21:28:28', '2017-04-27 21:28:28'),
(1866, NULL, 409100, 'VNB3D35466', NULL, NULL, 1, 17, '14002', 17, 197, NULL, '2017-04-27 21:28:28', '2017-04-27 21:28:28'),
(1867, NULL, 409101, 'VNB3D35467', NULL, NULL, 1, 17, '13006', 17, 213, NULL, '2017-04-27 21:28:28', '2017-04-27 21:28:28'),
(1868, NULL, 409102, 'VNB3D35468', NULL, NULL, 1, 17, '12004', 17, 204, NULL, '2017-04-27 21:28:28', '2017-04-27 21:28:28'),
(1869, NULL, 409103, 'VNB3D35689', NULL, NULL, 1, 17, '12004', 17, 204, NULL, '2017-04-27 21:28:28', '2017-04-27 21:28:28'),
(1870, NULL, 409104, 'VNB3D35696', NULL, NULL, 1, 17, '12004', 17, 204, NULL, '2017-04-27 21:28:28', '2017-04-27 21:28:28'),
(1871, NULL, 409105, 'VNB3D35697', NULL, NULL, 1, 17, '18003', 17, 162, NULL, '2017-04-27 21:28:28', '2017-04-27 21:28:28'),
(1872, NULL, 409076, 'VNB3D35698', NULL, NULL, 1, 17, '13004', 17, 103, NULL, '2017-04-27 21:28:28', '2017-04-27 21:28:28'),
(1873, NULL, 409052, 'VNB3D35699', NULL, NULL, 1, 17, '10005', 17, 73, NULL, '2017-04-27 21:28:28', '2017-04-27 21:28:28'),
(1874, NULL, 409053, 'VNB3D35701', NULL, NULL, 1, 17, '13004', 17, 103, NULL, '2017-04-27 21:28:28', '2017-04-27 21:28:28'),
(1875, NULL, 409054, 'VNB3D35702', NULL, NULL, 1, 17, '01009', 17, 14, NULL, '2017-04-27 21:28:28', '2017-04-27 21:28:28'),
(1876, NULL, 409056, 'VNB3D35704', NULL, NULL, 1, 17, '12009', 17, 63, NULL, '2017-04-27 21:28:28', '2017-04-27 21:28:28'),
(1877, NULL, 409057, 'VNB3D35706', NULL, NULL, 1, 17, '12009', 17, 63, NULL, '2017-04-27 21:28:28', '2017-04-27 21:28:28'),
(1878, NULL, 409058, 'VNB3D35707', NULL, NULL, 1, 17, '12009', 17, 63, NULL, '2017-04-27 21:28:28', '2017-04-27 21:28:28'),
(1879, NULL, 409060, 'VNB3D35708', NULL, NULL, 1, 17, '12009', 17, 63, NULL, '2017-04-27 21:28:28', '2017-04-27 21:28:28'),
(1880, NULL, 409109, 'VNB3G08598', NULL, NULL, 1, 17, '18003', 17, 162, NULL, '2017-04-27 21:28:28', '2017-04-27 21:28:28'),
(1881, NULL, 409110, 'VNB3G08599', NULL, NULL, 1, 17, '02006', 17, 203, NULL, '2017-04-27 21:28:28', '2017-04-27 21:28:28'),
(1882, NULL, 395063, 'VNB3M06274', NULL, NULL, 1, 17, '12007', 17, 202, NULL, '2017-04-27 21:28:28', '2017-04-27 21:28:28'),
(1883, NULL, 395062, 'VNB3M06292', NULL, NULL, 1, 17, '04008', 17, 58, NULL, '2017-04-27 21:28:28', '2017-04-27 21:28:28'),
(1884, NULL, 395059, 'VNB3M06310', NULL, NULL, 1, 17, '12007', 17, 202, NULL, '2017-04-27 21:28:28', '2017-04-27 21:28:28'),
(1885, NULL, 395070, 'VNB3M06314', NULL, NULL, 1, 17, '10005', 17, 73, NULL, '2017-04-27 21:28:28', '2017-04-27 21:28:28'),
(1886, NULL, 395075, 'VNB3M06327', NULL, NULL, 1, 17, '17001', 17, 143, NULL, '2017-04-27 21:28:28', '2017-04-27 21:28:28'),
(1887, NULL, 395068, 'VNB3M06362', NULL, NULL, 1, 17, '01007', 17, 8, NULL, '2017-04-27 21:28:28', '2017-04-27 21:28:28'),
(1888, NULL, 395064, 'VNB3M06465', NULL, NULL, 1, 17, '13004', 17, 103, NULL, '2017-04-27 21:28:28', '2017-04-27 21:28:28'),
(1889, NULL, 300258168, 'W0109776', NULL, NULL, 1, 73, '11004', 17, NULL, NULL, '2017-04-27 21:28:28', '2017-04-27 21:28:28'),
(1890, NULL, 300258173, 'W0109780', NULL, NULL, 1, 73, '13001', 17, NULL, NULL, '2017-04-27 21:28:28', '2017-04-27 21:28:28'),
(1891, NULL, 300258169, 'W0113996', NULL, NULL, 1, 73, '02001', 17, 121, NULL, '2017-04-27 21:28:28', '2017-04-27 21:28:28'),
(1892, NULL, 300269781, 'YJ9W710154704', NULL, NULL, 1, 2, '12010', 17, 186, NULL, '2017-04-27 21:28:28', '2017-04-27 21:28:28'),
(1893, NULL, 300269773, 'YJ9W710155302', NULL, NULL, 1, 94, '11006', 17, 136, NULL, '2017-04-27 21:28:28', '2017-04-27 21:28:28'),
(1894, NULL, 300269772, 'YJ9W710155358', NULL, NULL, 1, 94, '02001', 17, 121, NULL, '2017-04-27 21:28:28', '2017-04-27 21:28:28'),
(1895, NULL, 300269771, 'YJ9W710155545', NULL, NULL, 1, 94, '06009', 17, 22, NULL, '2017-04-27 21:28:28', '2017-04-27 21:28:28'),
(1896, NULL, 300269778, 'YJ9W710155794', NULL, NULL, 1, 52, '12010', 17, 186, NULL, '2017-04-27 21:28:28', '2017-04-27 21:28:28'),
(1897, NULL, 300266462, NULL, NULL, NULL, 1, 95, '01001', 17, 34, NULL, '2017-04-27 21:34:52', '2017-04-27 21:34:52'),
(1898, NULL, 300266463, NULL, NULL, NULL, 1, 92, '01001', 17, 34, NULL, '2017-04-27 21:34:52', '2017-04-27 21:34:52'),
(1899, NULL, 300266382, NULL, NULL, NULL, 1, 95, '02001', 17, 121, NULL, '2017-04-27 21:34:52', '2017-04-27 21:34:52'),
(1900, NULL, 300266383, NULL, NULL, NULL, 1, 92, '02001', 17, 121, NULL, '2017-04-27 21:34:52', '2017-04-27 21:34:52'),
(1901, NULL, 300266414, NULL, NULL, NULL, 1, 95, '02002', 17, 181, NULL, '2017-04-27 21:34:52', '2017-04-27 21:34:52'),
(1902, NULL, 300266415, NULL, NULL, NULL, 1, 92, '02002', 17, 181, NULL, '2017-04-27 21:34:52', '2017-04-27 21:34:52'),
(1903, NULL, 300319524, NULL, NULL, NULL, 1, 105, '09003', 17, 182, NULL, '2017-04-27 21:34:52', '2017-04-27 21:34:52'),
(1904, NULL, 300266367, NULL, NULL, NULL, 1, 92, '11001', 17, 94, NULL, '2017-04-27 21:34:52', '2017-04-27 21:34:52'),
(1905, NULL, 300266418, NULL, NULL, NULL, 1, 95, '11006', 17, 136, NULL, '2017-04-27 21:34:52', '2017-04-27 21:34:52'),
(1906, NULL, 300266419, NULL, NULL, NULL, 1, 92, '11006', 17, 136, NULL, '2017-04-27 21:34:52', '2017-04-27 21:34:52'),
(1907, NULL, 300266346, NULL, NULL, NULL, 1, 95, '11009', 17, 198, NULL, '2017-04-27 21:34:52', '2017-04-27 21:34:52'),
(1908, NULL, 300266347, NULL, NULL, NULL, 1, 92, '11009', 17, 198, NULL, '2017-04-27 21:34:52', '2017-04-27 21:34:52'),
(1909, NULL, 300206033, NULL, NULL, NULL, 1, 93, '12004', 17, 204, NULL, '2017-04-27 21:34:52', '2017-04-27 21:34:52'),
(1910, NULL, 300266362, NULL, NULL, NULL, 1, 95, '12010', 17, 186, NULL, '2017-04-27 21:34:52', '2017-04-27 21:34:52'),
(1911, NULL, 300266363, NULL, NULL, NULL, 1, 92, '12010', 17, 186, NULL, '2017-04-27 21:34:52', '2017-04-27 21:34:52'),
(1912, NULL, 300266378, NULL, NULL, NULL, 1, 95, '12010', 17, 186, NULL, '2017-04-27 21:34:52', '2017-04-27 21:34:52'),
(1913, NULL, 300266379, NULL, NULL, NULL, 1, 92, '12010', 17, 186, NULL, '2017-04-27 21:34:52', '2017-04-27 21:34:52'),
(1914, NULL, 300266351, NULL, NULL, NULL, 1, 92, '13003', 17, 92, NULL, '2017-04-27 21:34:52', '2017-04-27 21:34:52'),
(1915, NULL, 300232547, NULL, NULL, NULL, 1, 89, '13005', 17, 15, NULL, '2017-04-27 21:34:52', '2017-04-27 21:34:52'),
(1916, NULL, 300266439, NULL, NULL, NULL, 1, 92, '18002', 17, 13, NULL, '2017-04-27 21:34:52', '2017-04-27 21:34:52'),
(1917, NULL, 300266479, NULL, NULL, NULL, 1, 92, '18003', 17, 162, NULL, '2017-04-27 21:34:52', '2017-04-27 21:34:52'),
(1918, NULL, 300266491, NULL, NULL, NULL, 1, 92, '18006', 17, 155, NULL, '2017-04-27 21:34:52', '2017-04-27 21:34:52'),
(1919, NULL, 515010010003292, '3CR629038B', NULL, NULL, 1, 114, NULL, 15, 15, NULL, '2017-04-28 16:52:20', '2017-04-28 16:52:20'),
(1920, NULL, 515010010003287, '3CR62201BZ', NULL, NULL, 1, 114, NULL, 15, 15, NULL, '2017-04-28 16:52:20', '2017-04-28 16:52:20'),
(1921, NULL, 515010010003291, '3CR62106G0', NULL, NULL, 1, 114, NULL, 15, NULL, NULL, '2017-04-28 16:52:20', '2017-04-28 16:52:20'),
(1922, NULL, 515010010003286, '3CR62201B8', NULL, NULL, 1, 114, NULL, 15, 133, NULL, '2017-04-28 16:52:20', '2017-04-28 16:52:20'),
(1923, NULL, 515010010003288, '3CR62200D7', NULL, NULL, 1, 114, NULL, 8, 57, NULL, '2017-04-28 16:52:20', '2017-04-28 16:52:20'),
(1924, NULL, 515010010003285, '3CR629034Y', NULL, NULL, 1, 114, NULL, 15, 123, NULL, '2017-04-28 16:52:20', '2017-04-28 16:52:20'),
(1925, NULL, 515010010003293, '3CR621064F', NULL, NULL, 1, 114, NULL, 15, 142, NULL, '2017-04-28 16:52:20', '2017-04-28 16:52:20'),
(1926, NULL, 515010010003289, '3CR6220186', NULL, NULL, 1, 114, NULL, 8, 145, NULL, '2017-04-28 16:52:20', '2017-04-28 16:52:20'),
(1928, NULL, 515010010003290, '3CR629033D', NULL, NULL, 1, 114, NULL, 15, 215, NULL, '2017-04-28 16:54:30', '2017-04-28 16:54:30'),
(1929, NULL, 515010010003284, '3CR617032Z', NULL, NULL, 1, 114, NULL, 8, 230, NULL, '2017-04-28 16:54:30', '2017-04-28 16:54:30'),
(1930, NULL, 515010080004219, 'PHBHC37622', NULL, NULL, 1, 63, '06000', 18, NULL, NULL, '2017-04-28 16:54:30', '2017-04-28 16:54:30'),
(1931, NULL, 515010080004211, 'PHBHC46734', NULL, NULL, 1, 63, '06000', 18, NULL, NULL, '2017-04-28 16:54:30', '2017-04-28 16:54:30'),
(1932, NULL, 515010080004237, 'PHBHB39448', NULL, NULL, 1, 63, '06000', 18, NULL, NULL, '2017-04-28 16:54:30', '2017-04-28 16:54:30'),
(1933, NULL, 515010080004198, 'PHBHC37134', NULL, NULL, 1, 63, '06000', 18, NULL, NULL, '2017-04-28 16:54:30', '2017-04-28 16:54:30'),
(1934, NULL, 515010080004243, 'PHBHB50213', NULL, NULL, 1, 63, '06000', 18, NULL, NULL, '2017-04-28 16:54:30', '2017-04-28 16:54:30'),
(1935, NULL, 515010080004230, 'PHBHC56998', NULL, NULL, 1, 63, '06000', 18, NULL, NULL, '2017-04-28 16:54:30', '2017-04-28 16:54:30'),
(1936, NULL, 515010080004231, 'PHBHC56994', NULL, NULL, 1, 63, '06000', 18, NULL, NULL, '2017-04-28 16:54:30', '2017-04-28 16:54:30'),
(1937, NULL, 515010080004209, 'PHBHC56981', NULL, NULL, 1, 63, '06001', 18, 98, NULL, '2017-04-28 16:54:30', '2017-04-28 16:54:30'),
(1938, NULL, 515010080004223, 'PHBHC56984', NULL, NULL, 1, 63, '06001', 18, 98, NULL, '2017-04-28 16:54:30', '2017-04-28 16:54:30'),
(1939, NULL, 515010080004221, 'PHBHC57003', NULL, NULL, 1, 63, '06001', 18, 98, NULL, '2017-04-28 16:54:30', '2017-04-28 16:54:30'),
(1940, NULL, 515010080004199, 'PHBHC56986', NULL, NULL, 1, 63, '06001', 18, 98, NULL, '2017-04-28 16:54:30', '2017-04-28 16:54:30'),
(1941, NULL, 515010080004194, 'PHBHC47769', NULL, NULL, 1, 63, '06001', 18, 98, NULL, '2017-04-28 16:54:30', '2017-04-28 16:54:30'),
(1942, NULL, 515010080004204, 'PHBHC47772', NULL, NULL, 1, 63, '06001', 18, 98, NULL, '2017-04-28 16:54:30', '2017-04-28 16:54:30'),
(1943, NULL, 515010080004203, 'PHBHC47771', NULL, NULL, 1, 63, '06001', 18, 98, NULL, '2017-04-28 16:54:30', '2017-04-28 16:54:30'),
(1944, NULL, 515010080004241, 'PHBHB50206', NULL, NULL, 1, 63, '06001', 18, 98, NULL, '2017-04-28 16:54:30', '2017-04-28 16:54:30'),
(1945, NULL, 515010080004210, 'PHBHC37081', NULL, NULL, 1, 63, '06001', 18, 98, NULL, '2017-04-28 16:54:30', '2017-04-28 16:54:30'),
(1946, NULL, 515010080004205, 'PHBHC37129', NULL, NULL, 1, 63, '06001', 18, 98, NULL, '2017-04-28 16:54:30', '2017-04-28 16:54:30'),
(1947, NULL, 515010080004207, 'PHBHC57006', NULL, NULL, 1, 63, '06001', 18, 98, NULL, '2017-04-28 16:54:30', '2017-04-28 16:54:30'),
(1948, NULL, 515010080004228, 'PHBHC57002', NULL, NULL, 1, 63, '06001', 18, 98, NULL, '2017-04-28 16:54:30', '2017-04-28 16:54:30'),
(1949, NULL, 515010080004220, 'PHBHC47224', NULL, NULL, 1, 63, '06001', 18, 98, NULL, '2017-04-28 16:54:30', '2017-04-28 16:54:30'),
(1950, NULL, 515010080004208, 'PHBHC37130', NULL, NULL, 1, 63, '06001', 18, 98, NULL, '2017-04-28 16:54:30', '2017-04-28 16:54:30'),
(1951, NULL, 515010080004217, 'PHBHC56985', NULL, NULL, 1, 63, NULL, 1, NULL, NULL, '2017-04-28 16:54:30', '2017-04-28 16:54:30'),
(1952, NULL, 515010080004213, 'PHBHC37133', NULL, NULL, 1, 63, '01003', 17, 160, NULL, '2017-04-28 16:54:30', '2017-04-28 16:54:30'),
(1953, NULL, 515010080004229, 'PHBHC56991', NULL, NULL, 1, 63, '12009', 17, 63, NULL, '2017-04-28 16:54:30', '2017-04-28 16:54:30'),
(1954, NULL, 515010080004242, 'PHBHB39449', NULL, NULL, 1, 63, '01003', 17, 160, NULL, '2017-04-28 16:54:30', '2017-04-28 16:54:30'),
(1955, NULL, 515010080004251, 'PHBHD36638', NULL, NULL, 1, 63, '12009', 17, 63, NULL, '2017-04-28 16:54:30', '2017-04-28 16:54:30'),
(1956, NULL, 515010080004252, 'PHBHD36626', NULL, NULL, 1, 63, '17001', 17, 143, NULL, '2017-04-28 16:54:30', '2017-04-28 16:54:30'),
(1957, NULL, 515010080004225, 'PHBHC46726', NULL, NULL, 1, 63, NULL, 6, NULL, NULL, '2017-04-28 16:54:30', '2017-04-28 16:54:30'),
(1958, NULL, 515010080004238, 'PHBHB50354', NULL, NULL, 1, 63, NULL, 6, NULL, NULL, '2017-04-28 16:54:30', '2017-04-28 16:54:30'),
(1959, NULL, 515010080004216, 'PHBHC57008', NULL, NULL, 1, 63, NULL, 6, NULL, NULL, '2017-04-28 16:54:30', '2017-04-28 16:54:30'),
(1960, NULL, 515010080004200, 'PHBHC56987', NULL, NULL, 1, 63, NULL, 6, NULL, NULL, '2017-04-28 16:54:30', '2017-04-28 16:54:30'),
(1961, NULL, 515010080004253, 'PHBHD36640', NULL, NULL, 1, 63, NULL, 1, NULL, NULL, '2017-04-28 16:54:30', '2017-04-28 16:54:30'),
(1962, NULL, 515010080004234, 'PHBHB39446', NULL, NULL, 1, 63, NULL, 1, NULL, NULL, '2017-04-28 16:54:30', '2017-04-28 16:54:30'),
(1963, NULL, 515010080004232, 'PHBHB50215', NULL, NULL, 1, 63, NULL, 1, NULL, NULL, '2017-04-28 16:54:30', '2017-04-28 16:54:30'),
(1964, NULL, 515010080004246, 'PHBHF36040', NULL, NULL, 1, 63, NULL, 1, NULL, NULL, '2017-04-28 16:54:30', '2017-04-28 16:54:30'),
(1965, NULL, 515010080004239, 'PHBHB50212', NULL, NULL, 1, 63, NULL, 1, NULL, NULL, '2017-04-28 16:54:30', '2017-04-28 16:54:30'),
(1966, NULL, 515010080004244, 'PHBHB50208', NULL, NULL, 1, 63, NULL, 16, 33, NULL, '2017-04-28 16:54:30', '2017-04-28 16:54:30'),
(1968, NULL, 515010080004197, 'PHBHC47222', NULL, NULL, 1, 63, '06003', 17, 32, NULL, '2017-04-28 16:55:28', '2017-04-28 16:55:28'),
(1969, NULL, 515010080004248, 'PHBHF35657', NULL, NULL, 1, 63, NULL, 3, 75, NULL, '2017-04-28 16:55:28', '2017-04-28 16:55:28'),
(1970, NULL, 515010080004222, 'PHBHC56971', NULL, NULL, 1, 63, NULL, 8, 229, NULL, '2017-04-28 16:55:28', '2017-04-28 16:55:28'),
(1971, NULL, 515010080004255, 'PHB8J771VK', NULL, NULL, 1, 115, NULL, 15, 123, NULL, '2017-04-28 16:55:28', '2017-04-28 16:55:28'),
(1972, NULL, 515010080004212, 'PHBHC46741', NULL, NULL, 1, 63, '01008', 17, 134, NULL, '2017-04-28 16:55:28', '2017-04-28 16:55:28'),
(1973, NULL, 515010080004226, 'PHBHC46738', NULL, NULL, 1, 63, NULL, 19, NULL, NULL, '2017-04-28 16:55:28', '2017-04-28 16:55:28'),
(1974, NULL, 515010080004254, 'PHB8J772GJ', NULL, NULL, 1, 115, NULL, 8, 230, NULL, '2017-04-28 16:55:28', '2017-04-28 16:55:28'),
(1975, NULL, 515010080004195, 'PHBHC46728', NULL, NULL, 1, 63, NULL, 20, 244, NULL, '2017-04-28 16:55:28', '2017-04-28 16:55:28'),
(1976, NULL, 515010080004196, 'PHBHC46736', NULL, NULL, 1, 63, NULL, 20, 244, NULL, '2017-04-28 16:55:28', '2017-04-28 16:55:28'),
(1977, NULL, 515010080004201, 'PHBHC46715', NULL, NULL, 1, 63, NULL, 20, 244, NULL, '2017-04-28 16:55:28', '2017-04-28 16:55:28'),
(1978, NULL, 515010080004202, 'PHBHC47775', NULL, NULL, 1, 63, NULL, 20, 244, NULL, '2017-04-28 16:55:28', '2017-04-28 16:55:28'),
(1979, NULL, 515010080004206, 'PHBHC47227', NULL, NULL, 1, 63, NULL, 20, 244, NULL, '2017-04-28 16:55:28', '2017-04-28 16:55:28'),
(1980, NULL, 515010080004214, 'PHBHC37128', NULL, NULL, 1, 63, NULL, 20, 244, NULL, '2017-04-28 16:55:28', '2017-04-28 16:55:28'),
(1981, NULL, 515010080004215, 'PHBHC56989', NULL, NULL, 1, 63, NULL, 20, 244, NULL, '2017-04-28 16:55:28', '2017-04-28 16:55:28'),
(1982, NULL, 515010080004218, 'PHBHC46737', NULL, NULL, 1, 63, NULL, 20, 244, NULL, '2017-04-28 16:55:28', '2017-04-28 16:55:28'),
(1983, NULL, 515010080004224, 'PHBHC47777', NULL, NULL, 1, 63, NULL, 20, 244, NULL, '2017-04-28 16:55:28', '2017-04-28 16:55:28'),
(1984, NULL, 515010080004227, 'PHBHC47223', NULL, NULL, 1, 63, NULL, 20, 244, NULL, '2017-04-28 16:55:28', '2017-04-28 16:55:28'),
(1985, NULL, 515010080004233, 'PHBHB50422', NULL, NULL, 1, 63, NULL, 20, 244, NULL, '2017-04-28 16:55:28', '2017-04-28 16:55:28'),
(1986, NULL, 515010080004235, 'PHBHB50202', NULL, NULL, 1, 63, NULL, 20, 244, NULL, '2017-04-28 16:55:28', '2017-04-28 16:55:28'),
(1987, NULL, 515010080004236, 'PHBHB50216', NULL, NULL, 1, 63, NULL, 20, 244, NULL, '2017-04-28 16:55:28', '2017-04-28 16:55:28'),
(1988, NULL, 515010080004240, 'PHBHB50210', NULL, NULL, 1, 63, NULL, 20, 244, NULL, '2017-04-28 16:55:28', '2017-04-28 16:55:28'),
(1989, NULL, 515010080004245, 'PHBHF35648', NULL, NULL, 1, 63, NULL, 20, 244, NULL, '2017-04-28 16:55:28', '2017-04-28 16:55:28'),
(1990, NULL, 515010080004247, 'PHBHF36032', NULL, NULL, 1, 63, NULL, 20, 244, NULL, '2017-04-28 16:55:28', '2017-04-28 16:55:28');
INSERT INTO `inventarios` (`id`, `folio_resguardo`, `numero_inventario`, `numero_serie`, `comentario_baja`, `fecha_baja`, `status`, `modelo_id`, `oficialia_id`, `area_id`, `responsable_id`, `resguardo_id`, `created_at`, `updated_at`) VALUES
(1991, NULL, 515010080004249, 'PHBHF35650', NULL, NULL, 1, 63, NULL, 20, 244, NULL, '2017-04-28 16:55:28', '2017-04-28 16:55:28'),
(1992, NULL, 515010080004250, 'PHBHD36639', NULL, NULL, 1, 63, NULL, 20, 244, NULL, '2017-04-28 16:55:28', '2017-04-28 16:55:28'),
(1993, NULL, 515010080004256, 'PHB8J7700Z', NULL, NULL, 1, 115, NULL, 20, 244, NULL, '2017-04-28 16:55:28', '2017-04-28 16:55:28'),
(1994, NULL, 515010080004257, 'PHB8J7700M', NULL, NULL, 1, 115, NULL, 20, 244, NULL, '2017-04-28 16:55:28', '2017-04-28 16:55:28'),
(1995, NULL, 515010030009555, '6CM6270283', NULL, NULL, 1, 116, NULL, 15, 15, NULL, '2017-04-28 16:55:28', '2017-04-28 16:55:28'),
(1996, NULL, 515010030009557, '6CM62702VH', NULL, NULL, 1, 116, NULL, 15, 15, NULL, '2017-04-28 16:55:28', '2017-04-28 16:55:28'),
(1997, NULL, 515010030009554, '6CM627027L', NULL, NULL, 1, 116, NULL, 15, NULL, NULL, '2017-04-28 16:55:28', '2017-04-28 16:55:28'),
(1998, NULL, 515010030009562, '6CM62702GW', NULL, NULL, 1, 116, NULL, 15, 133, NULL, '2017-04-28 16:55:28', '2017-04-28 16:55:28'),
(1999, NULL, 515010030009563, '6CM62702VD', NULL, NULL, 1, 116, NULL, 8, 57, NULL, '2017-04-28 16:55:28', '2017-04-28 16:55:28'),
(2000, NULL, 515010030009560, '6CM62702VC', NULL, NULL, 1, 116, NULL, 15, 123, NULL, '2017-04-28 16:55:28', '2017-04-28 16:55:28'),
(2001, NULL, 515010030009561, '6CM627027S', NULL, NULL, 1, 116, NULL, 15, 142, NULL, '2017-04-28 16:55:28', '2017-04-28 16:55:28'),
(2002, NULL, 515010030009556, '6CM62702V6', NULL, NULL, 1, 116, NULL, 8, 145, NULL, '2017-04-28 16:55:28', '2017-04-28 16:55:28'),
(2003, NULL, 515010030009559, '6CM6270285', NULL, NULL, 1, 116, NULL, 15, 215, NULL, '2017-04-28 16:55:28', '2017-04-28 16:55:28'),
(2004, NULL, 515010030009558, '6CM627027R', NULL, NULL, 1, 116, NULL, 8, 230, NULL, '2017-04-28 16:55:28', '2017-04-28 16:55:28'),
(2005, NULL, NULL, 'E16H04142', NULL, NULL, 1, 117, '18005', 17, 55, NULL, '2017-04-28 16:55:28', '2017-04-28 16:55:28'),
(2006, NULL, NULL, 'E16H04657', NULL, NULL, 1, 117, NULL, 15, 15, NULL, '2017-04-28 16:55:28', '2017-04-28 16:55:28'),
(2008, NULL, NULL, 'E16H04906', NULL, NULL, 1, 117, NULL, 15, 2, NULL, '2017-04-28 16:58:55', '2017-04-28 16:58:55'),
(2010, NULL, NULL, 'E16H04374', NULL, NULL, 1, 117, '06026', 17, 225, NULL, '2017-04-28 17:00:51', '2017-04-28 17:00:51'),
(2011, NULL, NULL, 'E16H04104', NULL, NULL, 1, 117, '06000', 15, 244, NULL, '2017-04-28 17:00:51', '2017-04-28 17:00:51'),
(2012, NULL, NULL, 'E16A14744', NULL, NULL, 1, 117, NULL, 15, 123, NULL, '2017-04-28 17:00:51', '2017-04-28 17:00:51'),
(2013, NULL, NULL, 'E16H04912', NULL, NULL, 1, 117, '17002', 17, 243, NULL, '2017-04-28 17:00:51', '2017-04-28 17:00:51'),
(2014, NULL, NULL, 'E16H16993', NULL, NULL, 1, 117, NULL, 15, 218, NULL, '2017-04-28 17:00:51', '2017-04-28 17:00:51'),
(2016, NULL, NULL, 'E16H04663', NULL, NULL, 1, 117, '06025', 17, 50, NULL, '2017-04-28 17:02:46', '2017-04-28 17:02:46'),
(2017, NULL, NULL, 'E16H04673', NULL, NULL, 1, 117, NULL, 15, 232, NULL, '2017-04-28 17:02:46', '2017-04-28 17:02:46'),
(2018, NULL, NULL, 'E16H04370', NULL, NULL, 1, 117, NULL, 8, 150, NULL, '2017-04-28 17:02:46', '2017-04-28 17:02:46'),
(2019, NULL, NULL, 'E16H04659', NULL, NULL, 1, 117, NULL, 15, 31, NULL, '2017-04-28 17:02:46', '2017-04-28 17:02:46'),
(2020, NULL, NULL, 'E16H04675', NULL, NULL, 1, 117, NULL, 20, 244, NULL, '2017-04-28 17:02:46', '2017-04-28 17:33:36'),
(2021, NULL, NULL, 'E16H04148', NULL, NULL, 1, 117, NULL, 20, 244, NULL, '2017-04-28 17:02:46', '2017-04-28 17:02:46'),
(2022, NULL, NULL, 'E16H17010', NULL, NULL, 1, 117, NULL, 20, 244, NULL, '2017-04-28 17:02:46', '2017-04-28 17:02:46'),
(2023, NULL, NULL, 'E16H17011', NULL, NULL, 1, 117, NULL, 20, 244, NULL, '2017-04-28 17:02:46', '2017-04-28 17:02:46'),
(2024, NULL, NULL, 'E16H04937', NULL, NULL, 1, 117, NULL, 20, 244, NULL, '2017-04-28 17:02:46', '2017-04-28 17:02:46'),
(2025, NULL, NULL, 'E16H04658', NULL, NULL, 1, 117, NULL, 20, 244, NULL, '2017-04-28 17:02:46', '2017-04-28 17:02:46'),
(2026, NULL, NULL, 'E16H04661', NULL, NULL, 1, 117, NULL, 20, 244, NULL, '2017-04-28 17:02:46', '2017-04-28 17:02:46'),
(2027, NULL, NULL, 'E16H04660', NULL, NULL, 1, 117, NULL, 20, 244, NULL, '2017-04-28 17:02:46', '2017-04-28 17:02:46'),
(2028, NULL, NULL, 'E16H04686', NULL, NULL, 1, 117, NULL, 20, 244, NULL, '2017-04-28 17:02:46', '2017-04-28 17:02:46'),
(2029, NULL, NULL, 'E16H04687', NULL, NULL, 1, 117, NULL, 20, 244, NULL, '2017-04-28 17:02:46', '2017-04-28 17:02:46'),
(2030, NULL, NULL, 'E16H04678', NULL, NULL, 1, 117, NULL, 20, 244, NULL, '2017-04-28 17:02:46', '2017-04-28 17:02:46'),
(2031, NULL, NULL, 'E16H04667', NULL, NULL, 1, 117, NULL, 20, 244, NULL, '2017-04-28 17:02:46', '2017-04-28 17:02:46'),
(2032, NULL, NULL, 'E16I04057', NULL, NULL, 1, 117, NULL, 20, 244, NULL, '2017-04-28 17:02:46', '2017-04-28 17:02:46'),
(2033, NULL, NULL, 'E16H17002', NULL, NULL, 1, 117, NULL, 20, 244, NULL, '2017-04-28 17:02:46', '2017-04-28 17:02:46'),
(2034, NULL, NULL, 'E16H17021', NULL, NULL, 1, 117, NULL, 20, 244, NULL, '2017-04-28 17:02:46', '2017-04-28 17:02:46'),
(2035, NULL, NULL, 'E16H04910', NULL, NULL, 1, 117, NULL, 20, 244, NULL, '2017-04-28 17:02:46', '2017-04-28 17:02:46'),
(2036, NULL, NULL, 'E16H04924', NULL, NULL, 1, 117, NULL, 20, 244, NULL, '2017-04-28 17:02:46', '2017-04-28 17:02:46'),
(2037, NULL, NULL, 'E16H17032', NULL, NULL, 1, 117, NULL, 20, 244, NULL, '2017-04-28 17:02:46', '2017-04-28 17:02:46');

-- --------------------------------------------------------

--
-- Estructura de tabla para la tabla `marcas`
--

CREATE TABLE `marcas` (
  `id` int(11) NOT NULL,
  `marca` varchar(255) COLLATE utf8_unicode_ci NOT NULL,
  `created_at` timestamp NULL DEFAULT NULL,
  `updated_at` timestamp NULL DEFAULT NULL
) ENGINE=InnoDB DEFAULT CHARSET=utf8 COLLATE=utf8_unicode_ci;

--
-- Volcado de datos para la tabla `marcas`
--

INSERT INTO `marcas` (`id`, `marca`, `created_at`, `updated_at`) VALUES
(1, '3COM', '2017-03-31 20:19:59', NULL),
(2, 'ACER', '2017-03-31 20:19:59', NULL),
(3, 'ALCATEL', '2017-03-31 20:19:59', NULL),
(4, 'BTC', '2017-03-31 20:19:59', NULL),
(5, 'CDP', '2017-03-31 20:19:59', NULL),
(6, 'CENTRA', '2017-03-31 20:19:59', NULL),
(7, 'CISCO', '2017-03-31 20:19:59', NULL),
(8, 'COMPAQ', '2017-03-31 20:19:59', NULL),
(9, 'DATASHIELD', '2017-03-31 20:19:59', NULL),
(10, 'DELL', '2017-03-31 20:19:59', NULL),
(11, 'DIGITAL', '2017-03-31 20:19:59', NULL),
(12, 'DTK', '2017-03-31 20:19:59', NULL),
(13, 'ENCORE', '2017-03-31 20:19:59', NULL),
(14, 'EPSON', '2017-03-31 20:19:59', NULL),
(15, 'ERICSSON', '2017-03-31 20:19:59', NULL),
(16, 'HP', '2017-03-31 20:19:59', NULL),
(17, 'KODAK', '2017-03-31 20:19:59', NULL),
(18, 'KYOCERA', '2017-03-31 20:19:59', NULL),
(19, 'LENOVO', '2017-03-31 20:19:59', NULL),
(20, 'MICROSOFT', '2017-03-31 20:19:59', NULL),
(21, 'KONICA MINOLTA', '2017-03-31 20:19:59', NULL),
(22, 'MOTOROLA', '2017-03-31 20:19:59', NULL),
(23, 'OCTEK', '2017-03-31 20:19:59', NULL),
(24, 'Q-MATIC', '2017-03-31 20:19:59', NULL),
(25, 'ISB (SOLA BASIC)', '2017-03-31 20:19:59', NULL),
(26, 'TATUNG', '2017-03-31 20:19:59', NULL),
(27, 'TREKKER', '2017-03-31 20:19:59', NULL),
(28, 'VICA', '2017-03-31 20:19:59', NULL),
(29, 'VIEW SONIC', '2017-03-31 20:19:59', NULL),
(30, 'OLYMPIA', '2017-04-06 21:11:20', '2017-04-06 21:11:20'),
(31, 'SIN MARCA', '2017-04-26 16:56:45', '2017-04-26 16:56:45'),
(32, 'MICROVOLT', '2017-04-26 17:20:40', '2017-04-26 17:20:40'),
(33, 'NO REGISTRADA', '2017-04-26 17:46:00', '2017-04-26 17:46:00'),
(34, 'PUSH', '2017-04-26 18:14:32', '2017-04-26 18:14:32'),
(35, 'ORINOCO', '2017-04-26 18:19:35', '2017-04-26 18:19:35');

-- --------------------------------------------------------

--
-- Estructura de tabla para la tabla `marca_subgrupo`
--

CREATE TABLE `marca_subgrupo` (
  `id` int(10) UNSIGNED NOT NULL,
  `marca_id` int(11) NOT NULL,
  `subgrupo_id` int(11) NOT NULL,
  `created_at` timestamp NULL DEFAULT NULL,
  `updated_at` timestamp NULL DEFAULT NULL
) ENGINE=InnoDB DEFAULT CHARSET=utf8 COLLATE=utf8_unicode_ci;

--
-- Volcado de datos para la tabla `marca_subgrupo`
--

INSERT INTO `marca_subgrupo` (`id`, `marca_id`, `subgrupo_id`, `created_at`, `updated_at`) VALUES
(1, 1, 6, '2017-03-31 20:20:00', NULL),
(2, 1, 20, '2017-03-31 20:20:00', NULL),
(3, 5, 13, '2017-03-31 20:20:00', NULL),
(4, 6, 13, '2017-03-31 20:20:00', NULL),
(6, 7, 23, '2017-03-31 20:20:00', NULL),
(7, 8, 11, '2017-03-31 20:20:00', NULL),
(8, 8, 21, '2017-03-31 20:20:00', NULL),
(9, 11, 21, '2017-03-31 20:20:00', NULL),
(10, 13, 20, '2017-03-31 20:20:00', NULL),
(11, 15, 22, '2017-03-31 20:20:00', NULL),
(12, 16, 1, '2017-03-31 20:20:00', NULL),
(13, 16, 7, '2017-03-31 20:20:00', NULL),
(14, 16, 10, '2017-03-31 20:20:00', NULL),
(15, 16, 11, '2017-03-31 20:20:00', NULL),
(16, 16, 12, '2017-03-31 20:20:00', NULL),
(17, 16, 17, '2017-03-31 20:20:00', NULL),
(18, 16, 18, '2017-03-31 20:20:00', NULL),
(19, 16, 21, '2017-03-31 20:20:00', NULL),
(20, 18, 7, '2017-03-31 20:20:00', NULL),
(21, 20, 21, '2017-03-31 20:20:00', NULL),
(22, 25, 13, '2017-03-31 20:20:00', NULL),
(23, 25, 14, '2017-03-31 20:20:00', NULL),
(24, 14, 17, '2017-03-31 20:20:00', NULL),
(25, 21, 17, '2017-03-31 20:20:00', NULL),
(26, 23, 1, '2017-03-31 20:20:00', NULL),
(27, 24, 7, '2017-03-31 20:20:00', NULL),
(28, 26, 11, '2017-03-31 20:20:00', NULL),
(30, 28, 13, '2017-03-31 20:20:00', NULL),
(41, 27, 12, NULL, NULL),
(42, 7, 24, NULL, NULL),
(44, 5, 14, NULL, NULL),
(45, 12, 1, NULL, NULL),
(46, 8, 1, NULL, NULL),
(47, 16, 2, NULL, NULL),
(48, 32, 14, NULL, NULL),
(49, 3, 22, NULL, NULL),
(50, 31, 13, NULL, NULL),
(51, 31, 20, NULL, NULL),
(52, 33, 12, NULL, NULL),
(53, 33, 22, NULL, NULL),
(54, 22, 22, NULL, NULL),
(55, 34, 20, NULL, NULL),
(56, 33, 4, NULL, NULL),
(57, 35, 8, NULL, NULL),
(58, 4, 11, NULL, NULL),
(59, 33, 11, NULL, NULL),
(60, 33, 21, NULL, NULL),
(61, 29, 11, NULL, NULL),
(62, 31, 1, NULL, NULL),
(63, 19, 1, NULL, NULL),
(64, 31, 3, NULL, NULL),
(65, 17, 17, NULL, NULL),
(66, 31, 7, NULL, NULL),
(67, 19, 11, NULL, NULL),
(68, 8, 12, NULL, NULL),
(69, 9, 13, NULL, NULL),
(70, 9, 14, NULL, NULL),
(71, 2, 21, NULL, NULL),
(72, 4, 21, NULL, NULL);

-- --------------------------------------------------------

--
-- Estructura de tabla para la tabla `migrations`
--

CREATE TABLE `migrations` (
  `id` int(10) UNSIGNED NOT NULL,
  `migration` varchar(255) COLLATE utf8_unicode_ci NOT NULL,
  `batch` int(11) NOT NULL
) ENGINE=InnoDB DEFAULT CHARSET=utf8 COLLATE=utf8_unicode_ci;

--
-- Volcado de datos para la tabla `migrations`
--

INSERT INTO `migrations` (`id`, `migration`, `batch`) VALUES
(120, '2014_10_11_000000_create_perfiles_table', 1),
(121, '2014_10_12_000000_create_users_table', 1),
(122, '2014_10_12_100000_create_password_resets_table', 1),
(123, '2014_10_13_000000_create_admins_table', 1),
(124, '2017_02_28_185846_create_municipios_table', 1),
(125, '2017_02_28_190858_create_oficialias_table', 1),
(126, '2017_02_28_212012_create_marcas_table', 1),
(127, '2017_03_01_114149_create_grupos_table', 1),
(128, '2017_03_02_111749_create_subgrupos_table', 1),
(129, '2017_03_02_111859_create_caracteristicas_table', 1),
(130, '2017_03_02_111900_create_modelos_table', 1),
(131, '2017_03_02_112300_create_areas_table', 1),
(132, '2017_03_02_112310_create_responsables_table', 1),
(133, '2017_03_02_120636_create_resguardos_table', 1),
(134, '2017_03_02_122955_create_inventarios_table', 1),
(135, '2017_03_11_204928_create_marca_subgrupo_table', 1),
(136, '2017_03_22_134529_create_evidencias_table', 1);

-- --------------------------------------------------------

--
-- Estructura de tabla para la tabla `modelos`
--

CREATE TABLE `modelos` (
  `id` int(11) NOT NULL,
  `modelo` varchar(255) COLLATE utf8_unicode_ci NOT NULL,
  `marca_id` int(11) DEFAULT NULL,
  `caracteristica_id` int(11) DEFAULT NULL,
  `subgrupo_id` int(11) DEFAULT NULL,
  `created_at` timestamp NULL DEFAULT NULL,
  `updated_at` timestamp NULL DEFAULT NULL
) ENGINE=InnoDB DEFAULT CHARSET=utf8 COLLATE=utf8_unicode_ci;

--
-- Volcado de datos para la tabla `modelos`
--

INSERT INTO `modelos` (`id`, `modelo`, `marca_id`, `caracteristica_id`, `subgrupo_id`, `created_at`, `updated_at`) VALUES
(2, 'Officejet Pro 8100', 16, 2, 7, '2017-03-31 20:20:00', NULL),
(3, 'ProDesk 405 G1', 16, 3, 1, '2017-03-31 20:20:00', NULL),
(4, 's5502', 16, 4, 11, '2017-03-31 20:20:00', NULL),
(5, 'D220', 16, 5, 1, '2017-03-31 20:20:00', NULL),
(6, 'DC5850', 16, 6, 1, '2017-03-31 20:20:00', NULL),
(7, 'DC7600', 16, 7, 1, '2017-03-31 20:20:00', NULL),
(8, 'DX2000', 16, 8, 1, '2017-03-31 20:20:00', NULL),
(9, 'EVO D510', 16, 9, 1, '2017-03-31 20:20:00', NULL),
(11, 'L1710', 16, 11, 11, '2017-03-31 20:20:00', NULL),
(12, 'N895', 23, 12, 1, '2017-03-31 20:20:00', NULL),
(13, 'VECTRA VL400', 16, 13, 1, '2017-03-31 20:20:00', NULL),
(14, 'VECTRA VL420', 16, 14, 1, '2017-03-31 20:20:00', NULL),
(15, 'LaserJet 1100 (C4224A)', 16, 15, 7, '2017-03-31 20:20:00', NULL),
(16, 'LaserJet 1200', 16, 16, 7, '2017-03-31 20:20:00', NULL),
(17, 'LaserJet 2035 / P2035', 16, 17, 7, '2017-03-31 20:20:00', NULL),
(18, 'LaserJet 2420n / dn', 16, 18, 7, '2017-03-31 20:20:00', NULL),
(19, 'LaserJet 4050n', 16, 19, 7, '2017-03-31 20:20:00', NULL),
(20, 'LaserJet P3005', 16, 20, 7, '2017-03-31 20:20:00', NULL),
(21, 'LaserJet 2200', 16, 21, 7, '2017-03-31 20:20:00', NULL),
(22, 'LaserJet 2300', 16, 22, 7, '2017-03-31 20:20:00', NULL),
(23, 'Compaq dc5700', 16, 23, 1, '2017-03-31 20:20:00', NULL),
(24, 'LaserJet P2015', 16, 24, 7, '2017-03-31 20:20:00', NULL),
(25, 'V203p', 16, 25, 11, '2017-03-31 20:20:00', NULL),
(26, 'S1933', 16, 26, 11, '2017-03-31 20:20:00', NULL),
(27, 'W1952a', 8, 27, 11, '2017-03-31 20:20:00', NULL),
(29, 'MO42KC', 16, 29, 12, '2017-03-31 20:20:00', NULL),
(30, 'M-S34', 16, 30, 12, '2017-03-31 20:20:00', NULL),
(31, 'SR2000VA', 25, 31, 13, '2017-03-31 20:20:00', NULL),
(32, 'SR INET 480', 25, 32, 13, '2017-03-31 20:20:00', NULL),
(33, 'Microvolt INET', 25, 33, 14, '2017-03-31 20:20:00', NULL),
(34, 'Microvolt 2KVA (DN-21-202)', 25, 34, 14, '2017-03-31 20:20:00', NULL),
(35, 'PC 500', 25, 35, 14, '2017-03-31 20:20:00', NULL),
(36, 'GT 10000+ (G650B)', 14, 36, 17, '2017-03-31 20:20:00', NULL),
(37, 'PS7000', 21, 37, 17, '2017-03-31 20:20:00', NULL),
(38, 'ScanJet 7400C', 16, 38, 17, '2017-03-31 20:20:00', NULL),
(39, 'KB-0133', 8, 39, 21, '2017-03-31 20:20:00', NULL),
(40, 'KB-5926', 11, 40, 21, '2017-03-31 20:20:00', NULL),
(41, 'KB-9970', 16, 41, 21, '2017-03-31 20:20:00', NULL),
(42, 'RT9410', 20, 42, 21, '2017-03-31 20:20:00', NULL),
(43, 'Unified IP Phone 7911G', 7, 43, 23, '2017-03-31 20:20:00', NULL),
(44, 'Unified IP Phone 7941G', 7, 44, 23, '2017-03-31 20:20:00', NULL),
(45, 'L1520', 16, 45, 11, '2017-03-31 20:20:00', NULL),
(46, '54', 16, 46, 11, '2017-03-31 20:20:00', NULL),
(47, 'C5D1E-T02', 26, 47, 11, '2017-03-31 20:20:00', NULL),
(48, 's7540', 16, 48, 11, '2017-03-31 20:20:00', NULL),
(49, 'OFFICE 500VA', 28, 49, 13, '2017-03-31 20:20:00', NULL),
(50, 'B-Smart 706', 5, 50, 13, '2017-03-31 20:20:00', NULL),
(51, 'ENH908-NWY', 13, 51, 20, '2017-03-31 20:20:00', NULL),
(52, 'OfficeConnect 8/TPO', 1, 52, 6, '2017-03-31 20:20:00', NULL),
(53, 'Dialog 3105MW', 15, 53, 22, '2017-03-31 20:20:00', NULL),
(54, '500VA', 6, 54, 13, '2017-03-31 20:20:00', NULL),
(55, 'BP 2884', 24, 55, 7, '2017-03-31 20:20:00', NULL),
(56, 'Dialog 4222 Office', 15, 56, 22, '2017-03-31 20:20:00', NULL),
(58, 'FS-1200', 18, 58, 7, '2017-03-31 20:20:00', NULL),
(59, 'Compaq 6535b', 16, 59, 10, '2017-03-31 20:20:00', NULL),
(60, '3C17206-US', 1, 60, 20, '2017-03-31 20:20:00', NULL),
(61, 'Server tc2110', 16, 61, 18, '2017-03-31 20:20:00', NULL),
(62, '062-00097', 27, 28, 12, '2017-04-04 20:36:18', '2017-04-04 20:36:18'),
(63, 'M402N', 16, 63, 7, '2017-04-21 18:57:18', '2017-04-21 18:57:18'),
(64, '1811', 7, 51, 24, '2017-04-25 16:18:12', '2017-04-25 16:18:12'),
(65, 'MICRO SEA', 25, 64, 14, '2017-04-25 17:24:31', '2017-04-25 17:24:31'),
(66, 'SIN MODELO', 5, 65, 14, '2017-04-26 17:00:00', '2017-04-26 17:00:00'),
(67, 'SIN MODELO', 16, 65, 1, '2017-04-26 17:01:51', '2017-04-26 17:01:51'),
(68, 'SIN MODELO', 12, 65, 1, '2017-04-26 17:02:55', '2017-04-26 17:02:55'),
(69, 'EVO D220', 8, 66, 1, '2017-04-26 17:07:18', '2017-04-26 17:07:18'),
(70, 'DC5850', 8, 67, 1, '2017-04-26 17:10:29', '2017-04-26 17:10:29'),
(71, 'VECTRA VEI8 500 - D8181A', 16, 68, 2, '2017-04-26 17:14:08', '2017-04-26 17:14:08'),
(72, 'EVO', 16, 65, 1, '2017-04-26 17:15:23', '2017-04-26 17:15:23'),
(73, 'SIN MODELO', 32, 69, 14, '2017-04-26 17:21:01', '2017-04-26 17:21:01'),
(74, '1520', 16, 47, 11, '2017-04-26 17:22:36', '2017-04-26 17:22:36'),
(75, '2410', 3, 65, 22, '2017-04-26 17:25:28', '2017-04-26 17:25:28'),
(76, '280 VA', 31, 70, 13, '2017-04-26 17:27:36', '2017-04-26 17:27:36'),
(77, 'LaserJet 3300mfp', 16, 71, 7, '2017-04-26 17:31:33', '2017-04-26 17:31:33'),
(78, '3C-17206', 31, 60, 20, '2017-04-26 17:32:55', '2017-04-26 17:32:55'),
(79, 'ProDesk 405 G1 Microtower Business PC', 16, 72, 1, '2017-04-26 17:41:24', '2017-04-26 17:41:24'),
(80, '4199', 27, 65, 12, '2017-04-26 17:43:14', '2017-04-26 17:43:14'),
(81, '42KC', 33, 65, 12, '2017-04-26 17:46:30', '2017-04-26 17:46:30'),
(82, 'C2828A', 16, 65, 11, '2017-04-26 17:50:40', '2017-04-26 17:50:40'),
(83, 'Scanjet C7710A', 16, 65, 17, '2017-04-26 17:55:52', '2017-04-26 17:55:52'),
(84, '52', 16, 46, 11, '2017-04-26 17:59:54', '2017-04-26 17:59:54'),
(85, 'KT-412875', 33, 65, 22, '2017-04-26 18:05:00', '2017-04-26 18:05:00'),
(86, 'RT-4128TS', 22, 65, 22, '2017-04-26 18:11:26', '2017-04-26 18:11:26'),
(87, 'SIN MODELO', 34, 65, 20, '2017-04-26 18:15:10', '2017-04-26 18:15:10'),
(88, 'SIN MODELO', 12, 73, 1, '2017-04-26 18:17:04', '2017-04-26 18:17:04'),
(89, 'SIN MODELO', 33, 65, 4, '2017-04-26 18:18:15', '2017-04-26 18:18:15'),
(90, 'SIN MODELO', 35, 65, 8, '2017-04-26 18:20:03', '2017-04-26 18:20:03'),
(91, 'SIN MODELO', 4, 75, 11, '2017-04-26 18:21:28', '2017-04-26 18:21:28'),
(92, 'SIN MODELO', 33, 65, 11, '2017-04-26 18:23:53', '2017-04-26 18:23:53'),
(93, 'SIN MODELO', 16, 65, 12, '2017-04-26 18:25:13', '2017-04-26 18:25:13'),
(94, 'SIN MODELO', 1, 51, 20, '2017-04-26 18:28:52', '2017-04-26 18:28:52'),
(95, 'SIN MODELO', 16, 65, 21, '2017-04-26 18:29:47', '2017-04-26 18:29:47'),
(96, 'SK-1688', 16, 65, 21, '2017-04-26 18:31:56', '2017-04-26 18:31:56'),
(97, 'VCDTS21384-IM', 29, 76, 11, '2017-04-26 18:35:27', '2017-04-26 18:35:27'),
(98, 'SIN MODELO', 31, 77, 1, '2017-04-26 18:39:09', '2017-04-26 18:39:09'),
(99, '6005 Pro', 8, 78, 1, '2017-04-26 18:40:47', '2017-04-26 18:40:47'),
(100, 'Elite 8100', 8, 79, 1, '2017-04-26 18:44:50', '2017-04-26 18:44:50'),
(101, 'SIN MODELO', 19, 65, 1, '2017-04-26 18:45:32', '2017-04-26 18:45:32'),
(102, 'SIN MODELO', 31, 65, 3, '2017-04-26 18:47:00', '2017-04-26 18:47:00'),
(103, 'SIN MODELO', 17, 65, 17, '2017-04-26 18:48:13', '2017-04-26 18:48:13'),
(104, 'SIN MODELO', 31, 55, 7, '2017-04-26 18:55:00', '2017-04-26 18:55:00'),
(105, 'SIN MODELO', 16, 65, 11, '2017-04-26 18:56:22', '2017-04-26 18:56:22'),
(106, 'SIN MODELO', 8, 80, 11, '2017-04-26 18:58:11', '2017-04-26 18:58:11'),
(107, 'SIN MODELO', 19, 65, 11, '2017-04-26 18:59:22', '2017-04-26 18:59:22'),
(108, 'SIN MODELO', 8, 65, 12, '2017-04-26 19:03:08', '2017-04-26 19:03:08'),
(109, 'SIN MODELO', 25, 65, 13, '2017-04-26 19:05:36', '2017-04-26 19:05:36'),
(110, 'SIN MODELO', 9, 65, 13, '2017-04-26 19:06:37', '2017-04-26 19:06:37'),
(111, 'SIN MODELO', 9, 65, 14, '2017-04-26 19:07:17', '2017-04-26 19:07:17'),
(112, 'SIN MODELO', 2, 65, 21, '2017-04-26 19:12:52', '2017-04-26 19:12:52'),
(113, 'SIN MODELO', 4, 65, 21, '2017-04-26 19:13:38', '2017-04-26 19:13:38'),
(114, '280 G1', 16, 81, 1, '2017-04-28 16:29:39', '2017-04-28 16:29:39'),
(115, 'LaserJet Pro MFP M426fdn', 16, 82, 7, '2017-04-28 16:33:46', '2017-04-28 16:33:46'),
(116, 'SIN MODELO', 16, 83, 11, '2017-04-28 16:35:14', '2017-04-28 16:35:14'),
(117, 'NBKS 1000', 25, 84, 13, '2017-04-28 16:42:32', '2017-04-28 16:42:32');

-- --------------------------------------------------------

--
-- Estructura de tabla para la tabla `municipios`
--

CREATE TABLE `municipios` (
  `id` int(11) NOT NULL,
  `municipio` varchar(255) COLLATE utf8_unicode_ci NOT NULL,
  `created_at` timestamp NULL DEFAULT NULL,
  `updated_at` timestamp NULL DEFAULT NULL
) ENGINE=InnoDB DEFAULT CHARSET=utf8 COLLATE=utf8_unicode_ci;

--
-- Volcado de datos para la tabla `municipios`
--

INSERT INTO `municipios` (`id`, `municipio`, `created_at`, `updated_at`) VALUES
(1, 'AHOME', '2017-03-31 20:19:49', NULL),
(2, 'ANGOSTURA', '2017-03-31 20:19:49', NULL),
(3, 'BADIRAGUATO', '2017-03-31 20:19:49', NULL),
(4, 'CONCORDIA', '2017-03-31 20:19:49', NULL),
(5, 'COSALA', '2017-03-31 20:19:49', NULL),
(6, 'CULIACAN', '2017-03-31 20:19:49', NULL),
(7, 'CHOIX', '2017-03-31 20:19:49', NULL),
(8, 'ELOTA', '2017-03-31 20:19:49', NULL),
(9, 'ESCUINAPA', '2017-03-31 20:19:49', NULL),
(10, 'EL FUERTE', '2017-03-31 20:19:49', NULL),
(11, 'GUASAVE', '2017-03-31 20:19:49', NULL),
(12, 'MAZATLAN', '2017-03-31 20:19:49', NULL),
(13, 'MOCORITO', '2017-03-31 20:19:49', NULL),
(14, 'ROSARIO', '2017-03-31 20:19:49', NULL),
(15, 'SALVADOR ALVARADO', '2017-03-31 20:19:49', NULL),
(16, 'SAN IGNACIO', '2017-03-31 20:19:49', NULL),
(17, 'SINALOA', '2017-03-31 20:19:49', NULL),
(18, 'NAVOLATO', '2017-03-31 20:19:49', NULL);

-- --------------------------------------------------------

--
-- Estructura de tabla para la tabla `oficialias`
--

CREATE TABLE `oficialias` (
  `id` varchar(255) COLLATE utf8_unicode_ci NOT NULL,
  `oficialia` varchar(255) COLLATE utf8_unicode_ci NOT NULL,
  `municipio_id` int(11) DEFAULT NULL,
  `created_at` timestamp NULL DEFAULT NULL,
  `updated_at` timestamp NULL DEFAULT NULL
) ENGINE=InnoDB DEFAULT CHARSET=utf8 COLLATE=utf8_unicode_ci;

--
-- Volcado de datos para la tabla `oficialias`
--

INSERT INTO `oficialias` (`id`, `oficialia`, `municipio_id`, `created_at`, `updated_at`) VALUES
('01001', 'VILLA DE AHOME', 1, '2017-03-31 20:19:49', NULL),
('01002', 'VILLA GUSTAVO DIAZ ORDAZ', 1, '2017-03-31 20:19:49', NULL),
('01003', 'UNIDAD ADMINISTRATIVA', 1, '2017-03-31 20:19:49', NULL),
('01004', 'TOPOLOBAMPO', 1, '2017-03-31 20:19:49', NULL),
('01005', 'SAN MIGUEL ZAPOTITLAN', 1, '2017-03-31 20:19:49', NULL),
('01006', 'HIGUERAS DE ZARAGOZA', 1, '2017-03-31 20:19:49', NULL),
('01007', 'HERIBERTO VALDEZ ROMERO', 1, '2017-03-31 20:19:49', NULL),
('01008', 'PLAZA FATIMA', 1, '2017-03-31 20:19:49', NULL),
('01009', 'I.M.S.S.', 1, '2017-03-31 20:19:49', NULL),
('01010', 'I.M.S.S. VILLA DE AHOME', 1, '2017-03-31 20:19:49', NULL),
('01885', 'SAN MIGUEL ZAPOTITLAN', 1, '2017-03-31 20:19:49', NULL),
('01886', 'UNIDAD ADMINISTRATIVA', 1, '2017-03-31 20:19:49', NULL),
('01887', 'TOPOLOBAMPO', 1, '2017-03-31 20:19:49', NULL),
('01888', 'PLAZA FATIMA', 1, '2017-03-31 20:19:49', NULL),
('01993', 'SAN MIGUEL ZAPOTITLAN', 1, '2017-03-31 20:19:49', NULL),
('01994', 'VILLA DE AHOME', 1, '2017-03-31 20:19:49', NULL),
('01996', 'VILLA GUSTAVO DIAZ ORDAZ', 1, '2017-03-31 20:19:49', NULL),
('01997', 'I.M.S.S.', 1, '2017-03-31 20:19:49', NULL),
('01998', 'PLAZA FATIMA', 1, '2017-03-31 20:19:49', NULL),
('01999', 'UNIDAD ADMINISTRATIVA', 1, '2017-03-31 20:19:49', NULL),
('02001', 'ANGOSTURA', 2, '2017-03-31 20:19:49', NULL),
('02002', 'ALHUEY', 2, '2017-03-31 20:19:49', NULL),
('02003', 'COL. AGRICOLA MEXICO', 2, '2017-03-31 20:19:49', NULL),
('02004', 'COL. AGRICOLA INDEPENDENCIA', 2, '2017-03-31 20:19:49', NULL),
('02005', 'GUSTAVO DIAZ ORDAZ (CPO. PLATA', 2, '2017-03-31 20:19:49', NULL),
('02006', 'LA ILAMA', 2, '2017-03-31 20:19:49', NULL),
('02007', 'LA REFORMA', 2, '2017-03-31 20:19:49', NULL),
('02887', 'LA REFORMA', 2, '2017-03-31 20:19:49', NULL),
('02888', 'ANGOSTURA', 2, '2017-03-31 20:19:49', NULL),
('02998', 'LA REFORMA', 2, '2017-03-31 20:19:49', NULL),
('02999', 'ANGOSTURA', 2, '2017-03-31 20:19:49', NULL),
('03001', 'BADIRAGUATO', 3, '2017-03-31 20:19:49', NULL),
('03002', 'CIENEGA DE LOS LARA', 3, '2017-03-31 20:19:49', NULL),
('03003', 'HIGUERA DE ALVAREZ DE BORBOA', 3, '2017-03-31 20:19:49', NULL),
('03004', 'GUATENIPA', 3, '2017-03-31 20:19:49', NULL),
('03005', 'OTATILLOS', 3, '2017-03-31 20:19:49', NULL),
('03006', 'SURUTATO', 3, '2017-03-31 20:19:49', NULL),
('03007', 'SAN JOSE DEL LLANO', 3, '2017-03-31 20:19:49', NULL),
('03008', 'SAN LUIS GONZAGA', 3, '2017-03-31 20:19:49', NULL),
('03009', 'SAN NICOLAS DEL SITIO', 3, '2017-03-31 20:19:49', NULL),
('03010', 'TAMEAPA', 3, '2017-03-31 20:19:49', NULL),
('03011', 'SAN JAVIER', 3, '2017-03-31 20:19:49', NULL),
('03888', 'BADIRAGUATO', 3, '2017-03-31 20:19:49', NULL),
('03999', 'BADIRAGUATO', 3, '2017-03-31 20:19:49', NULL),
('04001', 'CONCORDIA', 4, '2017-03-31 20:19:49', NULL),
('04002', 'TEPUXTA', 4, '2017-03-31 20:19:49', NULL),
('04003', 'AGUACALIENTE DE GARATE', 4, '2017-03-31 20:19:49', NULL),
('04004', 'ZAVALA', 4, '2017-03-31 20:19:49', NULL),
('04005', 'COPALA', 4, '2017-03-31 20:19:49', NULL),
('04006', 'PANUCO', 4, '2017-03-31 20:19:49', NULL),
('04007', 'MESILLAS', 4, '2017-03-31 20:19:49', NULL),
('04008', 'EL VERDE', 4, '2017-03-31 20:19:49', NULL),
('04009', 'SANTA LUCIA', 4, '2017-03-31 20:19:49', NULL),
('04887', 'EL VERDE', 4, '2017-03-31 20:19:49', NULL),
('04888', 'CONCORDIA', 4, '2017-03-31 20:19:49', NULL),
('04999', 'CONCORDIA', 4, '2017-03-31 20:19:49', NULL),
('05001', 'COSALA', 5, '2017-03-31 20:19:49', NULL),
('05002', 'LA ILAMA (COMEDERO)', 5, '2017-03-31 20:19:49', NULL),
('05003', 'SAN JOSE DE LAS BOCAS', 5, '2017-03-31 20:19:49', NULL),
('05004', 'GUADALUPE DE LOS REYES', 5, '2017-03-31 20:19:49', NULL),
('05005', 'SANTA CRUZ DE ALAYA', 5, '2017-03-31 20:19:49', NULL),
('05888', 'COSALA', 5, '2017-03-31 20:19:49', NULL),
('05999', 'COSALA', 5, '2017-03-31 20:19:49', NULL),
('06000', 'DIRECCION DEL REGISTRO CIVIL', 6, '2017-03-31 20:19:49', NULL),
('06001', 'CENTRO', 6, '2017-03-31 20:19:49', NULL),
('06002', 'EL SALADO', 6, '2017-03-31 20:19:49', NULL),
('06003', 'COSTA RICA', 6, '2017-03-31 20:19:49', NULL),
('06004', 'BAILA', 6, '2017-03-31 20:19:49', NULL),
('06005', 'SANALONA', 6, '2017-03-31 20:19:49', NULL),
('06006', 'AGUARUTO', 6, '2017-03-31 20:19:49', NULL),
('06007', 'COL. TIERRA BLANCA', 6, '2017-03-31 20:19:49', NULL),
('06008', 'I.M.S.S.', 6, '2017-03-31 20:19:49', NULL),
('06009', 'ELDORADO', 6, '2017-03-31 20:19:49', NULL),
('06012', 'COL. LOMAS DE BOULEVARD', 6, '2017-03-31 20:19:49', NULL),
('06013', 'SAN LORENZO', 6, '2017-03-31 20:19:49', NULL),
('06015', 'JESUS MARIA', 6, '2017-03-31 20:19:49', NULL),
('06016', 'COL. SINALOA', 6, '2017-03-31 20:19:49', NULL),
('06018', 'HIGUERAS DE ABUYA', 6, '2017-03-31 20:19:49', NULL),
('06020', 'QUILA', 6, '2017-03-31 20:19:49', NULL),
('06021', 'VILLA ADOLFO LOPEZ MATEOS', 6, '2017-03-31 20:19:49', NULL),
('06022', 'CULIACANCITO', 6, '2017-03-31 20:19:49', NULL),
('06023', 'IMALA', 6, '2017-03-31 20:19:49', NULL),
('06024', 'LAS TAPIAS', 6, '2017-03-31 20:19:49', NULL),
('06025', 'TEPUCHE', 6, '2017-03-31 20:19:49', NULL),
('06026', 'EMILIANO ZAPATA (EST. OBISPO)', 6, '2017-03-31 20:19:49', NULL),
('06027', 'TACUICHAMONA', 6, '2017-03-31 20:19:49', NULL),
('06666', 'DIRECCION DE REGISTRO CIVIL (ACLARACIONES)', 6, '2017-03-31 20:19:49', NULL),
('06770', 'DIRECCION DEL REGISTRO CIVIL (MODULO DF)', 6, '2017-03-31 20:19:49', NULL),
('06777', 'MODULO TIJUANA', 6, '2017-03-31 20:19:49', NULL),
('06778', 'DIRECCION DEL REGISTRO CIVIL (MODULO DF)', 6, '2017-03-31 20:19:49', NULL),
('06885', 'QUILA', 6, '2017-03-31 20:19:49', NULL),
('06886', 'AGUARUTO', 6, '2017-03-31 20:19:49', NULL),
('06887', 'I.M.S.S.', 6, '2017-03-31 20:19:49', NULL),
('06888', 'DIRECCION DE REGISTRO CIVIL', 6, '2017-03-31 20:19:49', NULL),
('06990', 'QUILA', 6, '2017-03-31 20:19:49', NULL),
('06991', 'MOD. PLAZA SUR', 6, '2017-03-31 20:19:49', NULL),
('06992', 'MOD. TIJUANA', 6, '2017-03-31 20:19:49', NULL),
('06993', 'AGUARUTO', 6, '2017-03-31 20:19:49', NULL),
('06994', 'MOD. UDO RC', 6, '2017-03-31 20:19:49', NULL),
('06995', 'MOD. PLAZA AMERICAS RC', 6, '2017-03-31 20:19:49', NULL),
('06996', 'MOD. H. AYUNTAMIENTO RC', 6, '2017-03-31 20:19:49', NULL),
('06997', 'MOD. PLAZA FIESTA RC', 6, '2017-03-31 20:19:49', NULL),
('06998', 'I.M.S.S.', 6, '2017-03-31 20:19:49', NULL),
('06999', 'DIRECCION DEL REGISTRO CIVIL', 6, '2017-03-31 20:19:49', NULL),
('07001', 'CHOIX', 7, '2017-03-31 20:19:49', NULL),
('07002', 'AGUACALIENTE GRANDE', 7, '2017-03-31 20:19:49', NULL),
('07003', 'BACA', 7, '2017-03-31 20:19:49', NULL),
('07004', 'PICACHOS', 7, '2017-03-31 20:19:49', NULL),
('07005', 'YECORATO', 7, '2017-03-31 20:19:49', NULL),
('07006', 'SAN JAVIER', 7, '2017-03-31 20:19:49', NULL),
('07007', 'EL TORO', 7, '2017-03-31 20:19:49', NULL),
('07888', 'CHOIX', 7, '2017-03-31 20:19:49', NULL),
('07999', 'CHOIX', 7, '2017-03-31 20:19:49', NULL),
('08001', 'ELOTA', 8, '2017-03-31 20:19:49', NULL),
('08002', 'ZOQUITITAN', 8, '2017-03-31 20:19:49', NULL),
('08003', 'LA CRUZ', 8, '2017-03-31 20:19:49', NULL),
('08004', 'EL ESPINAL', 8, '2017-03-31 20:19:49', NULL),
('08888', 'LA CRUZ', 8, '2017-03-31 20:19:49', NULL),
('08999', 'LA CRUZ', 8, '2017-03-31 20:19:49', NULL),
('09001', 'ESCUINAPA', 9, '2017-03-31 20:19:49', NULL),
('09002', 'LA CONCHA', 9, '2017-03-31 20:19:49', NULL),
('09003', 'PALMILLAS', 9, '2017-03-31 20:19:49', NULL),
('09004', 'TEACAPAN', 9, '2017-03-31 20:19:49', NULL),
('09888', 'ESCUINAPA', 9, '2017-03-31 20:19:49', NULL),
('09999', 'ESCUINAPA', 9, '2017-03-31 20:19:49', NULL),
('10001', 'TEHUECO', 10, '2017-03-31 20:19:49', NULL),
('10002', 'MOCHICAHUI', 10, '2017-03-31 20:19:49', NULL),
('10003', 'CHINOBAMPO', 10, '2017-03-31 20:19:49', NULL),
('10004', 'SAN BLAS', 10, '2017-03-31 20:19:49', NULL),
('10005', 'CHARAY', 10, '2017-03-31 20:19:49', NULL),
('10006', 'EL FUERTE', 10, '2017-03-31 20:19:49', NULL),
('10007', 'TETAROBA', 10, '2017-03-31 20:19:49', NULL),
('10008', 'JAHUARA II', 10, '2017-03-31 20:19:49', NULL),
('10886', 'MOCHICAHUI', 10, '2017-03-31 20:19:49', NULL),
('10887', 'SAN BLAS', 10, '2017-03-31 20:19:49', NULL),
('10888', 'EL FUERTE', 10, '2017-03-31 20:19:49', NULL),
('10997', 'SAN BLAS', 10, '2017-03-31 20:19:49', NULL),
('10998', 'MOCHICAHUI', 10, '2017-03-31 20:19:49', NULL),
('10999', 'EL FUERTE', 10, '2017-03-31 20:19:49', NULL),
('11001', 'UNIDAD ADMINISTRATIVA', 11, '2017-03-31 20:19:49', NULL),
('11002', 'BAMOA', 11, '2017-03-31 20:19:49', NULL),
('11003', 'ADOLFO RUIZ CORTINEZ', 11, '2017-03-31 20:19:49', NULL),
('11004', 'TAMAZULA', 11, '2017-03-31 20:19:49', NULL),
('11005', 'LEON FONSECA', 11, '2017-03-31 20:19:49', NULL),
('11006', 'JUAN JOSE RIOS', 11, '2017-03-31 20:19:49', NULL),
('11007', 'LA TRINIDAD', 11, '2017-03-31 20:19:49', NULL),
('11008', 'LA BRECHA', 11, '2017-03-31 20:19:49', NULL),
('11009', 'EL BURRION', 11, '2017-03-31 20:19:49', NULL),
('11010', 'DIF', 11, '2017-03-31 20:19:49', NULL),
('11011', 'NIO', 11, '2017-03-31 20:19:49', NULL),
('11012', 'SAN RAFAEL', 11, '2017-03-31 20:19:49', NULL),
('11013', 'IMSS JUAN JOSE RIOS', 11, '2017-03-31 20:19:49', NULL),
('11886', 'DIF', 11, '2017-03-31 20:19:49', NULL),
('11887', 'JUAN JOSE RIOS', 11, '2017-03-31 20:19:49', NULL),
('11888', 'UNIDAD ADMINISTRATIVA', 11, '2017-03-31 20:19:49', NULL),
('11996', 'DIF', 11, '2017-03-31 20:19:49', NULL),
('11997', 'MOD. PLAZA CRISTINA GVE.', 11, '2017-03-31 20:19:49', NULL),
('11998', 'JUAN JOSE RIOS', 11, '2017-03-31 20:19:49', NULL),
('11999', 'UNIDAD ADMINISTRATIVA', 11, '2017-03-31 20:19:49', NULL),
('12001', 'LA NORIA', 12, '2017-03-31 20:19:49', NULL),
('12002', 'COLONIA BENITO JUAREZ', 12, '2017-03-31 20:19:49', NULL),
('12003', 'EL QUELITE', 12, '2017-03-31 20:19:49', NULL),
('12004', 'VILLA UNION', 12, '2017-03-31 20:19:49', NULL),
('12005', 'EL RECODO', 12, '2017-03-31 20:19:49', NULL),
('12006', 'MARMOL', 12, '2017-03-31 20:19:49', NULL),
('12007', 'SIQUEROS', 12, '2017-03-31 20:19:49', NULL),
('12008', 'EL ROBLE', 12, '2017-03-31 20:19:49', NULL),
('12009', 'UNIDAD ADMINISTRATIVA', 12, '2017-03-31 20:19:49', NULL),
('12010', 'IMSS', 12, '2017-03-31 20:19:49', NULL),
('12011', 'ISLAS MARIAS', 12, '2017-03-31 20:19:49', NULL),
('12886', 'IMSS', 12, '2017-03-31 20:19:49', NULL),
('12887', 'COLONIA BENITO JUAREZ', 12, '2017-03-31 20:19:49', NULL),
('12888', 'UNIDAD ADMINISTRATIVA', 12, '2017-03-31 20:19:49', NULL),
('12997', 'IMSS', 12, '2017-03-31 20:19:49', NULL),
('12998', 'COLONIA BENITO JUAREZ', 12, '2017-03-31 20:19:49', NULL),
('12999', 'UNIDAD ADMINISTRATIVA', 12, '2017-03-31 20:19:49', NULL),
('13001', 'MOCORITO', 13, '2017-03-31 20:19:49', NULL),
('13002', 'EL VALLE', 13, '2017-03-31 20:19:49', NULL),
('13003', 'CERRO AGUDO', 13, '2017-03-31 20:19:49', NULL),
('13004', 'PERICOS', 13, '2017-03-31 20:19:49', NULL),
('13005', 'SAN BENITO', 13, '2017-03-31 20:19:49', NULL),
('13006', 'ROSA MORADA', 13, '2017-03-31 20:19:49', NULL),
('13007', 'MELCHOR OCAMPO', 13, '2017-03-31 20:19:49', NULL),
('13887', 'PERICOS', 13, '2017-03-31 20:19:49', NULL),
('13888', 'MOCORITO', 13, '2017-03-31 20:19:49', NULL),
('13998', 'PERICOS', 13, '2017-03-31 20:19:49', NULL),
('13999', 'MOCORITO', 13, '2017-03-31 20:19:49', NULL),
('14001', 'EL ROSARIO', 14, '2017-03-31 20:19:49', NULL),
('14002', 'POTRERILLOS', 14, '2017-03-31 20:19:49', NULL),
('14003', 'POZOLE', 14, '2017-03-31 20:19:49', NULL),
('14004', 'CHAMETLA', 14, '2017-03-31 20:19:49', NULL),
('14005', 'CACALOTAN', 14, '2017-03-31 20:19:49', NULL),
('14006', 'MATATAN', 14, '2017-03-31 20:19:49', NULL),
('14007', 'MALOYA', 14, '2017-03-31 20:19:49', NULL),
('14008', 'LA RASTRA', 14, '2017-03-31 20:19:49', NULL),
('14009', 'AGUAVERDE', 14, '2017-03-31 20:19:49', NULL),
('14888', 'EL ROSARIO', 14, '2017-03-31 20:19:49', NULL),
('14999', 'EL ROSARIO', 14, '2017-03-31 20:19:49', NULL),
('15001', 'GUAMUCHIL', 15, '2017-03-31 20:19:49', NULL),
('15002', 'VILLA BENITO JUAREZ', 15, '2017-03-31 20:19:49', NULL),
('15888', 'GUAMUCHIL', 15, '2017-03-31 20:19:49', NULL),
('15999', 'GUAMUCHIL', 15, '2017-03-31 20:19:49', NULL),
('16001', 'SAN IGNACIO', 16, '2017-03-31 20:19:49', NULL),
('16002', 'SAN JUAN', 16, '2017-03-31 20:19:49', NULL),
('16003', 'SAN JAVIER', 16, '2017-03-31 20:19:49', NULL),
('16004', 'IXPALINO', 16, '2017-03-31 20:19:49', NULL),
('16005', 'ESTACION DIMAS', 16, '2017-03-31 20:19:49', NULL),
('16006', 'AJOYA', 16, '2017-03-31 20:19:49', NULL),
('16007', 'CONTRAESTACA', 16, '2017-03-31 20:19:49', NULL),
('16008', 'COYOTITAN', 16, '2017-03-31 20:19:49', NULL),
('16009', 'PIAXTLA', 16, '2017-03-31 20:19:49', NULL),
('16888', 'SAN IGNACIO', 16, '2017-03-31 20:19:49', NULL),
('16999', 'SAN IGNACIO', 16, '2017-03-31 20:19:49', NULL),
('17001', 'SINALOA DE LEYVA', 17, '2017-03-31 20:19:49', NULL),
('17002', 'OCORONI', 17, '2017-03-31 20:19:49', NULL),
('17003', 'SAN JOSE DE GRACIA', 17, '2017-03-31 20:19:49', NULL),
('17004', 'GABRIEL LEYVA V. (TEMUCHINA)', 17, '2017-03-31 20:19:49', NULL),
('17005', 'LLANO GRANDE', 17, '2017-03-31 20:19:49', NULL),
('17006', 'ESTACION NARANJO', 17, '2017-03-31 20:19:49', NULL),
('17007', 'BACUBIRITO', 17, '2017-03-31 20:19:49', NULL),
('17008', 'SAN JOSE DE LAS DELICIAS', 17, '2017-03-31 20:19:49', NULL),
('17887', 'ESTACION NARANJO', 17, '2017-03-31 20:19:49', NULL),
('17888', 'SINALOA DE LEYVA', 17, '2017-03-31 20:19:49', NULL),
('17998', 'ESTACION NARANJO', 17, '2017-03-31 20:19:49', NULL),
('17999', 'SINALOA DE LEYVA', 17, '2017-03-31 20:19:49', NULL),
('18001', 'NAVOLATO', 18, '2017-03-31 20:19:49', NULL),
('18002', 'SAN PEDRO', 18, '2017-03-31 20:19:49', NULL),
('18003', 'VILLA ANGEL FLORES', 18, '2017-03-31 20:19:49', NULL),
('18004', 'VILLA BENITO JUAREZ', 18, '2017-03-31 20:19:49', NULL),
('18005', 'ALTATA', 18, '2017-03-31 20:19:49', NULL),
('18006', 'SATAYA', 18, '2017-03-31 20:19:49', NULL),
('18007', 'JUAN ALDAMA', 18, '2017-03-31 20:19:49', NULL);

-- --------------------------------------------------------

--
-- Estructura de tabla para la tabla `password_resets`
--

CREATE TABLE `password_resets` (
  `email` varchar(255) COLLATE utf8_unicode_ci NOT NULL,
  `token` varchar(255) COLLATE utf8_unicode_ci NOT NULL,
  `created_at` timestamp NULL DEFAULT NULL
) ENGINE=InnoDB DEFAULT CHARSET=utf8 COLLATE=utf8_unicode_ci;

-- --------------------------------------------------------

--
-- Estructura de tabla para la tabla `perfiles`
--

CREATE TABLE `perfiles` (
  `id` int(10) UNSIGNED NOT NULL,
  `perfil` varchar(255) COLLATE utf8_unicode_ci NOT NULL,
  `created_at` timestamp NULL DEFAULT NULL,
  `updated_at` timestamp NULL DEFAULT NULL
) ENGINE=InnoDB DEFAULT CHARSET=utf8 COLLATE=utf8_unicode_ci;

--
-- Volcado de datos para la tabla `perfiles`
--

INSERT INTO `perfiles` (`id`, `perfil`, `created_at`, `updated_at`) VALUES
(1, 'admin', '2017-03-31 20:20:12', NULL);

-- --------------------------------------------------------

--
-- Estructura de tabla para la tabla `resguardos`
--

CREATE TABLE `resguardos` (
  `id` int(10) UNSIGNED NOT NULL,
  `observaciones` varchar(255) COLLATE utf8_unicode_ci DEFAULT NULL,
  `folio` varchar(255) COLLATE utf8_unicode_ci DEFAULT NULL,
  `status` tinyint(1) NOT NULL DEFAULT '0',
  `pdf_generado` tinyint(1) NOT NULL DEFAULT '0',
  `pdf_firmado` tinyint(1) NOT NULL DEFAULT '0',
  `responsable_id` int(11) DEFAULT NULL,
  `created_at` timestamp NULL DEFAULT NULL,
  `updated_at` timestamp NULL DEFAULT NULL
) ENGINE=InnoDB DEFAULT CHARSET=utf8 COLLATE=utf8_unicode_ci;

-- --------------------------------------------------------

--
-- Estructura de tabla para la tabla `responsables`
--

CREATE TABLE `responsables` (
  `id` int(11) NOT NULL,
  `responsable` varchar(255) COLLATE utf8_unicode_ci NOT NULL,
  `usuario_id` int(10) UNSIGNED DEFAULT NULL,
  `oficialia_id` varchar(255) COLLATE utf8_unicode_ci DEFAULT NULL,
  `created_at` timestamp NULL DEFAULT NULL,
  `updated_at` timestamp NULL DEFAULT NULL
) ENGINE=InnoDB DEFAULT CHARSET=utf8 COLLATE=utf8_unicode_ci;

--
-- Volcado de datos para la tabla `responsables`
--

INSERT INTO `responsables` (`id`, `responsable`, `usuario_id`, `oficialia_id`, `created_at`, `updated_at`) VALUES
(1, 'ABRAHAM JARED CASILLAS GIL', NULL, NULL, '2017-03-31 20:20:02', '2017-04-06 17:16:40'),
(2, 'ADAN EDUARDO PEREGRINA MENENDEZ', NULL, NULL, '2017-03-31 20:20:02', NULL),
(3, 'AGUSTIN LOPEZ MARTINEZ', NULL, NULL, '2017-03-31 20:20:02', '2017-04-06 17:18:31'),
(4, 'ALEJANDRA GPE. MENDOZA VEGA', NULL, NULL, '2017-03-31 20:20:02', NULL),
(5, 'ALEJANDRINA IBARRA PAEZ', NULL, '04002', '2017-03-31 20:20:02', NULL),
(6, 'ALFONSO AVILA OLAGE', NULL, '14008', '2017-03-31 20:20:02', NULL),
(7, 'ALMA KARINA ZAZUETA ROJO', NULL, NULL, '2017-03-31 20:20:02', NULL),
(8, 'ALMA PATRICIA VALENZUELA VERDUZCO', NULL, '01007', '2017-03-31 20:20:02', NULL),
(9, 'ALMA ROSA RODRIGUEZ SOLIS', NULL, NULL, '2017-03-31 20:20:02', NULL),
(10, 'ANA GABRIELA VIEDAS VALDEZ', NULL, NULL, '2017-03-31 20:20:02', NULL),
(11, 'ANA ISABEL ONTIVEROS AISPURO', NULL, NULL, '2017-03-31 20:20:02', NULL),
(12, 'ANA LINE INZUNZA QUEVEDO', NULL, NULL, '2017-03-31 20:20:02', NULL),
(13, 'ANGEL MIGUEL SAUCEDA MACHADO', NULL, '18002', '2017-03-31 20:20:02', NULL),
(14, 'ANGELA ZAMORANO LOPEZ', NULL, '01009', '2017-03-31 20:20:02', NULL),
(15, 'ARMIDA ARCE OLIVAS', NULL, '13005', '2017-03-31 20:20:02', NULL),
(16, 'ARMIDA MARIA FERNANDA SANZ CASTRO', NULL, NULL, '2017-03-31 20:20:02', NULL),
(17, 'AZUCENA JIMENEZ ZAMANO', NULL, NULL, '2017-03-31 20:20:02', NULL),
(18, 'BALTAZAR MORENO HERNANDEZ', NULL, '06018', '2017-03-31 20:20:02', NULL),
(19, 'BEATRIZ HILDA CORRALES VALENZUELA', NULL, '07006', '2017-03-31 20:20:02', NULL),
(20, 'BERTHA AGUILAR ROBLES', NULL, NULL, '2017-03-31 20:20:02', NULL),
(21, 'BLADIMIR VEGA QUIÑONEZ', NULL, NULL, '2017-03-31 20:20:02', NULL),
(22, 'BLANCA YISSEL CARRILLO LOPEZ', NULL, '06009', '2017-03-31 20:20:02', NULL),
(23, 'BRENDA ERENDIDA MEDINA CARDENAAS', NULL, NULL, '2017-03-31 20:20:02', NULL),
(24, 'Brenda Erendida Medina Cárdenas', NULL, NULL, '2017-03-31 20:20:02', NULL),
(25, 'BRENDA LIZBETH NAVIDAD ARIAS', NULL, NULL, '2017-03-31 20:20:02', '2017-04-06 17:19:14'),
(26, 'BRIANDA GISELLE CONTRERAS VALDEZ', NULL, '16005', '2017-03-31 20:20:02', NULL),
(27, 'BRYSEIDA SELENE HERRERA ZAVALA', NULL, '07005', '2017-03-31 20:20:02', NULL),
(28, 'CAMELIA GAXIOLA ACOSTA', NULL, '01006', '2017-03-31 20:20:02', NULL),
(29, 'CARLOS FRANCISCO DIAZ LOPEZ', NULL, '02007', '2017-03-31 20:20:02', NULL),
(30, 'CARLOS ISRAEL NUÑEZ BURGUEÑO', NULL, NULL, '2017-03-31 20:20:02', NULL),
(31, 'CARLOS YOVANI SANCHEZ SOTO', NULL, NULL, '2017-03-31 20:20:02', NULL),
(32, 'CARMINA ELIZABETH TELLEZ SALAZAR', NULL, '06003', '2017-03-31 20:20:02', NULL),
(33, 'CATALINA ELIZABETH HERNANDEZ RODRIGUEZ', NULL, NULL, '2017-03-31 20:20:02', NULL),
(34, 'CATALINA GUADALUPE GUERRA TORRES', NULL, '01001', '2017-03-31 20:20:02', NULL),
(35, 'CESAREO MONZON CARRILLO', NULL, '03010', '2017-03-31 20:20:02', NULL),
(36, 'CINTHYA ANAHI RODRIGUEZ BELTRAN', NULL, NULL, '2017-03-31 20:20:02', NULL),
(37, 'CINTHYA GUADALUPE MEDINA URIAS', NULL, NULL, '2017-03-31 20:20:02', NULL),
(38, 'CITLALITH ALEJANDRA DE LA CRUZ DE LOS RIOS', NULL, '06016', '2017-03-31 20:20:02', NULL),
(39, 'CLAUDIA JOSEFINA TIRADO SANDOVAL', NULL, '12002', '2017-03-31 20:20:02', NULL),
(40, 'CLAUDIA LETICIA FUENTES DERAS', NULL, '14009', '2017-03-31 20:20:02', NULL),
(41, 'CLAUDIA LILIANA BARRERAS PALAFOX', NULL, NULL, '2017-03-31 20:20:02', NULL),
(42, 'CLAUDIELA MARLEN CHAVEZ LABRADA', NULL, '13002', '2017-03-31 20:20:02', NULL),
(43, 'CONCEPCIÓN SERNA TIRADO', NULL, '04003', '2017-03-31 20:20:02', NULL),
(44, 'CRISTHIAN ADAN CARRERA CABANILLAS', NULL, NULL, '2017-03-31 20:20:02', NULL),
(45, 'CRISTIAN JOSUE RODRIGUEZ PEREZ', NULL, NULL, '2017-03-31 20:20:02', NULL),
(46, 'CRUZ ALONSO IRIBE RAMIREZ', NULL, NULL, '2017-03-31 20:20:02', NULL),
(47, 'DANIA GUADALUPE AGUILAR OSUNA', NULL, '02003', '2017-03-31 20:20:02', NULL),
(48, 'DAVID GONZALEZ TORRES', NULL, '14005', '2017-03-31 20:20:02', NULL),
(49, 'DAVID JOAQUIN CHAIDEZ ZAZUETA', NULL, NULL, '2017-03-31 20:20:02', NULL),
(50, 'DAVID RAMIREZ VALDEZ', NULL, '06025', '2017-03-31 20:20:02', NULL),
(51, 'DELIA ARACELY TREVIÑO MEDINA', NULL, NULL, '2017-03-31 20:20:02', NULL),
(52, 'DELIA EDITH GARCIA VALENZUELA', NULL, NULL, '2017-03-31 20:20:02', NULL),
(53, 'DEMETRIO LOPEZ NAVARRO', NULL, '06002', '2017-03-31 20:20:02', NULL),
(54, 'DOLORES DEL CARMEN MENDOZA TORRES', NULL, '14007', '2017-03-31 20:20:02', NULL),
(55, 'DORA ELENA GARCIA MEDINA', NULL, '18005', '2017-03-31 20:20:02', NULL),
(56, 'EDITH CANDELARIA CABANILLAS ESPINOZA', NULL, '08001', '2017-03-31 20:20:02', NULL),
(57, 'EDUARDO CRISTERNA GONZALEZ', NULL, NULL, '2017-03-31 20:20:02', NULL),
(58, 'EDUARDO LIZARRAGA GARCIA', NULL, '04008', '2017-03-31 20:20:02', NULL),
(59, 'EDUARDO REYES ZAMORA', NULL, '06004', '2017-03-31 20:20:02', NULL),
(60, 'EFRAIN BELTRAN ESPINOZA', NULL, NULL, '2017-03-31 20:20:02', NULL),
(61, 'EFRAIN LUGO CHAN', NULL, NULL, '2017-03-31 20:20:02', NULL),
(62, 'ELVIA IMELDA MUÑOZ PETRIS', NULL, NULL, '2017-03-31 20:20:02', NULL),
(63, 'ELVIA PATRICIA GARCIA GRANADOS', NULL, '12009', '2017-03-31 20:20:02', NULL),
(64, 'ELVIA ZARATE PIMENTEL', NULL, NULL, '2017-03-31 20:20:02', NULL),
(65, 'ERIKA LIZETH BELTRAN MONRREAL', NULL, NULL, '2017-03-31 20:20:02', NULL),
(66, 'ESCALANTE SALAZAR IRMA GABRIELA', NULL, NULL, '2017-03-31 20:20:02', NULL),
(67, 'EVA MARIBEL PICOS VALENZUELA', NULL, NULL, '2017-03-31 20:20:02', NULL),
(68, 'FABIOLA AYDEE MORENO YAÑEZ', NULL, NULL, '2017-03-31 20:20:02', NULL),
(69, 'FEDERICO LOPEZ LOPEZ', NULL, '03007', '2017-03-31 20:20:02', NULL),
(70, 'FEDERICO OSUNA LIZARRAGA', NULL, '12001', '2017-03-31 20:20:02', NULL),
(71, 'FIDEL PIÑA MORENO', NULL, NULL, '2017-03-31 20:20:02', NULL),
(72, 'FLERIDA TERESA SAINZ SANCHEZ', NULL, NULL, '2017-03-31 20:20:02', NULL),
(73, 'FRANCISCO JAVIER CECEÑA LOPEZ', NULL, '10005', '2017-03-31 20:20:02', NULL),
(74, 'FRANCISCO JAVIER CRUZ ARCE', NULL, NULL, '2017-03-31 20:20:02', NULL),
(75, 'FRANCISCO MANUEL VIEDAS REYES', NULL, NULL, '2017-03-31 20:20:02', NULL),
(76, 'FRANCISCO OLEGARIO MARTINEZ ARAMBURO', NULL, '12003', '2017-03-31 20:20:02', NULL),
(77, 'FRANCISCO RUBIO CAZARES', NULL, NULL, '2017-03-31 20:20:02', NULL),
(78, 'FRANCISCO VAZQUEZ RAMIREZ', NULL, '01002', '2017-03-31 20:20:02', NULL),
(79, 'GABRIEL LOPEZ VALENZUELA', NULL, '06027', '2017-03-31 20:20:02', NULL),
(80, 'GERMAN PERAZA PONCE', NULL, '16001', '2017-03-31 20:20:02', NULL),
(81, 'GERMAN TOLEDO RAYGOZA', NULL, '04007', '2017-03-31 20:20:02', NULL),
(82, 'GIOVANNI VERENICE MENDOZA AGUIRRE', NULL, '05001', '2017-03-31 20:20:02', NULL),
(83, 'GLADYS LIZETH RODRIGUEZ GARCIA', NULL, '09002', '2017-03-31 20:20:02', NULL),
(84, 'GONZALEZ HERNANDEZ URIEL', NULL, NULL, '2017-03-31 20:20:02', NULL),
(85, 'GREGORIO VELIZ SANDOVAL', NULL, '17005', '2017-03-31 20:20:02', NULL),
(86, 'GUADALUPE ALBERTO SOMERA PONCE', NULL, '16002', '2017-03-31 20:20:02', NULL),
(87, 'GUADALUPE BORREGO CASTAÑEDA', NULL, '14001', '2017-03-31 20:20:02', NULL),
(88, 'HEIDY JANETH CRISTERNA RAMIREZ', NULL, NULL, '2017-03-31 20:20:02', NULL),
(89, 'IRANIA MARAI VILLA MEDINA', NULL, NULL, '2017-03-31 20:20:02', NULL),
(90, 'IRASEMA ALICIA RUIZ CAMACHO', NULL, '06007', '2017-03-31 20:20:02', NULL),
(91, 'IRMA CLARISA SANDOVAL RIVERA', NULL, '07001', '2017-03-31 20:20:02', NULL),
(92, 'IRMA LOPEZ RIVERA', NULL, '13003', '2017-03-31 20:20:02', NULL),
(93, 'IRMA YOLANDA ORTEGA PINI', NULL, '04005', '2017-03-31 20:20:02', NULL),
(94, 'ISELA ANTONIA COTA GASTELUM', NULL, '11001', '2017-03-31 20:20:02', NULL),
(95, 'ISMAEL ORTIZ LOPEZ', NULL, '03006', '2017-03-31 20:20:02', NULL),
(96, 'ITXEL DANIELA RENDON GUZMAN', NULL, NULL, '2017-03-31 20:20:02', NULL),
(97, 'IVAN ALBERTO LUQUE', NULL, '11002', '2017-03-31 20:20:02', NULL),
(98, 'JACQUELINE ROCIO ESTRADA SANCHEZ', NULL, '06001', '2017-03-31 20:20:02', NULL),
(99, 'JAEL ROJAS LOPEZ', NULL, '12005', '2017-03-31 20:20:02', NULL),
(100, 'JAQUELINE LOGAN GAXIOLA', NULL, NULL, '2017-03-31 20:20:02', NULL),
(101, 'JESUS ABEL SAUCEDA RAMIREZ', NULL, '18007', '2017-03-31 20:20:02', NULL),
(102, 'JESUS ENRIQUE CHAVIRA RUIZ', NULL, '07002', '2017-03-31 20:20:02', NULL),
(103, 'JESUS ENRIQUE CORVERA BURGOS', NULL, '13004', '2017-03-31 20:20:02', NULL),
(104, 'JESUS LOPEZ ORTIZ', NULL, NULL, '2017-03-31 20:20:02', NULL),
(105, 'JESUS OMAR BURGUEÑO CONTRERAS', NULL, NULL, '2017-03-31 20:20:02', NULL),
(106, 'JESUS RAUL PARDINI LUNA', NULL, NULL, '2017-03-31 20:20:02', NULL),
(107, 'JESUS SAUCEDA SAUCEDA', NULL, '17008', '2017-03-31 20:20:02', NULL),
(108, 'JESUS VICTORIANO AVILEZ SALAZAR', NULL, '03002', '2017-03-31 20:20:02', NULL),
(109, 'JOAQUIN MONTES ARELLANES', NULL, '03011', '2017-03-31 20:20:02', NULL),
(110, 'JOEL PALAZUELOS RAMOS', NULL, NULL, '2017-03-31 20:20:02', NULL),
(111, 'JORGE HUMBERTO RUELAS SANDOVAL', NULL, '10003', '2017-03-31 20:20:02', NULL),
(112, 'JORGE LUIS NAJERA CAREAGA', NULL, NULL, '2017-03-31 20:20:02', NULL),
(113, 'JOSE ALONSO SANCHEZ CONTRERAS', NULL, NULL, '2017-03-31 20:20:02', NULL),
(114, 'JOSE ANTONIO BALLESTEROS RODRIGUEZ', NULL, NULL, '2017-03-31 20:20:02', NULL),
(115, 'JOSE ARMANDO PEREZ SALAS', NULL, NULL, '2017-03-31 20:20:02', NULL),
(116, 'JOSE CANDELARIO GAXIOLA VEGA', NULL, NULL, '2017-03-31 20:20:02', NULL),
(117, 'JOSE CONSTANTINO LOPEZ SOLANO', NULL, '11010', '2017-03-31 20:20:02', NULL),
(118, 'JOSE DE JESUS FONSECA SALAS', NULL, NULL, '2017-03-31 20:20:02', NULL),
(119, 'JOSE FRANCISCO CARRILLO FELIX', NULL, '03004', '2017-03-31 20:20:02', NULL),
(120, 'JOSE JOEL LARRAÑAGA CAMPOS', NULL, NULL, '2017-03-31 20:20:02', NULL),
(121, 'JOSE RAMON LOPEZ TUASON', NULL, '02001', '2017-03-31 20:20:02', NULL),
(122, 'JOSE TRINIDAD ANDRADE CHAVEZ', NULL, '13007', '2017-03-31 20:20:02', NULL),
(123, 'JUAN ANTONIO FELIX VALENZUELA', NULL, NULL, '2017-03-31 20:20:02', NULL),
(124, 'JUAN ENRIQUE REYES VIZCARRA', NULL, '04009', '2017-03-31 20:20:02', NULL),
(125, 'JUAN MANUEL BELTRAN RUIZ', NULL, '06013', '2017-03-31 20:20:02', NULL),
(126, 'JUANA ADRIANA NUÑEZ MORENO', NULL, NULL, '2017-03-31 20:20:02', NULL),
(127, 'JUDITH CAROLINA TOLOZA LOPEZ', NULL, NULL, '2017-03-31 20:20:02', NULL),
(128, 'JUDITH VERDUGO CARDENAS', NULL, NULL, '2017-03-31 20:20:02', NULL),
(129, 'JULIAN DE JESUS MEZA VALENZUELA', NULL, '03001', '2017-03-31 20:20:02', NULL),
(130, 'JULIO CESAR GALLARDO RUELAS', NULL, '11011', '2017-03-31 20:20:02', NULL),
(131, 'JULIO CESAR ZAMORA BOJORQUEZ', NULL, '17007', '2017-03-31 20:20:02', NULL),
(132, 'KAREN JOSEFINA CRUZ CORONA', NULL, '04006', '2017-03-31 20:20:02', NULL),
(133, 'KARINA AIDE SANCHEZ LOPEZ', NULL, NULL, '2017-03-31 20:20:02', NULL),
(134, 'KARINA HAYDEE SOTO ARELLANO', NULL, '01008', '2017-03-31 20:20:02', NULL),
(135, 'KARLA EDITH CAMACHO ARMENTA', NULL, NULL, '2017-03-31 20:20:02', NULL),
(136, 'LAURA IMELDA HERRERA SERRANO', NULL, '11006', '2017-03-31 20:20:02', NULL),
(137, 'LAURA LETICIA ARREDONDO CASTAÑEDA', NULL, NULL, '2017-03-31 20:20:02', NULL),
(138, 'LEONOR WAR GAXIOLA', NULL, '11012', '2017-03-31 20:20:02', NULL),
(139, 'LIDIA AGRAMON CARRAZCO', NULL, '11003', '2017-03-31 20:20:02', NULL),
(140, 'LINDA ELIZABETH MEDINA MEDINA', NULL, NULL, '2017-03-31 20:20:02', NULL),
(141, 'LORENA GUADALUPE URIAS CHAVEZ', NULL, '17003', '2017-03-31 20:20:02', NULL),
(142, 'LUCINDA MONTALVO ROJO', NULL, NULL, '2017-03-31 20:20:02', NULL),
(143, 'LUIS ALBERTO BARRAZA SEPULVEDA', NULL, '17001', '2017-03-31 20:20:02', NULL),
(144, 'MAIROT ERENDIDA VALDEZ MACHADO', NULL, '01004', '2017-03-31 20:20:02', NULL),
(145, 'MARGARITA FIGUEROA LEE', NULL, NULL, '2017-03-31 20:20:02', NULL),
(146, 'MARGARITA RAMIREZ VALDEZ', NULL, NULL, '2017-03-31 20:20:02', NULL),
(147, 'MARIA ANTONIA BOLADO URIAS', NULL, NULL, '2017-03-31 20:20:02', NULL),
(148, 'MARIA BEATRIZ ARAUJO AMARILLAS', NULL, NULL, '2017-03-31 20:20:02', NULL),
(149, 'MARIA BELEN RIVERA JUAREZ', NULL, '14006', '2017-03-31 20:20:02', NULL),
(150, 'MARIA CELINA NUÑEZ RENDON', NULL, NULL, '2017-03-31 20:20:02', NULL),
(151, 'MARIA DE LOS ANGELES LÓPEZ CASTRO', NULL, '03003', '2017-03-31 20:20:02', NULL),
(152, 'MARIA DE LOS ANGELES LOPEZ MASCAREÑO', NULL, NULL, '2017-03-31 20:20:02', NULL),
(153, 'MARIA DE LOS ANGELES MORAN GARCIA', NULL, '12008', '2017-03-31 20:20:02', NULL),
(154, 'MARIA DOLORES BOJORQUEZ PEREZ', NULL, NULL, '2017-03-31 20:20:02', NULL),
(155, 'MARIA ESMERALDA ZAZUETA VARGAS', NULL, '18006', '2017-03-31 20:20:02', NULL),
(156, 'MARIA FRANCISCA SALAZAR URIARTE', NULL, NULL, '2017-03-31 20:20:02', NULL),
(157, 'MARIA GUADALUPE LUNA MARTINEZ', NULL, '05004', '2017-03-31 20:20:02', NULL),
(158, 'MARIA GUADALUPE RAMOS CALDERON', NULL, '10002', '2017-03-31 20:20:02', NULL),
(159, 'MARIA ISABEL HERAS ESPINOZA', NULL, NULL, '2017-03-31 20:20:02', NULL),
(160, 'MARIA OFELIA AGRAZ CRUZ', NULL, '01003', '2017-03-31 20:20:02', NULL),
(161, 'MARIA OLIVIA URIARTE RODRIGUEZ', NULL, '06021', '2017-03-31 20:20:02', NULL),
(162, 'MARIO ALBERTO MEDINA CARNERO', NULL, '18003', '2017-03-31 20:20:02', NULL),
(163, 'MARIO CESAR GAXIOLA', NULL, NULL, '2017-03-31 20:20:02', NULL),
(164, 'MARISELA RUBIO LIZARRAGA', NULL, NULL, '2017-03-31 20:20:02', NULL),
(165, 'MARISOL CHIQUETE PORTILLO', NULL, '06006', '2017-03-31 20:20:02', NULL),
(166, 'MARSELA BRISEYDA SANCHEZ VALDEZ', NULL, NULL, '2017-03-31 20:20:02', NULL),
(167, 'MARTHA ALICIA VELAZQUEZ ROMERO', NULL, NULL, '2017-03-31 20:20:02', NULL),
(168, 'MARTHA ELENA ORTIZ GONZALEZ', NULL, '17006', '2017-03-31 20:20:02', NULL),
(169, 'MARTIN FERNANDO VELAZQUEZ SANCHEZ', NULL, '02005', '2017-03-31 20:20:02', NULL),
(170, 'MARTINA SILVIA ESPARZA ESPINOZA', NULL, NULL, '2017-03-31 20:20:02', NULL),
(171, 'MAYDO ERENDIDA MERCADO PORTILLO', NULL, '03009', '2017-03-31 20:20:02', NULL),
(172, 'MAYRA YANETH OLIVAS BELTRAN', NULL, NULL, '2017-03-31 20:20:02', NULL),
(173, 'MELESIO PEREZ ROJO', NULL, '06015', '2017-03-31 20:20:02', NULL),
(174, 'MELISSA ESPINOZA MADRID', NULL, NULL, '2017-03-31 20:20:02', NULL),
(175, 'MICAELA NORIEGA BUELNA', NULL, '16004', '2017-03-31 20:20:02', NULL),
(176, 'MIGUEL ANGEL LOERA BENITEZ', NULL, '03008', '2017-03-31 20:20:02', NULL),
(177, 'MIGUEL ANGEL MORALES MEMBRILA', NULL, '10008', '2017-03-31 20:20:02', NULL),
(178, 'MIGUEL RAYMUNDO ROMAN HERRERA', NULL, '07004', '2017-03-31 20:20:02', NULL),
(179, 'MILTON VALDEZ ZAMORA', NULL, '11005', '2017-03-31 20:20:02', NULL),
(180, 'MYRIAM DE JESUS BELTRAN LAZCANO', NULL, '18004', '2017-03-31 20:20:02', NULL),
(181, 'MYRNA LOPEZ GUTIERREZ', NULL, '02002', '2017-03-31 20:20:02', NULL),
(182, 'NATIVIDAD BARRON BUSH', NULL, '09003', '2017-03-31 20:20:02', NULL),
(183, 'NICOLAS PARRA VILLALBA', NULL, NULL, '2017-03-31 20:20:02', NULL),
(184, 'NORMA SARMIENTO NAVARRO', NULL, '07003', '2017-03-31 20:20:02', NULL),
(185, 'OCTAVIO ZAMORA MANJARREZ', NULL, NULL, '2017-03-31 20:20:02', NULL),
(186, 'ODETTE GUADALUPE PUCHETA LIZARRAGA', NULL, '12010', '2017-03-31 20:20:02', NULL),
(187, 'OFELIA PAEZ ZATARAIN', NULL, '04001', '2017-03-31 20:20:02', NULL),
(188, 'OLGA LYDIA LOPEZ ESPINOZA', NULL, NULL, '2017-03-31 20:20:02', NULL),
(189, 'PAOLA MARIA GUTIERREZ FJARDO', NULL, NULL, '2017-03-31 20:20:02', NULL),
(190, 'PATRICIA RUIZ GARCIA', NULL, '04004', '2017-03-31 20:20:02', NULL),
(191, 'PAUL ANGULO MONTOYA', NULL, '15001', '2017-03-31 20:20:02', NULL),
(192, 'PAZCACIO ALEJANDRO RIVERA PARRA', NULL, '02004', '2017-03-31 20:20:02', NULL),
(193, 'PEDRO RENDON RODRIGUEZ', NULL, '12006', '2017-03-31 20:20:02', NULL),
(194, 'PEDRO RODRIGUEZ ORTIZ', NULL, '06024', '2017-03-31 20:20:02', NULL),
(195, 'PLACIDA LORENA GASTELUM COVARRUBIAS', NULL, '08003', '2017-03-31 20:20:02', NULL),
(196, 'PRISCILA MARIA TIZNADO HERNANDEZ', NULL, '06022', '2017-03-31 20:20:02', NULL),
(197, 'QUENIA MILAGROS AGUILAR CAMACHO', NULL, '14002', '2017-03-31 20:20:02', NULL),
(198, 'QUINTIN AYALA ORDOÑEZ', NULL, '11009', '2017-03-31 20:20:02', NULL),
(199, 'RAFAEL QUINTERO LANDEROS', NULL, '05005', '2017-03-31 20:20:02', NULL),
(200, 'RAMON HUMBERTO QUINTERO ARAUJO', NULL, '03005', '2017-03-31 20:20:02', NULL),
(201, 'RAQUEL AIMEE QUIÑONEZ CURIEL', NULL, NULL, '2017-03-31 20:20:02', NULL),
(202, 'RAQUEL LIZARRAGA RODRIGUEZ', NULL, '12007', '2017-03-31 20:20:02', NULL),
(203, 'RAUL MONTOYA CAMACHO', NULL, '02006', '2017-03-31 20:20:02', NULL),
(204, 'RAUL RENE OSUNA RODRIGUEZ', NULL, '12004', '2017-03-31 20:20:02', NULL),
(205, 'RICARDO ERNESTO RAYGOZA ZUÑIGA', NULL, NULL, '2017-03-31 20:20:02', NULL),
(206, 'RODRIGO LOPEZ LIZARRAGA', NULL, NULL, '2017-03-31 20:20:02', NULL),
(207, 'ROSA DEL CARMEN RODRIGUEZ VEGA', NULL, '18001', '2017-03-31 20:20:02', NULL),
(208, 'ROSA ELENA LUGO PEDROZA', NULL, '01005', '2017-03-31 20:20:02', NULL),
(209, 'ROSA EVELIA MANCILLAS RODRIGUEZ', NULL, NULL, '2017-03-31 20:20:02', NULL),
(210, 'ROSA MARIA RIVERA RODRIGUEZ', NULL, NULL, '2017-03-31 20:20:02', NULL),
(211, 'ROSALBA GUADALUPE RUBIO PAEZ', NULL, '09001', '2017-03-31 20:20:02', NULL),
(212, 'ROSALINDA BARAJAS CARRILLO', NULL, '15002', '2017-03-31 20:20:02', NULL),
(213, 'ROSARIO CASTRO GUERRERO', NULL, '13006', '2017-03-31 20:20:02', NULL),
(214, 'ROSARIO DE LOURDES ZAZUETA BELTRAN', NULL, '06012', '2017-03-31 20:20:02', NULL),
(215, 'RUBEN MORALES FELIX', NULL, NULL, '2017-03-31 20:20:02', '2017-04-06 21:51:28'),
(216, 'SAHAROULA ORTIZ ZAJOS', NULL, NULL, '2017-03-31 20:20:02', NULL),
(217, 'SANDRA CASTAÑEDA IRIARTE', NULL, NULL, '2017-03-31 20:20:02', NULL),
(218, 'SANDRA MARIA AYALA HAM', NULL, NULL, '2017-03-31 20:20:02', NULL),
(219, 'SARA CARRILLO JACOBO', NULL, NULL, '2017-03-31 20:20:02', NULL),
(220, 'SARA MARGARITA PEREZ PARRA', NULL, NULL, '2017-03-31 20:20:02', NULL),
(221, 'SERGIO GUEVARA CAMARGO', NULL, NULL, '2017-03-31 20:20:02', NULL),
(222, 'SERGIO RAFAEL CABALEIRO RAYGOZA', NULL, '09004', '2017-03-31 20:20:02', NULL),
(223, 'SERGIO SAUL ESCARREGA SANCHEZ', NULL, '06020', '2017-03-31 20:20:02', NULL),
(224, 'SILVIA OLIVIA MENDOZA PADILLA', NULL, NULL, '2017-03-31 20:20:02', NULL),
(225, 'SIMON ALFREDO JACOBO ZAZUETA', NULL, '06026', '2017-03-31 20:20:02', NULL),
(226, 'SINDYRA GPE. HERNANDEZ LIZARRAGA', NULL, '14004', '2017-03-31 20:20:02', NULL),
(227, 'SOFIA GOMEZ CARDENAS', NULL, NULL, '2017-03-31 20:20:02', NULL),
(228, 'SUJEI GARCIA CARDENAS', NULL, NULL, '2017-03-31 20:20:02', NULL),
(229, 'TERESA ISABEL RAMOS TERRAZAS', NULL, NULL, '2017-03-31 20:20:02', NULL),
(230, 'TERESITA DE JESUS CORONA GASTELUM', NULL, NULL, '2017-03-31 20:20:02', NULL),
(231, 'VICTOR HUGO BELTRAN SALCIDO', NULL, NULL, '2017-03-31 20:20:02', NULL),
(232, 'VICTOR MANUEL CHAVEZ LANDEROS', NULL, NULL, '2017-03-31 20:20:02', NULL),
(233, 'VICTOR MANUEL MEZA SOTELO', NULL, NULL, '2017-03-31 20:20:02', NULL),
(234, 'VILLARREAL RAMIREZ MAXIMO', NULL, NULL, '2017-03-31 20:20:02', NULL),
(235, 'WALKIRIA AZARETTE SANCHEZ JUAREZ', NULL, '06008', '2017-03-31 20:20:02', NULL),
(236, 'WILFRIDO LEON LAMAS', NULL, NULL, '2017-03-31 20:20:02', NULL),
(237, 'YENDI ALEJANDRA RUIZ LOPEZ', NULL, '10006', '2017-03-31 20:20:02', NULL),
(238, 'YENNY ZULEIMA BOJORQUEZ ARAMBURO', NULL, NULL, '2017-03-31 20:20:02', NULL),
(239, 'YOLANDA VICTORIA AMARILLAS MORALES', NULL, NULL, '2017-03-31 20:20:02', NULL),
(240, 'YURIVIA LICETH RAMIREZ ESPINOZA', NULL, '17004', '2017-03-31 20:20:02', NULL),
(241, 'ZAIDA LORENA GASPAR CALDERON', NULL, NULL, '2017-03-31 20:20:02', NULL),
(242, 'ZULET YULEMI SANCHEZ RODRIGUEZ', NULL, '14003', '2017-03-31 20:20:02', NULL),
(243, 'ZULEYDA JANETH LOPEZ ALVARADO', NULL, '17002', '2017-03-31 20:20:02', NULL),
(244, 'GOBIERNO DEL ESTADO', NULL, NULL, '2017-03-31 20:20:02', NULL);

-- --------------------------------------------------------

--
-- Estructura de tabla para la tabla `subgrupos`
--

CREATE TABLE `subgrupos` (
  `id` int(11) NOT NULL,
  `subgrupo` varchar(255) COLLATE utf8_unicode_ci NOT NULL,
  `grupo_id` int(11) DEFAULT NULL,
  `created_at` timestamp NULL DEFAULT NULL,
  `updated_at` timestamp NULL DEFAULT NULL
) ENGINE=InnoDB DEFAULT CHARSET=utf8 COLLATE=utf8_unicode_ci;

--
-- Volcado de datos para la tabla `subgrupos`
--

INSERT INTO `subgrupos` (`id`, `subgrupo`, `grupo_id`, `created_at`, `updated_at`) VALUES
(1, 'CPU', 1, '2017-03-31 20:19:48', NULL),
(2, 'COMPUTADORA ESCRITORIO', 1, '2017-03-31 20:19:48', NULL),
(3, 'DETECTOR HUELLA DP', 1, '2017-03-31 20:19:48', NULL),
(4, 'DISPLAY', 1, '2017-03-31 20:19:48', NULL),
(6, 'HUB', 1, '2017-03-31 20:19:48', NULL),
(7, 'IMPRESORA', 1, '2017-03-31 20:19:48', NULL),
(8, 'KIT DE COMUNICACION', 1, '2017-03-31 20:19:48', NULL),
(9, 'KIT DE COMUNICACION INALAMBRICA', 1, '2017-03-31 20:19:48', NULL),
(10, 'COMPUTADORA PORTATIL', 1, '2017-03-31 20:19:48', NULL),
(11, 'MONITOR', 1, '2017-03-31 20:19:48', NULL),
(12, 'MOUSE', 1, '2017-03-31 20:19:48', NULL),
(13, 'NO BREAK', 1, '2017-03-31 20:19:48', NULL),
(14, 'REGULADOR', 1, '2017-03-31 20:19:48', NULL),
(17, 'SCANNER', 1, '2017-03-31 20:19:48', NULL),
(18, 'SERVIDOR', 1, '2017-03-31 20:19:48', NULL),
(20, 'SWITCH', 1, '2017-03-31 20:19:48', NULL),
(21, 'TECLADO', 1, '2017-03-31 20:19:48', NULL),
(22, 'TELEFONO ANALOGICO', 1, '2017-03-31 20:19:48', NULL),
(23, 'TELEFONO IP', 1, '2017-03-31 20:19:48', NULL),
(24, 'ROUTER', 1, '2017-04-05 18:37:36', '2017-04-05 18:37:36'),
(25, 'ELECTRICAS', 3, '2017-04-06 21:07:53', '2017-04-06 21:07:53'),
(26, 'MECANICAS', 3, '2017-04-06 21:08:09', '2017-04-06 21:08:09');

-- --------------------------------------------------------

--
-- Estructura de tabla para la tabla `users`
--

CREATE TABLE `users` (
  `id` int(10) UNSIGNED NOT NULL,
  `nombre` varchar(255) COLLATE utf8_unicode_ci NOT NULL,
  `username` varchar(255) COLLATE utf8_unicode_ci DEFAULT NULL,
  `email` varchar(255) COLLATE utf8_unicode_ci DEFAULT NULL,
  `password` varchar(255) COLLATE utf8_unicode_ci DEFAULT NULL,
  `perfil_id` int(10) UNSIGNED DEFAULT NULL,
  `remember_token` varchar(100) COLLATE utf8_unicode_ci DEFAULT NULL,
  `created_at` timestamp NULL DEFAULT NULL,
  `updated_at` timestamp NULL DEFAULT NULL
) ENGINE=InnoDB DEFAULT CHARSET=utf8 COLLATE=utf8_unicode_ci;

--
-- Volcado de datos para la tabla `users`
--

INSERT INTO `users` (`id`, `nombre`, `username`, `email`, `password`, `perfil_id`, `remember_token`, `created_at`, `updated_at`) VALUES
(1, 'Fidel', 'fidel', 'fidel._27@hotmil.com', '$2y$10$JlGQ3r3IqpiVsZx/4jFJ2eySJcn5hZHkEp5Paz5sZTaQpddFzpBua', NULL, NULL, '2017-03-31 20:22:31', '2017-04-06 18:49:41'),
(9, 'admin', 'admin', NULL, '$2y$10$jOxAPe2zvtDswmu0RIYG0ePVxrYp1tFkc51Uc2h3foYStSfm8VuhC', 1, NULL, NULL, '2017-04-21 19:13:55'),
(10, 'Ruben', 'rubenmbm3', 'ruben.mbm3@hotmail.com', '$2y$10$jOxAPe2zvtDswmu0RIYG0ePVxrYp1tFkc51Uc2h3foYStSfm8VuhC', 1, NULL, '2017-04-07 16:36:19', '2017-04-24 19:49:40'),
(11, 'Yovani', 'yovani', 'geovanni_san@hotmail.com', '$2y$10$5WA0UJoDD7G4sexXEWmeF.DQ6KqZVpbazq7jLQ0/pCdsWeqVhhOze', 1, NULL, '2017-04-21 18:39:43', '2017-04-21 18:42:34');

--
-- Índices para tablas volcadas
--

--
-- Indices de la tabla `admins`
--
ALTER TABLE `admins`
  ADD PRIMARY KEY (`id`),
  ADD UNIQUE KEY `admins_token_unique` (`token`),
  ADD KEY `admins_user_id_foreign` (`user_id`);

--
-- Indices de la tabla `areas`
--
ALTER TABLE `areas`
  ADD UNIQUE KEY `areas_id_unique` (`id`),
  ADD UNIQUE KEY `areas_area_unique` (`area`);

--
-- Indices de la tabla `caracteristicas`
--
ALTER TABLE `caracteristicas`
  ADD UNIQUE KEY `caracteristicas_id_unique` (`id`),
  ADD UNIQUE KEY `caracteristicas_caracteristica_unique` (`caracteristica`);

--
-- Indices de la tabla `evidencias`
--
ALTER TABLE `evidencias`
  ADD PRIMARY KEY (`id`),
  ADD KEY `evidencias_resguardo_id_foreign` (`resguardo_id`);

--
-- Indices de la tabla `grupos`
--
ALTER TABLE `grupos`
  ADD UNIQUE KEY `grupos_id_unique` (`id`),
  ADD UNIQUE KEY `grupos_grupo_unique` (`grupo`);

--
-- Indices de la tabla `inventarios`
--
ALTER TABLE `inventarios`
  ADD PRIMARY KEY (`id`),
  ADD UNIQUE KEY `inventarios_numero_inventario_unique` (`numero_inventario`),
  ADD UNIQUE KEY `inventarios_numero_serie_unique` (`numero_serie`),
  ADD KEY `inventarios_area_id_foreign` (`area_id`),
  ADD KEY `inventarios_modelo_id_foreign` (`modelo_id`),
  ADD KEY `inventarios_oficialia_id_foreign` (`oficialia_id`),
  ADD KEY `inventarios_responsable_id_foreign` (`responsable_id`),
  ADD KEY `inventarios_resguardo_id_foreign` (`resguardo_id`);

--
-- Indices de la tabla `marcas`
--
ALTER TABLE `marcas`
  ADD UNIQUE KEY `marcas_id_unique` (`id`),
  ADD UNIQUE KEY `marcas_marca_unique` (`marca`);

--
-- Indices de la tabla `marca_subgrupo`
--
ALTER TABLE `marca_subgrupo`
  ADD PRIMARY KEY (`id`),
  ADD KEY `marca_subgrupo_marca_id_foreign` (`marca_id`),
  ADD KEY `marca_subgrupo_subgrupo_id_foreign` (`subgrupo_id`);

--
-- Indices de la tabla `migrations`
--
ALTER TABLE `migrations`
  ADD PRIMARY KEY (`id`);

--
-- Indices de la tabla `modelos`
--
ALTER TABLE `modelos`
  ADD UNIQUE KEY `modelos_id_unique` (`id`),
  ADD KEY `modelos_marca_id_foreign` (`marca_id`),
  ADD KEY `modelos_caracteristica_id_foreign` (`caracteristica_id`),
  ADD KEY `modelos_subgrupo_id_foreign` (`subgrupo_id`);

--
-- Indices de la tabla `municipios`
--
ALTER TABLE `municipios`
  ADD UNIQUE KEY `municipios_id_unique` (`id`);

--
-- Indices de la tabla `oficialias`
--
ALTER TABLE `oficialias`
  ADD UNIQUE KEY `oficialias_id_unique` (`id`),
  ADD KEY `oficialias_municipio_id_foreign` (`municipio_id`);

--
-- Indices de la tabla `password_resets`
--
ALTER TABLE `password_resets`
  ADD KEY `password_resets_email_index` (`email`),
  ADD KEY `password_resets_token_index` (`token`);

--
-- Indices de la tabla `perfiles`
--
ALTER TABLE `perfiles`
  ADD PRIMARY KEY (`id`);

--
-- Indices de la tabla `resguardos`
--
ALTER TABLE `resguardos`
  ADD PRIMARY KEY (`id`),
  ADD UNIQUE KEY `resguardos_folio_unique` (`folio`),
  ADD KEY `resguardos_responsable_id_foreign` (`responsable_id`);

--
-- Indices de la tabla `responsables`
--
ALTER TABLE `responsables`
  ADD UNIQUE KEY `responsables_id_unique` (`id`),
  ADD UNIQUE KEY `responsables_responsable_unique` (`responsable`),
  ADD KEY `responsables_usuario_id_foreign` (`usuario_id`),
  ADD KEY `responsables_oficialia_id_foreign` (`oficialia_id`);

--
-- Indices de la tabla `subgrupos`
--
ALTER TABLE `subgrupos`
  ADD UNIQUE KEY `subgrupos_id_unique` (`id`),
  ADD UNIQUE KEY `subgrupos_subgrupo_unique` (`subgrupo`),
  ADD KEY `subgrupos_grupo_id_foreign` (`grupo_id`);

--
-- Indices de la tabla `users`
--
ALTER TABLE `users`
  ADD PRIMARY KEY (`id`),
  ADD UNIQUE KEY `users_username_unique` (`username`),
  ADD UNIQUE KEY `users_email_unique` (`email`),
  ADD KEY `users_perfil_id_foreign` (`perfil_id`);

--
-- AUTO_INCREMENT de las tablas volcadas
--

--
-- AUTO_INCREMENT de la tabla `admins`
--
ALTER TABLE `admins`
  MODIFY `id` int(10) UNSIGNED NOT NULL AUTO_INCREMENT, AUTO_INCREMENT=32;
--
-- AUTO_INCREMENT de la tabla `evidencias`
--
ALTER TABLE `evidencias`
  MODIFY `id` int(10) UNSIGNED NOT NULL AUTO_INCREMENT;
--
-- AUTO_INCREMENT de la tabla `inventarios`
--
ALTER TABLE `inventarios`
  MODIFY `id` int(10) UNSIGNED NOT NULL AUTO_INCREMENT, AUTO_INCREMENT=2038;
--
-- AUTO_INCREMENT de la tabla `marca_subgrupo`
--
ALTER TABLE `marca_subgrupo`
  MODIFY `id` int(10) UNSIGNED NOT NULL AUTO_INCREMENT, AUTO_INCREMENT=73;
--
-- AUTO_INCREMENT de la tabla `migrations`
--
ALTER TABLE `migrations`
  MODIFY `id` int(10) UNSIGNED NOT NULL AUTO_INCREMENT, AUTO_INCREMENT=137;
--
-- AUTO_INCREMENT de la tabla `perfiles`
--
ALTER TABLE `perfiles`
  MODIFY `id` int(10) UNSIGNED NOT NULL AUTO_INCREMENT, AUTO_INCREMENT=2;
--
-- AUTO_INCREMENT de la tabla `resguardos`
--
ALTER TABLE `resguardos`
  MODIFY `id` int(10) UNSIGNED NOT NULL AUTO_INCREMENT;
--
-- AUTO_INCREMENT de la tabla `users`
--
ALTER TABLE `users`
  MODIFY `id` int(10) UNSIGNED NOT NULL AUTO_INCREMENT, AUTO_INCREMENT=12;
--
-- Restricciones para tablas volcadas
--

--
-- Filtros para la tabla `admins`
--
ALTER TABLE `admins`
  ADD CONSTRAINT `admins_user_id_foreign` FOREIGN KEY (`user_id`) REFERENCES `users` (`id`);

--
-- Filtros para la tabla `evidencias`
--
ALTER TABLE `evidencias`
  ADD CONSTRAINT `evidencias_resguardo_id_foreign` FOREIGN KEY (`resguardo_id`) REFERENCES `resguardos` (`id`);

--
-- Filtros para la tabla `inventarios`
--
ALTER TABLE `inventarios`
  ADD CONSTRAINT `inventarios_area_id_foreign` FOREIGN KEY (`area_id`) REFERENCES `areas` (`id`),
  ADD CONSTRAINT `inventarios_modelo_id_foreign` FOREIGN KEY (`modelo_id`) REFERENCES `modelos` (`id`),
  ADD CONSTRAINT `inventarios_oficialia_id_foreign` FOREIGN KEY (`oficialia_id`) REFERENCES `oficialias` (`id`),
  ADD CONSTRAINT `inventarios_resguardo_id_foreign` FOREIGN KEY (`resguardo_id`) REFERENCES `resguardos` (`id`),
  ADD CONSTRAINT `inventarios_responsable_id_foreign` FOREIGN KEY (`responsable_id`) REFERENCES `responsables` (`id`);

--
-- Filtros para la tabla `marca_subgrupo`
--
ALTER TABLE `marca_subgrupo`
  ADD CONSTRAINT `marca_subgrupo_marca_id_foreign` FOREIGN KEY (`marca_id`) REFERENCES `marcas` (`id`),
  ADD CONSTRAINT `marca_subgrupo_subgrupo_id_foreign` FOREIGN KEY (`subgrupo_id`) REFERENCES `subgrupos` (`id`);

--
-- Filtros para la tabla `modelos`
--
ALTER TABLE `modelos`
  ADD CONSTRAINT `modelos_caracteristica_id_foreign` FOREIGN KEY (`caracteristica_id`) REFERENCES `caracteristicas` (`id`),
  ADD CONSTRAINT `modelos_marca_id_foreign` FOREIGN KEY (`marca_id`) REFERENCES `marcas` (`id`),
  ADD CONSTRAINT `modelos_subgrupo_id_foreign` FOREIGN KEY (`subgrupo_id`) REFERENCES `subgrupos` (`id`);

--
-- Filtros para la tabla `oficialias`
--
ALTER TABLE `oficialias`
  ADD CONSTRAINT `oficialias_municipio_id_foreign` FOREIGN KEY (`municipio_id`) REFERENCES `municipios` (`id`);

--
-- Filtros para la tabla `resguardos`
--
ALTER TABLE `resguardos`
  ADD CONSTRAINT `resguardos_responsable_id_foreign` FOREIGN KEY (`responsable_id`) REFERENCES `responsables` (`id`);

--
-- Filtros para la tabla `responsables`
--
ALTER TABLE `responsables`
  ADD CONSTRAINT `responsables_oficialia_id_foreign` FOREIGN KEY (`oficialia_id`) REFERENCES `oficialias` (`id`),
  ADD CONSTRAINT `responsables_usuario_id_foreign` FOREIGN KEY (`usuario_id`) REFERENCES `users` (`id`);

--
-- Filtros para la tabla `subgrupos`
--
ALTER TABLE `subgrupos`
  ADD CONSTRAINT `subgrupos_grupo_id_foreign` FOREIGN KEY (`grupo_id`) REFERENCES `grupos` (`id`);

--
-- Filtros para la tabla `users`
--
ALTER TABLE `users`
  ADD CONSTRAINT `users_perfil_id_foreign` FOREIGN KEY (`perfil_id`) REFERENCES `perfiles` (`id`);

/*!40101 SET CHARACTER_SET_CLIENT=@OLD_CHARACTER_SET_CLIENT */;
/*!40101 SET CHARACTER_SET_RESULTS=@OLD_CHARACTER_SET_RESULTS */;
/*!40101 SET COLLATION_CONNECTION=@OLD_COLLATION_CONNECTION */;
